Set parameter WLSAccessID
Set parameter WLSSecret
Set parameter LicenseID to value 2669763
Academic license 2669763 - for non-commercial use only - registered to bg___@id.uff.br
jobs=964 types=29  time_budget=3600.0s  per_solve_time_limit=200.0s  n_seed_retries=3  checkpoint=pareto_runs/fedhpc_10min_map_checkpoint.json
pareto-map: resumed from checkpoint — 26 points, 22 box(es) open, 63 prior solves
Set parameter OutputFlag to value 1
Set parameter TimeLimit to value 200
Gurobi Optimizer version 13.0.1 build v13.0.1rc0 (linux64 - "CachyOS")

CPU model: 13th Gen Intel(R) Core(TM) i9-13900, instruction set [SSE2|AVX|AVX2]
Thread count: 32 physical cores, 32 logical processors, using up to 32 threads

Non-default parameters:
TimeLimit  200
IntFeasTol  1e-09
MIPGap  1e-09

Academic license 2669763 - for non-commercial use only - registered to bg___@id.uff.br
Optimize a model with 9376 rows, 7653711 columns and 35608192 nonzeros (Min)
Model fingerprint: 0x9d56790f
Model has 7645330 linear objective coefficients
Variable types: 0 continuous, 7653711 integer (7645330 binary)
Coefficient statistics:
  Matrix range     [1e-02, 1e+02]
  Objective range  [1e+00, 3e+02]
  Bounds range     [1e+00, 1e+00]
  RHS range        [1e+00, 1e+09]

Presolve removed 52 rows and 20749 columns (presolve time = 5s)...
Presolve removed 137 rows and 20834 columns (presolve time = 10s)...
Presolve removed 137 rows and 25190 columns (presolve time = 15s)...
Presolve removed 137 rows and 25190 columns (presolve time = 20s)...
Presolve removed 137 rows and 25190 columns (presolve time = 25s)...
Presolve removed 137 rows and 25190 columns (presolve time = 30s)...
Presolve removed 137 rows and 25190 columns (presolve time = 36s)...
Presolve removed 137 rows and 25190 columns
Presolve time: 36.61s
Presolved: 9239 rows, 7628521 columns, 29190794 nonzeros
Variable types: 0 continuous, 7628521 integer (7620278 binary)
Deterministic concurrent LP optimizer: primal simplex, dual simplex, and barrier
Showing barrier log only...

Root barrier log...

Ordering time: 0.52s

Barrier statistics:
 AA' NZ     : 8.220e+06
 Factor NZ  : 4.087e+07 (roughly 3.4 GB of memory)
 Factor Ops : 2.440e+11 (less than 1 second per iteration)
 Threads    : 30

                  Objective                Residual
Iter       Primal          Dual         Primal    Dual     Compl     Time
   0   1.82392411e+13 -8.86848228e+09  2.36e+10 0.00e+00  1.50e+06    75s
   1   8.54877983e+12 -7.57182769e+09  1.16e+10 9.47e+01  7.44e+05    77s
   2   1.75551627e+12 -2.91028846e+09  2.52e+09 6.37e-11  1.67e+05    79s

Barrier performed 2 iterations in 78.74 seconds (169.55 work units)
Barrier solve interrupted - model solved by another algorithm

Concurrent spin time: 0.93s (can be avoided by choosing Method=3)

Solved with dual simplex

Root simplex log...

Iteration    Objective       Primal Inf.    Dual Inf.      Time
   13185    1.1200424e+04   0.000000e+00   0.000000e+00     79s

Root relaxation: objective 1.120042e+04, 13185 iterations, 16.42 seconds (20.05 work units)

    Nodes    |    Current Node    |     Objective Bounds      |     Work
 Expl Unexpl |  Obj  Depth IntInf | Incumbent    BestBd   Gap | It/Node Time

     0     0 11200.4236    0   16          - 11200.4236      -     -   80s
H    0     0                    11203.040000 11200.4236  0.02%     -   94s
H    0     0                    11201.040000 11200.4236  0.01%     -   97s
     0     0 11200.4423    0   18 11201.0400 11200.4423  0.01%     -  112s
     0     0 11200.4423    0    6 11201.0400 11200.4423  0.01%     -  117s
     0     0 11200.5681    0    5 11201.0400 11200.5681  0.00%     -  117s
     0     0 11200.6468    0   12 11201.0400 11200.6468  0.00%     -  117s
     0     0 11200.7420    0    7 11201.0400 11200.7420  0.00%     -  117s
     0     0 11200.7602    0   16 11201.0400 11200.7602  0.00%     -  117s
     0     0 11200.7900    0   13 11201.0400 11200.7900  0.00%     -  117s
     0     0 11200.7900    0   13 11201.0400 11200.7900  0.00%     -  117s
     0     0 11200.7900    0   11 11201.0400 11200.7900  0.00%     -  117s
     0     0 11200.7900    0    6 11201.0400 11200.7900  0.00%     -  117s
     0     0 11200.7900    0    9 11201.0400 11200.7900  0.00%     -  117s
     0     0 11200.7900    0   11 11201.0400 11200.7900  0.00%     -  117s
     0     0 11200.7900    0   12 11201.0400 11200.7900  0.00%     -  117s
     0     0 11200.8339    0   17 11201.0400 11200.8339  0.00%     -  117s
     0     0     cutoff    0      11201.0400 11201.0400  0.00%     -  117s

Cutting planes:
  Gomory: 2
  Cover: 1
  MIR: 2

Explored 1 nodes (13885 simplex iterations) in 118.35 seconds (196.97 work units)
Thread count was 32 (of 32 available processors)

Solution count 5: 11201 11201 11202 ... 11203

Optimal solution found (tolerance 1.00e-09)
Best objective 1.120103999976e+04, best bound 1.120103999976e+04, gap 0.0000%
Set parameter Seed to value 0
Gurobi Optimizer version 13.0.1 build v13.0.1rc0 (linux64 - "CachyOS")

CPU model: 13th Gen Intel(R) Core(TM) i9-13900, instruction set [SSE2|AVX|AVX2]
Thread count: 32 physical cores, 32 logical processors, using up to 32 threads

Non-default parameters:
TimeLimit  200
IntFeasTol  1e-09
MIPGap  1e-09

Academic license 2669763 - for non-commercial use only - registered to bg___@id.uff.br
Optimize a model with 9377 rows, 7653711 columns and 43253522 nonzeros (Min)
Model fingerprint: 0xfff0fa3b
Model has 6327720 linear objective coefficients
Variable types: 0 continuous, 7653711 integer (7645330 binary)
Coefficient statistics:
  Matrix range     [1e-02, 3e+02]
  Objective range  [1e-02, 1e+02]
  Bounds range     [1e+00, 1e+00]
  RHS range        [1e+00, 1e+09]

Loaded MIP start from previous solve with objective 339.903

Presolve removed 52 rows and 20749 columns (presolve time = 5s)...
Presolve removed 6696 rows and 6250792 columns (presolve time = 10s)...
Presolve removed 6696 rows and 6250792 columns
Presolve time: 10.12s
Presolved: 2681 rows, 1402919 columns, 6752504 nonzeros
Variable types: 0 continuous, 1402919 integer (1401235 binary)
Performing another presolve...
Presolve removed 0 rows and 472 columns (presolve time = 5s)...
Presolve removed 0 rows and 472 columns (presolve time = 10s)...
Presolve removed 0 rows and 472 columns
Presolve time: 10.51s
Deterministic concurrent LP optimizer: primal simplex, dual simplex, and barrier
Showing barrier log only...

Root barrier log...

Ordering time: 0.06s

Barrier statistics:
 AA' NZ     : 1.503e+06
 Factor NZ  : 3.208e+06 (roughly 600 MB of memory)
 Factor Ops : 5.159e+09 (less than 1 second per iteration)
 Threads    : 30

                  Objective                Residual
Iter       Primal          Dual         Primal    Dual     Compl     Time
   0   7.91032070e+08 -1.23951851e+07  2.65e+08 0.00e+00  6.20e+02    25s
   1   3.56962884e+08 -8.38718838e+06  1.20e+08 2.37e+00  2.82e+02    25s
   2   1.98153485e+08 -7.44241586e+06  6.75e+07 2.87e+00  1.61e+02    25s
   3   4.55515066e+07 -2.93066065e+06  1.62e+07 1.09e+00  4.08e+01    26s
   4   1.69680318e+07 -2.15075385e+06  6.07e+06 8.65e-01  1.58e+01    26s
   5   5.22506812e+06 -1.49798343e+06  1.90e+06 6.01e-01  5.23e+00    26s
   6   3.60500469e+06 -1.26787472e+06  1.31e+06 5.24e-01  3.73e+00    26s

Barrier performed 6 iterations in 26.28 seconds (61.76 work units)
Barrier solve interrupted - model solved by another algorithm

Concurrent spin time: 0.89s (can be avoided by choosing Method=3)

Solved with primal simplex

Root simplex log...

Iteration    Objective       Primal Inf.    Dual Inf.      Time
   14268    3.3968324e+02   0.000000e+00   0.000000e+00     26s

Root relaxation: objective 3.396832e+02, 14268 iterations, 4.24 seconds (4.78 work units)
Total elapsed time = 26.34s (DegenMoves)

    Nodes    |    Current Node    |     Objective Bounds      |     Work
 Expl Unexpl |  Obj  Depth IntInf | Incumbent    BestBd   Gap | It/Node Time

     0     0  339.68324    0   16  339.90312  339.68324  0.06%     -   26s
H    0     0                     339.8944972  339.68324  0.06%     -   27s
H    0     0                     339.8861750  339.68324  0.06%     -   27s
H    0     0                     339.8840944  339.68324  0.06%     -   27s
H    0     0                     339.7125972  339.68324  0.01%     -   28s
     0     0  339.68739    0   21  339.71260  339.68739  0.01%     -   31s
     0     0     cutoff    0       339.71260  339.71260  0.00%     -   32s

Explored 1 nodes (14417 simplex iterations) in 32.36 seconds (66.33 work units)
Thread count was 32 (of 32 available processors)

Solution count 6: 339.713 339.713 339.884 ... 339.903

Optimal solution found (tolerance 1.00e-09)
Best objective 3.397125972069e+02, best bound 3.397125972069e+02, gap 0.0000%
pareto-map: box [11189.0400,11213.0400] (f2, f2<=339.9)  → new point f1=11201.0400 f2=339.713
Set parameter OutputFlag to value 1
Set parameter TimeLimit to value 200
Gurobi Optimizer version 13.0.1 build v13.0.1rc0 (linux64 - "CachyOS")

CPU model: 13th Gen Intel(R) Core(TM) i9-13900, instruction set [SSE2|AVX|AVX2]
Thread count: 32 physical cores, 32 logical processors, using up to 32 threads

Non-default parameters:
TimeLimit  200
IntFeasTol  1e-09
MIPGap  1e-09

Academic license 2669763 - for non-commercial use only - registered to bg___@id.uff.br
Optimize a model with 9376 rows, 7653711 columns and 36925802 nonzeros (Min)
Model fingerprint: 0x150dd873
Model has 6327720 linear objective coefficients
Variable types: 0 continuous, 7653711 integer (7645330 binary)
Coefficient statistics:
  Matrix range     [1e-02, 3e+02]
  Objective range  [1e-02, 1e+02]
  Bounds range     [1e+00, 1e+00]
  RHS range        [1e+00, 1e+09]

Presolve removed 52 rows and 20758 columns (presolve time = 5s)...
Presolve removed 137 rows and 20843 columns (presolve time = 10s)...
Presolve removed 137 rows and 29835 columns (presolve time = 15s)...
Presolve removed 137 rows and 29835 columns (presolve time = 20s)...
Presolve removed 137 rows and 29835 columns (presolve time = 25s)...
Presolve removed 137 rows and 29835 columns (presolve time = 30s)...
Presolve removed 137 rows and 29835 columns
Presolve time: 33.12s
Presolved: 9239 rows, 7623876 columns, 30455992 nonzeros
Variable types: 0 continuous, 7623876 integer (7615633 binary)
Found heuristic solution: objective 361.9629500
Deterministic concurrent LP optimizer: primal simplex, dual simplex, and barrier
Showing barrier log only...

Root barrier log...

Ordering time: 0.44s

Barrier statistics:
 AA' NZ     : 8.221e+06
 Factor NZ  : 4.087e+07 (roughly 3.4 GB of memory)
 Factor Ops : 2.440e+11 (less than 1 second per iteration)
 Threads    : 30

                  Objective                Residual
Iter       Primal          Dual         Primal    Dual     Compl     Time
   0   9.93499791e+10 -4.82897103e+08  6.93e+10 0.00e+00  2.98e+04    60s
   1   5.36364084e+10 -3.59863245e+08  3.74e+10 1.80e+00  1.62e+04    62s
   2   3.66845097e+10 -3.05641099e+08  2.56e+10 8.62e-01  1.12e+04    64s
   3   5.29570498e+09 -1.11348356e+08  3.71e+09 1.10e-01  1.67e+03    66s
   4   2.22798136e+09 -5.90394112e+07  1.56e+09 3.28e-02  7.09e+02    68s

Barrier performed 4 iterations in 67.88 seconds (178.05 work units)
Barrier solve interrupted - model solved by another algorithm

Concurrent spin time: 2.00s (can be avoided by choosing Method=3)

Solved with primal simplex

Root simplex log...

Iteration    Objective       Primal Inf.    Dual Inf.      Time
   53159    9.6273628e+01   0.000000e+00   0.000000e+00     68s

Root relaxation: objective 9.627363e+01, 53159 iterations, 17.55 seconds (24.43 work units)

    Nodes    |    Current Node    |     Objective Bounds      |     Work
 Expl Unexpl |  Obj  Depth IntInf | Incumbent    BestBd   Gap | It/Node Time

     0     0   96.27363    0   10  361.96295   96.27363  73.4%     -   70s
H    0     0                      96.3948945   96.27363  0.13%     -   72s
H    0     0                      96.3559584   96.27363  0.09%     -   74s
H    0     0                      96.3520945   96.27363  0.08%     -   75s
H    0     0                      96.3283167   96.27363  0.06%     -   75s
H    0     0                      96.3223722   96.27363  0.05%     -   76s
H    0     0                      96.3173195   96.27363  0.05%     -   82s
H    0     0                      96.3143472   96.27363  0.04%     -   83s
     0     0   96.27363    0  151   96.31435   96.27363  0.04%     -   94s
     0     0   96.27363    0    2   96.31435   96.27363  0.04%     -   99s
     0     0   96.28195    0   25   96.31435   96.28195  0.03%     -  100s
     0     0   96.28195    0   38   96.31435   96.28195  0.03%     -  100s
H    0     0                      96.3134556   96.28195  0.03%     -  100s
H    0     0                      96.2959195   96.28195  0.01%     -  100s
H    0     0                      96.2926500   96.28195  0.01%     -  100s
H    0     0                      96.2875972   96.28195  0.01%     -  100s
     0     0   96.28195    0   40   96.28760   96.28195  0.01%     -  100s
     0     0   96.28195    0   36   96.28760   96.28195  0.01%     -  100s
     0     0   96.28195    0    4   96.28760   96.28195  0.01%     -  101s

Cutting planes:
  Gomory: 1

Explored 1 nodes (66832 simplex iterations) in 101.56 seconds (209.80 work units)
Thread count was 32 (of 32 available processors)

Solution count 10: 96.2876 96.2927 96.2959 ... 96.356

Optimal solution found (tolerance 1.00e-09)
Best objective 9.628759724107e+01, best bound 9.628759724107e+01, gap 0.0000%
Set parameter Seed to value 0
Gurobi Optimizer version 13.0.1 build v13.0.1rc0 (linux64 - "CachyOS")

CPU model: 13th Gen Intel(R) Core(TM) i9-13900, instruction set [SSE2|AVX|AVX2]
Thread count: 32 physical cores, 32 logical processors, using up to 32 threads

Non-default parameters:
TimeLimit  200
IntFeasTol  1e-09
MIPGap  1e-09

Academic license 2669763 - for non-commercial use only - registered to bg___@id.uff.br
Optimize a model with 9377 rows, 7653711 columns and 43253522 nonzeros (Min)
Model fingerprint: 0xb0472a84
Model has 7645330 linear objective coefficients
Variable types: 0 continuous, 7653711 integer (7645330 binary)
Coefficient statistics:
  Matrix range     [1e-02, 3e+02]
  Objective range  [1e+00, 3e+02]
  Bounds range     [1e+00, 1e+00]
  RHS range        [1e+00, 1e+09]

Loaded MIP start from previous solve with objective 13674

Presolve removed 52 rows and 27009 columns (presolve time = 5s)...
Presolve removed 137 rows and 27094 columns (presolve time = 10s)...
Presolve removed 137 rows and 27862 columns (presolve time = 15s)...
Presolve removed 137 rows and 27862 columns (presolve time = 20s)...
Presolve removed 137 rows and 27862 columns (presolve time = 26s)...
Presolve removed 137 rows and 27862 columns (presolve time = 30s)...
Presolve removed 137 rows and 27862 columns (presolve time = 35s)...
Presolve removed 137 rows and 27862 columns (presolve time = 45s)...
Presolve removed 137 rows and 27862 columns (presolve time = 50s)...
Presolve removed 137 rows and 27862 columns (presolve time = 56s)...
Presolve removed 137 rows and 27862 columns (presolve time = 63s)...
Presolve removed 137 rows and 27862 columns (presolve time = 65s)...
Presolve removed 137 rows and 27862 columns
Presolve time: 65.91s
Presolved: 9240 rows, 7625849 columns, 36766021 nonzeros
Variable types: 0 continuous, 7625849 integer (7617606 binary)
Deterministic concurrent LP optimizer: primal simplex, dual simplex, and barrier
Showing barrier log only...

Root barrier log...

Ordering time: 0.48s

Barrier statistics:
 AA' NZ     : 8.218e+06
 Factor NZ  : 4.088e+07 (roughly 3.4 GB of memory)
 Factor Ops : 2.441e+11 (less than 1 second per iteration)
 Threads    : 30

                  Objective                Residual
Iter       Primal          Dual         Primal    Dual     Compl     Time
   0   1.26607696e+12 -1.64735244e+09  6.76e+10 0.00e+00  1.26e+05    83s
   1   6.47151422e+11 -1.06336404e+09  3.46e+10 3.82e+00  6.45e+04    85s

Barrier performed 1 iterations in 84.69 seconds (1138.12 work units)
Barrier solve interrupted - model solved by another algorithm

Concurrent spin time: 1.56s (can be avoided by choosing Method=3)

Solved with dual simplex

Root simplex log...

Iteration    Objective       Primal Inf.    Dual Inf.      Time
   12933    1.3673808e+04   0.000000e+00   0.000000e+00     86s

Root relaxation: objective 1.367381e+04, 12933 iterations, 17.80 seconds (28.68 work units)

    Nodes    |    Current Node    |     Objective Bounds      |     Work
 Expl Unexpl |  Obj  Depth IntInf | Incumbent    BestBd   Gap | It/Node Time

     0     0 13673.8080    0   10 13674.0400 13673.8080  0.00%     -   88s
     0     0 13673.8205    0   23 13674.0400 13673.8205  0.00%     -  108s
     0     0 13673.8205    0    6 13674.0400 13673.8205  0.00%     -  114s
     0     0 13673.8205    0   27 13674.0400 13673.8205  0.00%     -  114s
     0     0 13673.8205    0   27 13674.0400 13673.8205  0.00%     -  114s
     0     0 13673.8239    0   32 13674.0400 13673.8239  0.00%     -  114s
     0     0 13673.8255    0   34 13674.0400 13673.8255  0.00%     -  114s
     0     0 13673.8257    0   32 13674.0400 13673.8257  0.00%     -  114s
     0     0 13673.8268    0   32 13674.0400 13673.8268  0.00%     -  114s
     0     0 13673.8268    0   41 13674.0400 13673.8268  0.00%     -  114s
     0     0 13673.8270    0   45 13674.0400 13673.8270  0.00%     -  114s
     0     0 13673.8288    0   39 13674.0400 13673.8288  0.00%     -  114s
     0     0 13673.8288    0   39 13674.0400 13673.8288  0.00%     -  114s
     0     0 13673.8320    0   39 13674.0400 13673.8320  0.00%     -  114s
     0     0 13673.8328    0   39 13674.0400 13673.8328  0.00%     -  114s
     0     0 13673.8328    0   19 13674.0400 13673.8328  0.00%     -  114s
     0     2 13673.8369    0   17 13674.0400 13673.8369  0.00%     -  114s

Cutting planes:
  Cover: 15
  MIR: 3
  StrongCG: 4
  Inf proof: 1

Explored 237 nodes (21945 simplex iterations) in 115.02 seconds (1166.56 work units)
Thread count was 32 (of 32 available processors)

Solution count 2: 13674 13674 

Optimal solution found (tolerance 1.00e-09)
Best objective 1.367403999976e+04, best bound 1.367403999976e+04, gap 0.0000%
pareto-map: box [13611.0400,13737.0400] (f1, f1<=13674)  → new point f1=13674.0400 f2=96.2876
Set parameter OutputFlag to value 1
Set parameter TimeLimit to value 200
Gurobi Optimizer version 13.0.1 build v13.0.1rc0 (linux64 - "CachyOS")

CPU model: 13th Gen Intel(R) Core(TM) i9-13900, instruction set [SSE2|AVX|AVX2]
Thread count: 32 physical cores, 32 logical processors, using up to 32 threads

Non-default parameters:
TimeLimit  200
IntFeasTol  1e-09
MIPGap  1e-09

Academic license 2669763 - for non-commercial use only - registered to bg___@id.uff.br
Optimize a model with 9376 rows, 7653711 columns and 35608192 nonzeros (Min)
Model fingerprint: 0xc624c7d8
Model has 7645330 linear objective coefficients
Variable types: 0 continuous, 7653711 integer (7645330 binary)
Coefficient statistics:
  Matrix range     [1e-02, 1e+02]
  Objective range  [1e+00, 3e+02]
  Bounds range     [1e+00, 1e+00]
  RHS range        [1e+00, 1e+09]

Presolve removed 52 rows and 20749 columns (presolve time = 5s)...
Presolve removed 137 rows and 20834 columns (presolve time = 10s)...
Presolve removed 137 rows and 25190 columns (presolve time = 15s)...
Presolve removed 137 rows and 25190 columns (presolve time = 20s)...
Presolve removed 137 rows and 25190 columns (presolve time = 25s)...
Presolve removed 137 rows and 25190 columns (presolve time = 30s)...
Presolve removed 137 rows and 25190 columns (presolve time = 35s)...
Presolve removed 137 rows and 25190 columns
Presolve time: 35.46s
Presolved: 9239 rows, 7628521 columns, 29190794 nonzeros
Variable types: 0 continuous, 7628521 integer (7620278 binary)
Deterministic concurrent LP optimizer: primal simplex, dual simplex, and barrier
Showing barrier log only...

Root barrier log...

Ordering time: 0.37s

Barrier statistics:
 AA' NZ     : 8.220e+06
 Factor NZ  : 4.087e+07 (roughly 3.4 GB of memory)
 Factor Ops : 2.440e+11 (less than 1 second per iteration)
 Threads    : 30

                  Objective                Residual
Iter       Primal          Dual         Primal    Dual     Compl     Time
   0   1.82392419e+13 -8.86848228e+09  2.36e+10 0.00e+00  1.50e+06    72s
   1   8.54818485e+12 -7.57154024e+09  1.16e+10 9.47e+01  7.44e+05    74s
   2   1.75535102e+12 -2.90998668e+09  2.52e+09 8.09e-11  1.67e+05    76s

Barrier performed 2 iterations in 75.98 seconds (169.06 work units)
Barrier solve interrupted - model solved by another algorithm

Concurrent spin time: 2.19s (can be avoided by choosing Method=3)

Solved with dual simplex

Root simplex log...

Iteration    Objective       Primal Inf.    Dual Inf.      Time
   11802    1.1314816e+04   0.000000e+00   0.000000e+00     76s

Root relaxation: objective 1.131482e+04, 11802 iterations, 14.96 seconds (19.08 work units)

    Nodes    |    Current Node    |     Objective Bounds      |     Work
 Expl Unexpl |  Obj  Depth IntInf | Incumbent    BestBd   Gap | It/Node Time

     0     0 11314.8163    0   12          - 11314.8163      -     -   78s
H    0     0                    11316.040000 11314.8163  0.01%     -   91s
H    0     0                    11315.040000 11314.8163  0.00%     -   94s
     0     0 11314.8198    0   12 11315.0400 11314.8198  0.00%     -  108s
     0     0 11314.8198    0    6 11315.0400 11314.8198  0.00%     -  113s
     0     0 11314.8198    0    3 11315.0400 11314.8198  0.00%     -  113s
     0     0 11314.8234    0    8 11315.0400 11314.8234  0.00%     -  113s
     0     0 11314.8239    0    9 11315.0400 11314.8239  0.00%     -  113s
     0     0 11314.8283    0   12 11315.0400 11314.8283  0.00%     -  113s

Cutting planes:
  Lift-and-project: 1
  Cover: 1
  MIR: 2

Explored 1 nodes (12135 simplex iterations) in 113.33 seconds (193.59 work units)
Thread count was 32 (of 32 available processors)

Solution count 4: 11315 11315 11316 11316 

Optimal solution found (tolerance 1.00e-09)
Best objective 1.131503999976e+04, best bound 1.131503999976e+04, gap 0.0000%
Set parameter Seed to value 0
Gurobi Optimizer version 13.0.1 build v13.0.1rc0 (linux64 - "CachyOS")

CPU model: 13th Gen Intel(R) Core(TM) i9-13900, instruction set [SSE2|AVX|AVX2]
Thread count: 32 physical cores, 32 logical processors, using up to 32 threads

Non-default parameters:
TimeLimit  200
IntFeasTol  1e-09
MIPGap  1e-09

Academic license 2669763 - for non-commercial use only - registered to bg___@id.uff.br
Optimize a model with 9377 rows, 7653711 columns and 43253522 nonzeros (Min)
Model fingerprint: 0x861f0171
Model has 6327720 linear objective coefficients
Variable types: 0 continuous, 7653711 integer (7645330 binary)
Coefficient statistics:
  Matrix range     [1e-02, 3e+02]
  Objective range  [1e-02, 1e+02]
  Bounds range     [1e+00, 1e+00]
  RHS range        [1e+00, 1e+09]

Loaded MIP start from previous solve with objective 305.203

Presolve removed 52 rows and 20749 columns (presolve time = 5s)...
Presolve removed 3390 rows and 3069052 columns (presolve time = 10s)...
Presolve removed 3390 rows and 3069445 columns (presolve time = 15s)...
Presolve removed 3390 rows and 3069527 columns (presolve time = 20s)...
Presolve removed 3390 rows and 3069527 columns (presolve time = 31s)...
Presolve removed 3390 rows and 3069527 columns (presolve time = 35s)...
Presolve removed 3390 rows and 3069527 columns
Presolve time: 35.22s
Presolved: 5987 rows, 4584184 columns, 22102175 nonzeros
Variable types: 0 continuous, 4584184 integer (4579194 binary)
Deterministic concurrent LP optimizer: primal simplex, dual simplex, and barrier
Showing barrier log only...

Root barrier log...

Ordering time: 0.22s

Barrier statistics:
 AA' NZ     : 4.834e+06
 Factor NZ  : 1.611e+07 (roughly 2.0 GB of memory)
 Factor Ops : 5.964e+10 (less than 1 second per iteration)
 Threads    : 30

                  Objective                Residual
Iter       Primal          Dual         Primal    Dual     Compl     Time
   0   4.31784795e+10 -9.48294889e+07  2.69e+10 4.44e-16  1.31e+04    44s
   1   3.13623347e+10 -8.29669872e+07  1.96e+10 1.83e+00  9.55e+03    45s
   2   2.33994845e+10 -7.35817931e+07  1.46e+10 1.59e+00  7.09e+03    46s
   3   9.73538067e+09 -3.76077546e+07  6.09e+09 8.53e-14  3.09e+03    47s

Barrier performed 3 iterations in 46.79 seconds (143.08 work units)
Barrier solve interrupted - model solved by another algorithm

Concurrent spin time: 1.42s (can be avoided by choosing Method=3)

Solved with primal simplex

Root simplex log...

Iteration    Objective       Primal Inf.    Dual Inf.      Time
   15532    3.0520210e+02   0.000000e+00   0.000000e+00     47s

Root relaxation: objective 3.052021e+02, 15532 iterations, 9.89 seconds (14.71 work units)

    Nodes    |    Current Node    |     Objective Bounds      |     Work
 Expl Unexpl |  Obj  Depth IntInf | Incumbent    BestBd   Gap | It/Node Time

     0     0 infeasible    0       305.20331  305.20331  0.00%     -   48s

Explored 1 nodes (15659 simplex iterations) in 48.83 seconds (145.23 work units)
Thread count was 32 (of 32 available processors)

Solution count 1: 305.203 

Optimal solution found (tolerance 1.00e-09)
Best objective 3.052033138985e+02, best bound 3.052033138985e+02, gap 0.0000%
pareto-map: box [11298.0400,11332.0400] (f2, f2<=305.3)  → new point f1=11315.0400 f2=305.203
Set parameter OutputFlag to value 1
Set parameter TimeLimit to value 200
Gurobi Optimizer version 13.0.1 build v13.0.1rc0 (linux64 - "CachyOS")

CPU model: 13th Gen Intel(R) Core(TM) i9-13900, instruction set [SSE2|AVX|AVX2]
Thread count: 32 physical cores, 32 logical processors, using up to 32 threads

Non-default parameters:
TimeLimit  200
IntFeasTol  1e-09
MIPGap  1e-09

Academic license 2669763 - for non-commercial use only - registered to bg___@id.uff.br
Optimize a model with 9376 rows, 7653711 columns and 36925802 nonzeros (Min)
Model fingerprint: 0x621eb312
Model has 6327720 linear objective coefficients
Variable types: 0 continuous, 7653711 integer (7645330 binary)
Coefficient statistics:
  Matrix range     [1e-02, 3e+02]
  Objective range  [1e-02, 1e+02]
  Bounds range     [1e+00, 1e+00]
  RHS range        [1e+00, 1e+09]

Presolve removed 52 rows and 20758 columns (presolve time = 5s)...
Presolve removed 137 rows and 20929 columns (presolve time = 10s)...
Presolve removed 137 rows and 29835 columns (presolve time = 15s)...
Presolve removed 137 rows and 29835 columns (presolve time = 20s)...
Presolve removed 137 rows and 29835 columns (presolve time = 25s)...
Presolve removed 137 rows and 29835 columns (presolve time = 30s)...
Presolve removed 137 rows and 29835 columns
Presolve time: 32.87s
Presolved: 9239 rows, 7623876 columns, 30455992 nonzeros
Variable types: 0 continuous, 7623876 integer (7615633 binary)
Found heuristic solution: objective 361.9629500
Deterministic concurrent LP optimizer: primal simplex, dual simplex, and barrier
Showing barrier log only...

Root barrier log...

Ordering time: 0.57s

Barrier statistics:
 AA' NZ     : 8.221e+06
 Factor NZ  : 4.087e+07 (roughly 3.4 GB of memory)
 Factor Ops : 2.440e+11 (less than 1 second per iteration)
 Threads    : 30

                  Objective                Residual
Iter       Primal          Dual         Primal    Dual     Compl     Time
   0   9.93499805e+10 -4.82897104e+08  6.93e+10 0.00e+00  2.98e+04    60s
   1   5.36330181e+10 -3.59842986e+08  3.74e+10 1.80e+00  1.62e+04    62s
   2   3.66857066e+10 -3.05614956e+08  2.56e+10 8.63e-01  1.12e+04    64s
   3   5.29474183e+09 -1.11335013e+08  3.71e+09 1.11e-01  1.67e+03    66s
   4   2.22718575e+09 -5.90421222e+07  1.56e+09 3.30e-02  7.09e+02    68s

Barrier performed 4 iterations in 68.23 seconds (178.07 work units)
Barrier solve interrupted - model solved by another algorithm

Concurrent spin time: 3.19s (can be avoided by choosing Method=3)

Solved with primal simplex

Root simplex log...

Iteration    Objective       Primal Inf.    Dual Inf.      Time
   48021    1.2790696e+02   0.000000e+00   0.000000e+00     68s

Root relaxation: objective 1.279070e+02, 48021 iterations, 18.07 seconds (24.02 work units)

    Nodes    |    Current Node    |     Objective Bounds      |     Work
 Expl Unexpl |  Obj  Depth IntInf | Incumbent    BestBd   Gap | It/Node Time

     0     0  127.90696    0   10  361.96295  127.90696  64.7%     -   70s
H    0     0                     128.5516639  127.90696  0.50%     -   77s
H    0     0                     128.0330111  127.90696  0.10%     -   78s
H    0     0                     127.9340361  127.90696  0.02%     -   78s
H    0     0                     127.9206611  127.90696  0.01%     -   79s
H    0     0                     127.9147167  127.90696  0.01%     -   79s
     0     0  127.90696    0   23  127.91472  127.90696  0.01%     -   94s
     0     0  127.90696    0    4  127.91472  127.90696  0.01%     -   99s
     0     0  127.90943    0   23  127.91472  127.90943  0.00%     -   99s
H    0     0                     127.9129333  127.90943  0.00%     -   99s
     0     0  127.90949    0   30  127.91293  127.90949  0.00%     -   99s
     0     0  127.90949    0   30  127.91293  127.90949  0.00%     -   99s
     0     0  127.90949    0   39  127.91293  127.90949  0.00%     -   99s
     0     0  127.90949    0   42  127.91293  127.90949  0.00%     -   99s
     0     0  127.90966    0   42  127.91293  127.90966  0.00%     -   99s
     0     0  127.90966    0   21  127.91293  127.90966  0.00%     -   99s
H    0     0                     127.9123389  127.90966  0.00%     -  100s
H    0     0                     127.9102583  127.90966  0.00%     -  100s
     0     2  127.90966    0   17  127.91026  127.90966  0.00%     -  100s

Cutting planes:
  Gomory: 2
  MIR: 1

Explored 16 nodes (59850 simplex iterations) in 100.52 seconds (205.03 work units)
Thread count was 32 (of 32 available processors)

Solution count 10: 127.91 127.912 127.913 ... 361.963

Optimal solution found (tolerance 1.00e-09)
Best objective 1.279102583418e+02, best bound 1.279102583418e+02, gap 0.0000%
Set parameter Seed to value 0
Gurobi Optimizer version 13.0.1 build v13.0.1rc0 (linux64 - "CachyOS")

CPU model: 13th Gen Intel(R) Core(TM) i9-13900, instruction set [SSE2|AVX|AVX2]
Thread count: 32 physical cores, 32 logical processors, using up to 32 threads

Non-default parameters:
TimeLimit  200
IntFeasTol  1e-09
MIPGap  1e-09

Academic license 2669763 - for non-commercial use only - registered to bg___@id.uff.br
Optimize a model with 9377 rows, 7653711 columns and 43253522 nonzeros (Min)
Model fingerprint: 0x224f498c
Model has 7645330 linear objective coefficients
Variable types: 0 continuous, 7653711 integer (7645330 binary)
Coefficient statistics:
  Matrix range     [1e-02, 3e+02]
  Objective range  [1e+00, 3e+02]
  Bounds range     [1e+00, 1e+00]
  RHS range        [1e+00, 1e+09]

Loaded MIP start from previous solve with objective 13168

Presolve removed 52 rows and 20749 columns (presolve time = 5s)...
Presolve removed 137 rows and 20834 columns (presolve time = 10s)...
Presolve removed 137 rows and 21602 columns (presolve time = 16s)...
Presolve removed 137 rows and 21602 columns (presolve time = 20s)...
Presolve removed 137 rows and 21602 columns (presolve time = 25s)...
Presolve removed 137 rows and 21602 columns (presolve time = 30s)...
Presolve removed 137 rows and 21602 columns (presolve time = 42s)...
Presolve removed 137 rows and 21602 columns
Presolve time: 43.68s
Presolved: 9240 rows, 7632109 columns, 36797292 nonzeros
Variable types: 0 continuous, 7632109 integer (7623866 binary)
Deterministic concurrent LP optimizer: primal simplex, dual simplex, and barrier
Showing barrier log only...

Root barrier log...

Ordering time: 0.60s

Barrier statistics:
 AA' NZ     : 8.229e+06
 Factor NZ  : 4.088e+07 (roughly 3.4 GB of memory)
 Factor Ops : 2.441e+11 (less than 1 second per iteration)
 Threads    : 30

                  Objective                Residual
Iter       Primal          Dual         Primal    Dual     Compl     Time
   0   1.26576832e+12 -1.64797826e+09  6.76e+10 0.00e+00  1.26e+05    60s
   1   6.03701517e+11 -1.05255542e+09  3.22e+10 3.84e+00  6.02e+04    62s

Barrier performed 1 iterations in 61.70 seconds (397.08 work units)
Barrier solve interrupted - model solved by another algorithm

Concurrent spin time: 1.84s (can be avoided by choosing Method=3)

Solved with dual simplex

Root simplex log...

Iteration    Objective       Primal Inf.    Dual Inf.      Time
   10035    1.3167987e+04   0.000000e+00   0.000000e+00     63s

Root relaxation: objective 1.316799e+04, 10035 iterations, 17.09 seconds (28.28 work units)

    Nodes    |    Current Node    |     Objective Bounds      |     Work
 Expl Unexpl |  Obj  Depth IntInf | Incumbent    BestBd   Gap | It/Node Time

     0     0 13167.9873    0   24 13168.0400 13167.9873  0.00%     -   65s
     0     0 13167.9974    0   37 13168.0400 13167.9974  0.00%     -   81s
     0     0 13167.9974    0    7 13168.0400 13167.9974  0.00%     -   87s
     0     0 13168.0013    0   33 13168.0400 13168.0013  0.00%     -   87s
     0     0 13168.0104    0   33 13168.0400 13168.0104  0.00%     -   87s
     0     0 13168.0164    0   27 13168.0400 13168.0164  0.00%     -   87s
     0     0 13168.0179    0   37 13168.0400 13168.0179  0.00%     -   87s
     0     0 13168.0181    0   41 13168.0400 13168.0181  0.00%     -   87s
     0     0 13168.0287    0   40 13168.0400 13168.0287  0.00%     -   87s
     0     0 13168.0315    0   30 13168.0400 13168.0315  0.00%     -   87s
     0     0 13168.0316    0   34 13168.0400 13168.0316  0.00%     -   87s
     0     0     cutoff    0      13168.0400 13168.0400  0.00%     -   87s

Cutting planes:
  Cover: 2
  MIR: 5
  StrongCG: 1

Explored 1 nodes (18783 simplex iterations) in 87.52 seconds (420.46 work units)
Thread count was 32 (of 32 available processors)

Solution count 1: 13168 

Optimal solution found (tolerance 1.00e-09)
Best objective 1.316803999976e+04, best bound 1.316803999976e+04, gap 0.0000%
pareto-map: box [13105.0400,13231.0400] (f1, f1<=13168)  → new point f1=13168.0400 f2=127.91
Set parameter OutputFlag to value 1
Set parameter TimeLimit to value 200
Gurobi Optimizer version 13.0.1 build v13.0.1rc0 (linux64 - "CachyOS")

CPU model: 13th Gen Intel(R) Core(TM) i9-13900, instruction set [SSE2|AVX|AVX2]
Thread count: 32 physical cores, 32 logical processors, using up to 32 threads

Non-default parameters:
TimeLimit  200
IntFeasTol  1e-09
MIPGap  1e-09

Academic license 2669763 - for non-commercial use only - registered to bg___@id.uff.br
Optimize a model with 9376 rows, 7653711 columns and 35608192 nonzeros (Min)
Model fingerprint: 0x4881a394
Model has 7645330 linear objective coefficients
Variable types: 0 continuous, 7653711 integer (7645330 binary)
Coefficient statistics:
  Matrix range     [1e-02, 1e+02]
  Objective range  [1e+00, 3e+02]
  Bounds range     [1e+00, 1e+00]
  RHS range        [1e+00, 1e+09]

Presolve removed 52 rows and 20749 columns (presolve time = 5s)...
Presolve removed 137 rows and 20834 columns (presolve time = 10s)...
Presolve removed 137 rows and 25190 columns (presolve time = 15s)...
Presolve removed 137 rows and 25190 columns (presolve time = 20s)...
Presolve removed 137 rows and 25190 columns (presolve time = 25s)...
Presolve removed 137 rows and 25190 columns (presolve time = 30s)...
Presolve removed 137 rows and 25190 columns
Presolve time: 33.87s
Presolved: 9239 rows, 7628521 columns, 29190794 nonzeros
Variable types: 0 continuous, 7628521 integer (7620278 binary)
Deterministic concurrent LP optimizer: primal simplex, dual simplex, and barrier
Showing barrier log only...

Root barrier log...

Ordering time: 0.38s

Barrier statistics:
 AA' NZ     : 8.220e+06
 Factor NZ  : 4.087e+07 (roughly 3.4 GB of memory)
 Factor Ops : 2.440e+11 (less than 1 second per iteration)
 Threads    : 30

                  Objective                Residual
Iter       Primal          Dual         Primal    Dual     Compl     Time
   0   1.82392417e+13 -8.86848228e+09  2.36e+10 0.00e+00  1.50e+06    70s
   1   8.54754427e+12 -7.57129210e+09  1.16e+10 9.47e+01  7.44e+05    72s
   2   1.75518220e+12 -2.90967808e+09  2.52e+09 7.02e-11  1.67e+05    73s

Barrier performed 2 iterations in 73.48 seconds (169.25 work units)
Barrier solve interrupted - model solved by another algorithm

Concurrent spin time: 2.71s (can be avoided by choosing Method=3)

Solved with dual simplex

Root simplex log...

Iteration    Objective       Primal Inf.    Dual Inf.      Time
   13137    1.1282026e+04   0.000000e+00   0.000000e+00     74s

Root relaxation: objective 1.128203e+04, 13137 iterations, 14.83 seconds (19.04 work units)

    Nodes    |    Current Node    |     Objective Bounds      |     Work
 Expl Unexpl |  Obj  Depth IntInf | Incumbent    BestBd   Gap | It/Node Time

     0     0 11282.0256    0   16          - 11282.0256      -     -   75s
H    0     0                    11285.040000 11282.0256  0.03%     -   89s
H    0     0                    11283.040000 11282.0256  0.01%     -   92s
     0     0 11282.0529    0   25 11283.0400 11282.0529  0.01%     -  107s
     0     0 11282.0529    0    8 11283.0400 11282.0529  0.01%     -  112s
     0     0 11282.0585    0    8 11283.0400 11282.0585  0.01%     -  112s
     0     0 11282.1130    0   15 11283.0400 11282.1130  0.01%     -  112s
     0     0 11282.1141    0   21 11283.0400 11282.1141  0.01%     -  112s
     0     0 11282.1266    0   17 11283.0400 11282.1266  0.01%     -  112s
     0     0 11282.1339    0   21 11283.0400 11282.1339  0.01%     -  112s
     0     0 11282.1410    0   24 11283.0400 11282.1410  0.01%     -  112s
     0     0 11282.1425    0   24 11283.0400 11282.1425  0.01%     -  112s
     0     0 11282.1425    0   24 11283.0400 11282.1425  0.01%     -  112s
     0     0 11282.1425    0   20 11283.0400 11282.1425  0.01%     -  112s
     0     0 11282.1425    0    8 11283.0400 11282.1425  0.01%     -  112s
     0     0 11282.1425    0    8 11283.0400 11282.1425  0.01%     -  112s
     0     0 11282.1425    0   16 11283.0400 11282.1425  0.01%     -  112s
     0     0 11282.1425    0   18 11283.0400 11282.1425  0.01%     -  112s
     0     0 11282.1425    0   22 11283.0400 11282.1425  0.01%     -  112s
     0     0 11282.1425    0   26 11283.0400 11282.1425  0.01%     -  112s
     0     0 11282.1615    0   22 11283.0400 11282.1615  0.01%     -  112s
     0     0 11282.1672    0   18 11283.0400 11282.1672  0.01%     -  112s
     0     0 11282.1683    0   20 11283.0400 11282.1683  0.01%     -  112s
     0     0 11282.1776    0   28 11283.0400 11282.1776  0.01%     -  112s
     0     0 11282.1776    0   26 11283.0400 11282.1776  0.01%     -  112s
     0     0 11282.1777    0   26 11283.0400 11282.1777  0.01%     -  112s
     0     0 11282.1777    0   26 11283.0400 11282.1777  0.01%     -  112s
     0     2 11282.1777    0   26 11283.0400 11282.1777  0.01%     -  112s

Cutting planes:
  Gomory: 2
  Lift-and-project: 3
  MIR: 12
  StrongCG: 9
  GUB cover: 3
  Inf proof: 17

Explored 14918 nodes (57683 simplex iterations) in 114.46 seconds (197.46 work units)
Thread count was 32 (of 32 available processors)

Solution count 5: 11283 11285 11285 ... 11285

Optimal solution found (tolerance 1.00e-09)
Best objective 1.128303999976e+04, best bound 1.128303999976e+04, gap 0.0000%
Set parameter Seed to value 0
Gurobi Optimizer version 13.0.1 build v13.0.1rc0 (linux64 - "CachyOS")

CPU model: 13th Gen Intel(R) Core(TM) i9-13900, instruction set [SSE2|AVX|AVX2]
Thread count: 32 physical cores, 32 logical processors, using up to 32 threads

Non-default parameters:
TimeLimit  200
IntFeasTol  1e-09
MIPGap  1e-09

Academic license 2669763 - for non-commercial use only - registered to bg___@id.uff.br
Optimize a model with 9377 rows, 7653711 columns and 43253522 nonzeros (Min)
Model fingerprint: 0xb2011632
Model has 6327720 linear objective coefficients
Variable types: 0 continuous, 7653711 integer (7645330 binary)
Coefficient statistics:
  Matrix range     [1e-02, 3e+02]
  Objective range  [1e-02, 1e+02]
  Bounds range     [1e+00, 1e+00]
  RHS range        [1e+00, 1e+09]

Loaded MIP start from previous solve with objective 313.727

Presolve removed 52 rows and 20749 columns (presolve time = 5s)...
Presolve removed 4318 rows and 3962172 columns (presolve time = 10s)...
Presolve removed 4318 rows and 3962243 columns (presolve time = 15s)...
Presolve removed 4321 rows and 3962657 columns (presolve time = 20s)...
Presolve removed 4321 rows and 3962657 columns (presolve time = 25s)...
Presolve removed 4321 rows and 3962657 columns (presolve time = 38s)...
Presolve removed 4321 rows and 3962657 columns
Presolve time: 38.77s
Presolved: 5056 rows, 3691054 columns, 17793050 nonzeros
Variable types: 0 continuous, 3691054 integer (3686995 binary)
Deterministic concurrent LP optimizer: primal simplex, dual simplex, and barrier
Showing barrier log only...

Root barrier log...

Ordering time: 0.14s

Barrier statistics:
 AA' NZ     : 3.897e+06
 Factor NZ  : 1.150e+07 (roughly 1.6 GB of memory)
 Factor Ops : 3.598e+10 (less than 1 second per iteration)
 Threads    : 30

                  Objective                Residual
Iter       Primal          Dual         Primal    Dual     Compl     Time
   0   2.86864218e+10 -6.59535937e+07  1.61e+10 4.44e-16  1.02e+04    45s
   1   1.33882577e+10 -4.70194609e+07  7.50e+09 1.25e+00  4.70e+03    46s
   2   4.20146186e+09 -4.38467278e+07  2.36e+09 1.18e+00  1.52e+03    47s
   3   1.53439323e+09 -9.40940899e+06  8.63e+08 6.24e-02  5.53e+02    48s
   4   1.50978608e+08 -5.44613220e+06  8.58e+07 3.04e-02  5.57e+01    48s
   5   6.29374054e+07 -4.77165437e+06  3.61e+07 2.58e-02  2.38e+01    49s

Barrier performed 5 iterations in 48.77 seconds (143.12 work units)
Barrier solve interrupted - model solved by another algorithm

Concurrent spin time: 1.64s (can be avoided by choosing Method=3)

Solved with primal simplex

Root simplex log...

Iteration    Objective       Primal Inf.    Dual Inf.      Time
   28187    3.1367769e+02   0.000000e+00   0.000000e+00     49s

Root relaxation: objective 3.136777e+02, 28187 iterations, 8.59 seconds (12.68 work units)

    Nodes    |    Current Node    |     Objective Bounds      |     Work
 Expl Unexpl |  Obj  Depth IntInf | Incumbent    BestBd   Gap | It/Node Time

     0     0  313.67769    0   16  313.72735  313.67769  0.02%     -   50s
H    0     0                     313.7059500  313.67769  0.01%     -   51s
     0     0  313.68025    0   18  313.70595  313.68025  0.01%     -   57s
H    0     0                     313.6806861  313.68025  0.00%     -   60s

Explored 1 nodes (28309 simplex iterations) in 60.75 seconds (153.46 work units)
Thread count was 32 (of 32 available processors)

Solution count 3: 313.681 313.706 313.727 

Optimal solution found (tolerance 1.00e-09)
Best objective 3.136806861103e+02, best bound 3.136806861103e+02, gap 0.0000%
pareto-map: box [11267.0400,11298.0400] (f2, f2<=314)  → new point f1=11283.0400 f2=313.681
Set parameter OutputFlag to value 1
Set parameter TimeLimit to value 200
Gurobi Optimizer version 13.0.1 build v13.0.1rc0 (linux64 - "CachyOS")

CPU model: 13th Gen Intel(R) Core(TM) i9-13900, instruction set [SSE2|AVX|AVX2]
Thread count: 32 physical cores, 32 logical processors, using up to 32 threads

Non-default parameters:
TimeLimit  200
IntFeasTol  1e-09
MIPGap  1e-09

Academic license 2669763 - for non-commercial use only - registered to bg___@id.uff.br
Optimize a model with 9376 rows, 7653711 columns and 36925802 nonzeros (Min)
Model fingerprint: 0x12a8a75d
Model has 6327720 linear objective coefficients
Variable types: 0 continuous, 7653711 integer (7645330 binary)
Coefficient statistics:
  Matrix range     [1e-02, 3e+02]
  Objective range  [1e-02, 1e+02]
  Bounds range     [1e+00, 1e+00]
  RHS range        [1e+00, 1e+09]

Presolve removed 52 rows and 20758 columns (presolve time = 5s)...
Presolve removed 137 rows and 20843 columns (presolve time = 10s)...
Presolve removed 137 rows and 29835 columns (presolve time = 16s)...
Presolve removed 137 rows and 29835 columns (presolve time = 20s)...
Presolve removed 137 rows and 29835 columns (presolve time = 26s)...
Presolve removed 137 rows and 29835 columns (presolve time = 30s)...
Presolve removed 137 rows and 29835 columns (presolve time = 35s)...
Presolve removed 137 rows and 29835 columns
Presolve time: 36.69s
Presolved: 9239 rows, 7623876 columns, 30455992 nonzeros
Variable types: 0 continuous, 7623876 integer (7615633 binary)
Found heuristic solution: objective 361.9629500
Deterministic concurrent LP optimizer: primal simplex, dual simplex, and barrier
Showing barrier log only...

Root barrier log...

Ordering time: 0.39s

Barrier statistics:
 AA' NZ     : 8.221e+06
 Factor NZ  : 4.087e+07 (roughly 3.4 GB of memory)
 Factor Ops : 2.440e+11 (less than 1 second per iteration)
 Threads    : 30

                  Objective                Residual
Iter       Primal          Dual         Primal    Dual     Compl     Time
   0   9.93499812e+10 -4.82897104e+08  6.93e+10 0.00e+00  2.98e+04    66s
   1   5.36343560e+10 -3.59851092e+08  3.74e+10 1.80e+00  1.62e+04    67s
   2   3.66851835e+10 -3.05625151e+08  2.56e+10 8.63e-01  1.12e+04    69s
   3   5.29513060e+09 -1.11340216e+08  3.71e+09 1.10e-01  1.67e+03    72s
   4   2.22750789e+09 -5.90409601e+07  1.56e+09 3.29e-02  7.09e+02    73s

Barrier performed 4 iterations in 73.49 seconds (177.92 work units)
Barrier solve interrupted - model solved by another algorithm

Concurrent spin time: 2.33s (can be avoided by choosing Method=3)

Solved with primal simplex

Root simplex log...

Iteration    Objective       Primal Inf.    Dual Inf.      Time
   56680    1.4434078e+02   0.000000e+00   0.000000e+00     74s

Root relaxation: objective 1.443408e+02, 56680 iterations, 18.26 seconds (24.52 work units)

    Nodes    |    Current Node    |     Objective Bounds      |     Work
 Expl Unexpl |  Obj  Depth IntInf | Incumbent    BestBd   Gap | It/Node Time

     0     0  144.34078    0   12  361.96295  144.34078  60.1%     -   75s
H    0     0                     144.8031806  144.34078  0.32%     -   82s
H    0     0                     144.3662639  144.34078  0.02%     -   83s
H    0     0                     144.3624000  144.34078  0.01%     -   84s
H    0     0                     144.3537806  144.34078  0.01%     -   85s
     0     0  144.34078    0   42  144.35378  144.34078  0.01%     -  100s
     0     0  144.34078    0    9  144.35378  144.34078  0.01%     -  105s
H    0     0                     144.3528889  144.34078  0.01%     -  106s
H    0     0                     144.3439722  144.34078  0.00%     -  106s
     0     0     cutoff    0       144.34397  144.34397  0.00%     -  106s

Cutting planes:
  Gomory: 2
  Cover: 1
  GUB cover: 1

Explored 1 nodes (61218 simplex iterations) in 106.51 seconds (205.37 work units)
Thread count was 32 (of 32 available processors)

Solution count 7: 144.344 144.353 144.354 ... 361.963

Optimal solution found (tolerance 1.00e-09)
Best objective 1.443439722384e+02, best bound 1.443439722384e+02, gap 0.0000%
Set parameter Seed to value 0
Gurobi Optimizer version 13.0.1 build v13.0.1rc0 (linux64 - "CachyOS")

CPU model: 13th Gen Intel(R) Core(TM) i9-13900, instruction set [SSE2|AVX|AVX2]
Thread count: 32 physical cores, 32 logical processors, using up to 32 threads

Non-default parameters:
TimeLimit  200
IntFeasTol  1e-09
MIPGap  1e-09

Academic license 2669763 - for non-commercial use only - registered to bg___@id.uff.br
Optimize a model with 9377 rows, 7653711 columns and 43253522 nonzeros (Min)
Model fingerprint: 0x39e0ac9d
Model has 7645330 linear objective coefficients
Variable types: 0 continuous, 7653711 integer (7645330 binary)
Coefficient statistics:
  Matrix range     [1e-02, 3e+02]
  Objective range  [1e+00, 3e+02]
  Bounds range     [1e+00, 1e+00]
  RHS range        [1e+00, 1e+09]

Loaded MIP start from previous solve with objective 12916

Presolve removed 52 rows and 20749 columns (presolve time = 5s)...
Presolve removed 137 rows and 20834 columns (presolve time = 10s)...
Presolve removed 137 rows and 21602 columns (presolve time = 15s)...
Presolve removed 137 rows and 21602 columns (presolve time = 21s)...
Presolve removed 137 rows and 21602 columns (presolve time = 25s)...
Presolve removed 137 rows and 21602 columns (presolve time = 30s)...
Presolve removed 137 rows and 21602 columns (presolve time = 35s)...
Presolve removed 137 rows and 21602 columns
Presolve time: 39.02s
Presolved: 9240 rows, 7632109 columns, 36797292 nonzeros
Variable types: 0 continuous, 7632109 integer (7623866 binary)
Deterministic concurrent LP optimizer: primal simplex, dual simplex, and barrier
Showing barrier log only...

Root barrier log...

Ordering time: 0.36s

Barrier statistics:
 AA' NZ     : 8.229e+06
 Factor NZ  : 4.088e+07 (roughly 3.4 GB of memory)
 Factor Ops : 2.441e+11 (less than 1 second per iteration)
 Threads    : 30

                  Objective                Residual
Iter       Primal          Dual         Primal    Dual     Compl     Time
   0   1.26576825e+12 -1.64797826e+09  6.76e+10 0.00e+00  1.26e+05    54s
   1   6.20465793e+11 -1.06328654e+09  3.31e+10 3.83e+00  6.18e+04    55s

Barrier performed 1 iterations in 55.21 seconds (265.75 work units)
Barrier solve interrupted - model solved by another algorithm

Concurrent spin time: 1.02s (can be avoided by choosing Method=3)

Solved with dual simplex

Root simplex log...

Iteration    Objective       Primal Inf.    Dual Inf.      Time
   11358    1.2915990e+04   0.000000e+00   0.000000e+00     57s

Root relaxation: objective 1.291599e+04, 11358 iterations, 15.36 seconds (28.29 work units)

    Nodes    |    Current Node    |     Objective Bounds      |     Work
 Expl Unexpl |  Obj  Depth IntInf | Incumbent    BestBd   Gap | It/Node Time

     0     0 12915.9901    0   10 12916.0400 12915.9901  0.00%     -   58s
     0     0 12915.9987    0  166 12916.0400 12915.9987  0.00%     -   75s
     0     0 12915.9987    0    4 12916.0400 12915.9987  0.00%     -   80s
     0     0 12915.9989    0   23 12916.0400 12915.9989  0.00%     -   80s
     0     0 12916.0029    0   19 12916.0400 12916.0029  0.00%     -   80s
     0     0 12916.0240    0   25 12916.0400 12916.0240  0.00%     -   81s
     0     0 12916.0268    0   29 12916.0400 12916.0268  0.00%     -   81s
     0     0 12916.0271    0   31 12916.0400 12916.0271  0.00%     -   81s
     0     0 12916.0283    0   37 12916.0400 12916.0283  0.00%     -   81s
     0     0 12916.0332    0   37 12916.0400 12916.0332  0.00%     -   81s
     0     0 12916.0335    0   35 12916.0400 12916.0335  0.00%     -   81s
     0     0 12916.0350    0   43 12916.0400 12916.0350  0.00%     -   81s
     0     0     cutoff    0      12916.0400 12916.0400  0.00%     -   81s

Cutting planes:
  Cover: 1
  MIR: 3
  StrongCG: 4

Explored 1 nodes (16284 simplex iterations) in 81.30 seconds (289.47 work units)
Thread count was 32 (of 32 available processors)

Solution count 1: 12916 

Optimal solution found (tolerance 1.00e-09)
Best objective 1.291603999976e+04, best bound 1.291603999976e+04, gap 0.0000%
pareto-map: box [12853.0400,12979.0400] (f1, f1<=12916)  → new point f1=12916.0400 f2=144.344
Set parameter OutputFlag to value 1
Set parameter TimeLimit to value 200
Gurobi Optimizer version 13.0.1 build v13.0.1rc0 (linux64 - "CachyOS")

CPU model: 13th Gen Intel(R) Core(TM) i9-13900, instruction set [SSE2|AVX|AVX2]
Thread count: 32 physical cores, 32 logical processors, using up to 32 threads

Non-default parameters:
TimeLimit  200
IntFeasTol  1e-09
MIPGap  1e-09

Academic license 2669763 - for non-commercial use only - registered to bg___@id.uff.br
Optimize a model with 9376 rows, 7653711 columns and 35608192 nonzeros (Min)
Model fingerprint: 0x3c7bd421
Model has 7645330 linear objective coefficients
Variable types: 0 continuous, 7653711 integer (7645330 binary)
Coefficient statistics:
  Matrix range     [1e-02, 1e+02]
  Objective range  [1e+00, 3e+02]
  Bounds range     [1e+00, 1e+00]
  RHS range        [1e+00, 1e+09]

Presolve removed 137 rows and 20834 columns (presolve time = 6s)...
Presolve removed 137 rows and 20834 columns (presolve time = 10s)...
Presolve removed 137 rows and 25190 columns (presolve time = 15s)...
Presolve removed 137 rows and 25190 columns (presolve time = 20s)...
Presolve removed 137 rows and 25190 columns (presolve time = 25s)...
Presolve removed 137 rows and 25190 columns (presolve time = 30s)...
Presolve removed 137 rows and 25190 columns
Presolve time: 30.24s
Presolved: 9239 rows, 7628521 columns, 29190794 nonzeros
Variable types: 0 continuous, 7628521 integer (7620278 binary)
Deterministic concurrent LP optimizer: primal simplex, dual simplex, and barrier
Showing barrier log only...

Root barrier log...

Ordering time: 0.36s

Barrier statistics:
 AA' NZ     : 8.220e+06
 Factor NZ  : 4.087e+07 (roughly 3.4 GB of memory)
 Factor Ops : 2.440e+11 (less than 1 second per iteration)
 Threads    : 30

                  Objective                Residual
Iter       Primal          Dual         Primal    Dual     Compl     Time
   0   1.82392409e+13 -8.86848228e+09  2.36e+10 0.00e+00  1.50e+06    63s
   1   8.54941075e+12 -7.57207391e+09  1.16e+10 9.47e+01  7.44e+05    65s
   2   1.75568957e+12 -2.91055363e+09  2.52e+09 6.93e-11  1.67e+05    67s

Barrier performed 2 iterations in 66.72 seconds (169.14 work units)
Barrier solve interrupted - model solved by another algorithm

Concurrent spin time: 1.19s (can be avoided by choosing Method=3)

Solved with dual simplex

Root simplex log...

Iteration    Objective       Primal Inf.    Dual Inf.      Time
   13568    1.1178357e+04   0.000000e+00   0.000000e+00     67s

Root relaxation: objective 1.117836e+04, 13568 iterations, 14.03 seconds (20.16 work units)

    Nodes    |    Current Node    |     Objective Bounds      |     Work
 Expl Unexpl |  Obj  Depth IntInf | Incumbent    BestBd   Gap | It/Node Time

     0     0 11178.3568    0   16          - 11178.3568      -     -   68s
H    0     0                    11180.040000 11178.3568  0.02%     -   82s
H    0     0                    11179.040000 11178.3568  0.01%     -   84s
     0     0 11178.3973    0   23 11179.0400 11178.3973  0.01%     -   98s
     0     0 11178.3973    0    8 11179.0400 11178.3973  0.01%     -  103s
     0     0     cutoff    0      11179.0400 11179.0400  0.00%     -  103s

Cutting planes:
  Gomory: 1
  MIR: 3
  StrongCG: 1
  RLT: 1

Explored 1 nodes (13887 simplex iterations) in 103.65 seconds (197.08 work units)
Thread count was 32 (of 32 available processors)

Solution count 4: 11179 11179 11180 11180 

Optimal solution found (tolerance 1.00e-09)
Best objective 1.117903999976e+04, best bound 1.117903999976e+04, gap 0.0000%
Set parameter Seed to value 0
Gurobi Optimizer version 13.0.1 build v13.0.1rc0 (linux64 - "CachyOS")

CPU model: 13th Gen Intel(R) Core(TM) i9-13900, instruction set [SSE2|AVX|AVX2]
Thread count: 32 physical cores, 32 logical processors, using up to 32 threads

Non-default parameters:
TimeLimit  200
IntFeasTol  1e-09
MIPGap  1e-09

Academic license 2669763 - for non-commercial use only - registered to bg___@id.uff.br
Optimize a model with 9377 rows, 7653711 columns and 43253522 nonzeros (Min)
Model fingerprint: 0xd476ffc6
Model has 6327720 linear objective coefficients
Variable types: 0 continuous, 7653711 integer (7645330 binary)
Coefficient statistics:
  Matrix range     [1e-02, 3e+02]
  Objective range  [1e-02, 1e+02]
  Bounds range     [1e+00, 1e+00]
  RHS range        [1e+00, 1e+09]

Loaded MIP start from previous solve with objective 348.406

Presolve removed 52 rows and 20749 columns (presolve time = 5s)...
Presolve removed 7334 rows and 6864812 columns
Presolve time: 9.49s
Presolved: 2043 rows, 788899 columns, 3790028 nonzeros
Variable types: 0 continuous, 788899 integer (787853 binary)
Performing another presolve...
Presolve removed 24 rows and 3963 columns (presolve time = 5s)...
Presolve removed 24 rows and 3983 columns
Presolve time: 9.10s
Deterministic concurrent LP optimizer: primal simplex, dual simplex, and barrier
Showing barrier log only...

Root barrier log...

Ordering time: 0.03s

Barrier statistics:
 AA' NZ     : 8.605e+05
 Factor NZ  : 1.784e+06 (roughly 300 MB of memory)
 Factor Ops : 2.040e+09 (less than 1 second per iteration)
 Threads    : 30

                  Objective                Residual
Iter       Primal          Dual         Primal    Dual     Compl     Time
   0   1.46960184e+08 -4.43545613e+06  3.83e+07 0.00e+00  1.89e+02    21s
   1   4.88552801e+07 -1.18230402e+06  1.27e+07 1.21e+00  6.31e+01    21s
   2   2.88545596e+07 -1.01844202e+06  7.61e+06 1.24e+00  3.78e+01    21s
   3   1.03499986e+07 -9.32928049e+05  2.81e+06 1.14e+00  1.42e+01    21s
   4   2.58459848e+06 -6.51047971e+05  7.60e+05 8.26e-01  4.00e+00    21s
   5   1.14679386e+06 -4.51539309e+05  3.47e+05 5.89e-01  1.93e+00    21s
   6   2.70565208e+05 -1.44116696e+05  8.48e+04 1.66e-01  5.07e-01    21s

Barrier performed 6 iterations in 21.39 seconds (64.33 work units)
Barrier solve interrupted - model solved by another algorithm

Concurrent spin time: 0.35s (can be avoided by choosing Method=3)

Solved with dual simplex

Root simplex log...

Iteration    Objective       Primal Inf.    Dual Inf.      Time
   12018    3.4835816e+02   0.000000e+00   0.000000e+00     21s

Root relaxation: objective 3.483582e+02, 12018 iterations, 1.92 seconds (2.65 work units)
Total elapsed time = 21.42s (DegenMoves)

    Nodes    |    Current Node    |     Objective Bounds      |     Work
 Expl Unexpl |  Obj  Depth IntInf | Incumbent    BestBd   Gap | It/Node Time

     0     0  348.35816    0   18  348.40575  348.35816  0.01%     -   21s
     0     0  348.36828    0   23  348.40575  348.36828  0.01%     -   23s
*    0     0               0     348.3974305  348.39743  0.00%     -   24s

Explored 1 nodes (12341 simplex iterations) in 25.15 seconds (67.09 work units)
Thread count was 32 (of 32 available processors)

Solution count 3: 348.397 348.406 348.406 

Optimal solution found (tolerance 1.00e-09)
Best objective 3.483974305480e+02, best bound 3.483974305480e+02, gap 0.0000%
pareto-map: box [11168.0400,11189.0400] (f2, f2<=348.6)  → new point f1=11179.0400 f2=348.397
Set parameter OutputFlag to value 1
Set parameter TimeLimit to value 200
Gurobi Optimizer version 13.0.1 build v13.0.1rc0 (linux64 - "CachyOS")

CPU model: 13th Gen Intel(R) Core(TM) i9-13900, instruction set [SSE2|AVX|AVX2]
Thread count: 32 physical cores, 32 logical processors, using up to 32 threads

Non-default parameters:
TimeLimit  200
IntFeasTol  1e-09
MIPGap  1e-09

Academic license 2669763 - for non-commercial use only - registered to bg___@id.uff.br
Optimize a model with 9376 rows, 7653711 columns and 36925802 nonzeros (Min)
Model fingerprint: 0x0d0eff5c
Model has 6327720 linear objective coefficients
Variable types: 0 continuous, 7653711 integer (7645330 binary)
Coefficient statistics:
  Matrix range     [1e-02, 3e+02]
  Objective range  [1e-02, 1e+02]
  Bounds range     [1e+00, 1e+00]
  RHS range        [1e+00, 1e+09]

Presolve removed 52 rows and 20758 columns (presolve time = 5s)...
Presolve removed 137 rows and 20843 columns (presolve time = 10s)...
Presolve removed 137 rows and 29835 columns (presolve time = 15s)...
Presolve removed 137 rows and 29835 columns (presolve time = 20s)...
Presolve removed 137 rows and 29835 columns (presolve time = 25s)...
Presolve removed 137 rows and 29835 columns (presolve time = 30s)...
Presolve removed 137 rows and 29835 columns
Presolve time: 33.63s
Presolved: 9239 rows, 7623876 columns, 30455992 nonzeros
Variable types: 0 continuous, 7623876 integer (7615633 binary)
Found heuristic solution: objective 361.9629500
Deterministic concurrent LP optimizer: primal simplex, dual simplex, and barrier
Showing barrier log only...

Root barrier log...

Ordering time: 0.38s

Barrier statistics:
 AA' NZ     : 8.221e+06
 Factor NZ  : 4.087e+07 (roughly 3.4 GB of memory)
 Factor Ops : 2.440e+11 (less than 1 second per iteration)
 Threads    : 30

                  Objective                Residual
Iter       Primal          Dual         Primal    Dual     Compl     Time
   0   9.93499808e+10 -4.82897104e+08  6.93e+10 0.00e+00  2.98e+04    66s
   1   5.36326510e+10 -3.59840717e+08  3.74e+10 1.80e+00  1.62e+04    68s
   2   3.66858265e+10 -3.05612079e+08  2.56e+10 8.63e-01  1.12e+04    70s
   3   5.29461763e+09 -1.11333607e+08  3.71e+09 1.11e-01  1.67e+03    72s
   4   2.22709213e+09 -5.90425686e+07  1.56e+09 3.30e-02  7.09e+02    74s

Barrier performed 4 iterations in 74.01 seconds (177.96 work units)
Barrier solve interrupted - model solved by another algorithm

Concurrent spin time: 2.45s (can be avoided by choosing Method=3)

Solved with primal simplex

Root simplex log...

Iteration    Objective       Primal Inf.    Dual Inf.      Time
   41121    1.3607693e+02   0.000000e+00   0.000000e+00     74s

Root relaxation: objective 1.360769e+02, 41121 iterations, 17.69 seconds (24.40 work units)

    Nodes    |    Current Node    |     Objective Bounds      |     Work
 Expl Unexpl |  Obj  Depth IntInf | Incumbent    BestBd   Gap | It/Node Time

     0     0  136.07693    0   13  361.96295  136.07693  62.4%     -   76s
H    0     0                     136.4687722  136.07693  0.29%     -   82s
H    0     0                     136.2518000  136.07693  0.13%     -   83s
H    0     0                     136.1873028  136.07693  0.08%     -   84s
H    0     0                     136.1608500  136.07693  0.06%     -   87s
H    0     0                     136.1474750  136.07693  0.05%     -   89s
H    0     0                     136.0966500  136.07693  0.01%     -   89s
H    0     0                     136.0883278  136.07693  0.01%     -   90s
     0     0  136.07693    0  112  136.08833  136.07693  0.01%     -  106s
     0     0  136.07693    0    5  136.08833  136.07693  0.01%     -  111s
     0     0  136.08446    0   31  136.08833  136.08446  0.00%     -  112s
H    0     0                     136.0844639  136.08446  0.00%     -  112s
     0     0  136.08446    0   31  136.08446  136.08446  0.00%     -  112s

Cutting planes:
  Gomory: 4
  Cover: 1

Explored 1 nodes (45027 simplex iterations) in 112.40 seconds (211.03 work units)
Thread count was 32 (of 32 available processors)

Solution count 10: 136.084 136.088 136.088 ... 136.469

Optimal solution found (tolerance 1.00e-09)
Best objective 1.360844639036e+02, best bound 1.360844639036e+02, gap 0.0000%
Set parameter Seed to value 0
Gurobi Optimizer version 13.0.1 build v13.0.1rc0 (linux64 - "CachyOS")

CPU model: 13th Gen Intel(R) Core(TM) i9-13900, instruction set [SSE2|AVX|AVX2]
Thread count: 32 physical cores, 32 logical processors, using up to 32 threads

Non-default parameters:
TimeLimit  200
IntFeasTol  1e-09
MIPGap  1e-09

Academic license 2669763 - for non-commercial use only - registered to bg___@id.uff.br
Optimize a model with 9377 rows, 7653711 columns and 43253522 nonzeros (Min)
Model fingerprint: 0x8e8cebef
Model has 7645330 linear objective coefficients
Variable types: 0 continuous, 7653711 integer (7645330 binary)
Coefficient statistics:
  Matrix range     [1e-02, 3e+02]
  Objective range  [1e+00, 3e+02]
  Bounds range     [1e+00, 1e+00]
  RHS range        [1e+00, 1e+09]

Loaded MIP start from previous solve with objective 13042

Presolve removed 52 rows and 20749 columns (presolve time = 5s)...
Presolve removed 137 rows and 20834 columns (presolve time = 10s)...
Presolve removed 137 rows and 21602 columns (presolve time = 15s)...
Presolve removed 137 rows and 21602 columns (presolve time = 20s)...
Presolve removed 137 rows and 21602 columns (presolve time = 26s)...
Presolve removed 137 rows and 21602 columns (presolve time = 30s)...
Presolve removed 137 rows and 21602 columns (presolve time = 36s)...
Presolve removed 137 rows and 21602 columns (presolve time = 40s)...
Presolve removed 137 rows and 21602 columns
Presolve time: 41.91s
Presolved: 9240 rows, 7632109 columns, 36797292 nonzeros
Variable types: 0 continuous, 7632109 integer (7623866 binary)
Deterministic concurrent LP optimizer: primal simplex, dual simplex, and barrier
Showing barrier log only...

Root barrier log...

Ordering time: 0.36s

Barrier statistics:
 AA' NZ     : 8.229e+06
 Factor NZ  : 4.088e+07 (roughly 3.4 GB of memory)
 Factor Ops : 2.441e+11 (less than 1 second per iteration)
 Threads    : 30

                  Objective                Residual
Iter       Primal          Dual         Primal    Dual     Compl     Time
   0   1.26576829e+12 -1.64797826e+09  6.76e+10 0.00e+00  1.26e+05    57s
   1   6.16365280e+11 -1.06058717e+09  3.29e+10 3.83e+00  6.14e+04    59s

Barrier performed 1 iterations in 58.82 seconds (321.08 work units)
Barrier solve interrupted - model solved by another algorithm

Concurrent spin time: 1.71s (can be avoided by choosing Method=3)

Solved with dual simplex

Root simplex log...

Iteration    Objective       Primal Inf.    Dual Inf.      Time
   10847    1.3041923e+04   0.000000e+00   0.000000e+00     60s

Root relaxation: objective 1.304192e+04, 10847 iterations, 16.15 seconds (28.26 work units)

    Nodes    |    Current Node    |     Objective Bounds      |     Work
 Expl Unexpl |  Obj  Depth IntInf | Incumbent    BestBd   Gap | It/Node Time

     0     0 13041.9230    0   13 13042.0400 13041.9230  0.00%     -   62s
     0     0 13041.9364    0  118 13042.0400 13041.9364  0.00%     -   80s
     0     0 13041.9364    0    8 13042.0400 13041.9364  0.00%     -   85s
     0     0 13041.9364    0   14 13042.0400 13041.9364  0.00%     -   85s
     0     0 13041.9415    0   16 13042.0400 13041.9415  0.00%     -   85s
     0     0 13041.9424    0   16 13042.0400 13041.9424  0.00%     -   85s
     0     0 13041.9446    0   40 13042.0400 13041.9446  0.00%     -   85s
     0     0 13041.9471    0   38 13042.0400 13041.9471  0.00%     -   85s
     0     0 13041.9471    0   40 13042.0400 13041.9471  0.00%     -   85s
     0     0 13041.9474    0   40 13042.0400 13041.9474  0.00%     -   85s
     0     0 13041.9477    0   40 13042.0400 13041.9477  0.00%     -   85s
     0     0 13041.9485    0   42 13042.0400 13041.9485  0.00%     -   85s
     0     0 13041.9495    0   42 13042.0400 13041.9495  0.00%     -   85s
     0     0 13041.9495    0   19 13042.0400 13041.9495  0.00%     -   85s
     0     2 13041.9495    0   18 13042.0400 13041.9495  0.00%     -   85s

Cutting planes:
  Cover: 10
  MIR: 4
  StrongCG: 4
  Inf proof: 3
  RLT: 1

Explored 611 nodes (23422 simplex iterations) in 86.21 seconds (346.82 work units)
Thread count was 32 (of 32 available processors)

Solution count 1: 13042 

Optimal solution found (tolerance 1.00e-09)
Best objective 1.304203999976e+04, best bound 1.304203999976e+04, gap 0.0000%
pareto-map: box [12979.0400,13105.0400] (f1, f1<=13042)  → new point f1=13042.0400 f2=136.084
Set parameter OutputFlag to value 1
Set parameter TimeLimit to value 200
Gurobi Optimizer version 13.0.1 build v13.0.1rc0 (linux64 - "CachyOS")

CPU model: 13th Gen Intel(R) Core(TM) i9-13900, instruction set [SSE2|AVX|AVX2]
Thread count: 32 physical cores, 32 logical processors, using up to 32 threads

Non-default parameters:
TimeLimit  200
IntFeasTol  1e-09
MIPGap  1e-09

Academic license 2669763 - for non-commercial use only - registered to bg___@id.uff.br
Optimize a model with 9376 rows, 7653711 columns and 35608192 nonzeros (Min)
Model fingerprint: 0xb43780ef
Model has 7645330 linear objective coefficients
Variable types: 0 continuous, 7653711 integer (7645330 binary)
Coefficient statistics:
  Matrix range     [1e-02, 1e+02]
  Objective range  [1e+00, 3e+02]
  Bounds range     [1e+00, 1e+00]
  RHS range        [1e+00, 1e+09]

Presolve removed 137 rows and 20834 columns (presolve time = 6s)...
Presolve removed 137 rows and 20834 columns (presolve time = 10s)...
Presolve removed 137 rows and 25190 columns (presolve time = 15s)...
Presolve removed 137 rows and 25190 columns (presolve time = 20s)...
Presolve removed 137 rows and 25190 columns (presolve time = 25s)...
Presolve removed 137 rows and 25190 columns (presolve time = 31s)...
Presolve removed 137 rows and 25190 columns
Presolve time: 32.17s
Presolved: 9239 rows, 7628521 columns, 29190794 nonzeros
Variable types: 0 continuous, 7628521 integer (7620278 binary)
Deterministic concurrent LP optimizer: primal simplex, dual simplex, and barrier
Showing barrier log only...

Root barrier log...

Ordering time: 0.35s

Barrier statistics:
 AA' NZ     : 8.220e+06
 Factor NZ  : 4.087e+07 (roughly 3.4 GB of memory)
 Factor Ops : 2.440e+11 (less than 1 second per iteration)
 Threads    : 30

                  Objective                Residual
Iter       Primal          Dual         Primal    Dual     Compl     Time
   0   1.82392421e+13 -8.86848228e+09  2.36e+10 0.00e+00  1.50e+06    66s
   1   8.54797240e+12 -7.57120381e+09  1.16e+10 9.47e+01  7.44e+05    67s
   2   1.75518770e+12 -2.91003634e+09  2.52e+09 1.45e-10  1.67e+05    69s

Barrier performed 2 iterations in 69.30 seconds (169.53 work units)
Barrier solve interrupted - model solved by another algorithm

Concurrent spin time: 2.18s (can be avoided by choosing Method=3)

Solved with dual simplex

Root simplex log...

Iteration    Objective       Primal Inf.    Dual Inf.      Time
   12386    1.1348987e+04   0.000000e+00   0.000000e+00     69s

Root relaxation: objective 1.134899e+04, 12386 iterations, 13.80 seconds (19.03 work units)

    Nodes    |    Current Node    |     Objective Bounds      |     Work
 Expl Unexpl |  Obj  Depth IntInf | Incumbent    BestBd   Gap | It/Node Time

     0     0 11348.9865    0   16          - 11348.9865      -     -   71s
H    0     0                    11631.040000 11348.9865  2.43%     -   83s
H    0     0                    11360.040000 11348.9865  0.10%     -   88s
H    0     0                    11349.040000 11348.9865  0.00%     -   88s
     0     0 11348.9876    0    8 11349.0400 11348.9876  0.00%     -  103s
     0     0     cutoff    0      11349.0400 11349.0400  0.00%     -  107s

Explored 1 nodes (12708 simplex iterations) in 107.59 seconds (198.10 work units)
Thread count was 32 (of 32 available processors)

Solution count 4: 11349 11349 11360 11631 

Optimal solution found (tolerance 1.00e-09)
Best objective 1.134903999976e+04, best bound 1.134903999976e+04, gap 0.0000%
Set parameter Seed to value 0
Gurobi Optimizer version 13.0.1 build v13.0.1rc0 (linux64 - "CachyOS")

CPU model: 13th Gen Intel(R) Core(TM) i9-13900, instruction set [SSE2|AVX|AVX2]
Thread count: 32 physical cores, 32 logical processors, using up to 32 threads

Non-default parameters:
TimeLimit  200
IntFeasTol  1e-09
MIPGap  1e-09

Academic license 2669763 - for non-commercial use only - registered to bg___@id.uff.br
Optimize a model with 9377 rows, 7653711 columns and 43253522 nonzeros (Min)
Model fingerprint: 0xf3222913
Model has 6327720 linear objective coefficients
Variable types: 0 continuous, 7653711 integer (7645330 binary)
Coefficient statistics:
  Matrix range     [1e-02, 3e+02]
  Objective range  [1e-02, 1e+02]
  Bounds range     [1e+00, 1e+00]
  RHS range        [1e+00, 1e+09]

Loaded MIP start from previous solve with objective 296.668

Presolve removed 52 rows and 20749 columns (presolve time = 5s)...
Presolve removed 2404 rows and 2120112 columns (presolve time = 10s)...
Presolve removed 2404 rows and 2120587 columns (presolve time = 15s)...
Presolve removed 2404 rows and 2120587 columns (presolve time = 20s)...
Presolve removed 2404 rows and 2120587 columns (presolve time = 25s)...
Presolve removed 2404 rows and 2120587 columns
Presolve time: 28.50s
Presolved: 6973 rows, 5533124 columns, 26680547 nonzeros
Variable types: 0 continuous, 5533124 integer (5527148 binary)
Deterministic concurrent LP optimizer: primal simplex, dual simplex, and barrier
Showing barrier log only...

Root barrier log...

Ordering time: 0.25s

Barrier statistics:
 AA' NZ     : 5.828e+06
 Factor NZ  : 2.200e+07 (roughly 2.4 GB of memory)
 Factor Ops : 9.556e+10 (less than 1 second per iteration)
 Threads    : 30

                  Objective                Residual
Iter       Primal          Dual         Primal    Dual     Compl     Time
   0   7.22519500e+10 -1.30606967e+08  5.09e+10 4.44e-16  1.90e+04    38s
   1   4.68391253e+10 -1.03115587e+08  3.30e+10 1.27e+00  1.23e+04    39s
   2   3.03819100e+10 -9.71302764e+07  2.14e+10 1.10e+00  8.03e+03    41s
   3   7.80150144e+09 -3.34403933e+07  5.51e+09 2.04e-12  2.17e+03    42s
   4   1.73224476e+09 -1.60423066e+07  1.23e+09 8.46e-13  4.86e+02    43s

Barrier performed 4 iterations in 43.20 seconds (158.26 work units)
Barrier solve interrupted - model solved by another algorithm

Concurrent spin time: 2.97s (can be avoided by choosing Method=3)

Solved with primal simplex

Root simplex log...

Iteration    Objective       Primal Inf.    Dual Inf.      Time
   19249    2.9666766e+02   0.000000e+00   0.000000e+00     43s

Root relaxation: objective 2.966677e+02, 19249 iterations, 12.91 seconds (18.49 work units)

    Nodes    |    Current Node    |     Objective Bounds      |     Work
 Expl Unexpl |  Obj  Depth IntInf | Incumbent    BestBd   Gap | It/Node Time

     0     0 infeasible    0       296.66769  296.66769  0.00%     -   45s

Explored 1 nodes (19407 simplex iterations) in 45.41 seconds (160.05 work units)
Thread count was 32 (of 32 available processors)

Solution count 1: 296.668 

Optimal solution found (tolerance 1.00e-09)
Best objective 2.966676861279e+02, best bound 2.966676861279e+02, gap 0.0000%
pareto-map: box [11332.0400,11367.0400] (f2, f2<=296.7)  → new point f1=11349.0400 f2=296.668
Set parameter OutputFlag to value 1
Set parameter TimeLimit to value 200
Gurobi Optimizer version 13.0.1 build v13.0.1rc0 (linux64 - "CachyOS")

CPU model: 13th Gen Intel(R) Core(TM) i9-13900, instruction set [SSE2|AVX|AVX2]
Thread count: 32 physical cores, 32 logical processors, using up to 32 threads

Non-default parameters:
TimeLimit  200
IntFeasTol  1e-09
MIPGap  1e-09

Academic license 2669763 - for non-commercial use only - registered to bg___@id.uff.br
Optimize a model with 9376 rows, 7653711 columns and 36925802 nonzeros (Min)
Model fingerprint: 0xa2894bc0
Model has 6327720 linear objective coefficients
Variable types: 0 continuous, 7653711 integer (7645330 binary)
Coefficient statistics:
  Matrix range     [1e-02, 3e+02]
  Objective range  [1e-02, 1e+02]
  Bounds range     [1e+00, 1e+00]
  RHS range        [1e+00, 1e+09]

Presolve removed 52 rows and 20758 columns (presolve time = 5s)...
Presolve removed 137 rows and 20929 columns (presolve time = 10s)...
Presolve removed 137 rows and 29835 columns (presolve time = 15s)...
Presolve removed 137 rows and 29835 columns (presolve time = 20s)...
Presolve removed 137 rows and 29835 columns (presolve time = 25s)...
Presolve removed 137 rows and 29835 columns (presolve time = 30s)...
Presolve removed 137 rows and 29835 columns
Presolve time: 33.29s
Presolved: 9239 rows, 7623876 columns, 30455992 nonzeros
Variable types: 0 continuous, 7623876 integer (7615633 binary)
Found heuristic solution: objective 361.9629500
Deterministic concurrent LP optimizer: primal simplex, dual simplex, and barrier
Showing barrier log only...

Root barrier log...

Ordering time: 0.38s

Barrier statistics:
 AA' NZ     : 8.221e+06
 Factor NZ  : 4.087e+07 (roughly 3.4 GB of memory)
 Factor Ops : 2.440e+11 (less than 1 second per iteration)
 Threads    : 30

                  Objective                Residual
Iter       Primal          Dual         Primal    Dual     Compl     Time
   0   9.93499794e+10 -4.82897103e+08  6.93e+10 0.00e+00  2.98e+04    61s
   1   5.36202432e+10 -3.59766571e+08  3.74e+10 1.80e+00  1.62e+04    62s
   2   3.66900687e+10 -3.05518671e+08  2.56e+10 8.64e-01  1.12e+04    64s
   3   5.29078530e+09 -1.11287137e+08  3.71e+09 1.11e-01  1.67e+03    67s
   4   2.22406444e+09 -5.90555458e+07  1.56e+09 3.39e-02  7.08e+02    69s
   5   5.92036644e+08 -4.62809421e+07  4.18e+08 1.61e-02  1.92e+02    70s

Barrier performed 5 iterations in 70.36 seconds (179.47 work units)
Barrier solve interrupted - model solved by another algorithm

Concurrent spin time: 2.10s (can be avoided by choosing Method=3)

Solved with primal simplex

Root simplex log...

Iteration    Objective       Primal Inf.    Dual Inf.      Time
   68118    1.0207503e+02   0.000000e+00   0.000000e+00     70s

Root relaxation: objective 1.020750e+02, 68118 iterations, 19.72 seconds (26.61 work units)

    Nodes    |    Current Node    |     Objective Bounds      |     Work
 Expl Unexpl |  Obj  Depth IntInf | Incumbent    BestBd   Gap | It/Node Time

     0     0  102.07503    0   10  361.96295  102.07503  71.8%     -   72s
H    0     0                     102.2590889  102.07503  0.18%     -   75s
H    0     0                     102.1657611  102.07503  0.09%     -   77s
H    0     0                     102.1624917  102.07503  0.09%     -   78s
H    0     0                     102.1529806  102.07503  0.08%     -   78s
H    0     0                     102.1128556  102.07503  0.04%     -   81s
H    0     0                     102.0825389  102.07503  0.01%     -   81s
     0     0  102.07503    0  134  102.08254  102.07503  0.01%     -   96s
H    0     0                     102.0804583  102.07503  0.01%     -  101s
     0     0  102.07503    0    5  102.08046  102.07503  0.01%     -  102s
     0     0     cutoff    0       102.08046  102.08046  0.00%     -  102s

Cutting planes:
  Gomory: 1
  GUB cover: 1
  Zero half: 1
  RLT: 1

Explored 1 nodes (74805 simplex iterations) in 102.29 seconds (209.03 work units)
Thread count was 32 (of 32 available processors)

Solution count 10: 102.08 102.08 102.083 ... 361.963

Optimal solution found (tolerance 1.00e-09)
Best objective 1.020804583483e+02, best bound 1.020804583483e+02, gap 0.0000%
Set parameter Seed to value 0
Gurobi Optimizer version 13.0.1 build v13.0.1rc0 (linux64 - "CachyOS")

CPU model: 13th Gen Intel(R) Core(TM) i9-13900, instruction set [SSE2|AVX|AVX2]
Thread count: 32 physical cores, 32 logical processors, using up to 32 threads

Non-default parameters:
TimeLimit  200
IntFeasTol  1e-09
MIPGap  1e-09

Academic license 2669763 - for non-commercial use only - registered to bg___@id.uff.br
Optimize a model with 9377 rows, 7653711 columns and 43253522 nonzeros (Min)
Model fingerprint: 0x26a2d74c
Model has 7645330 linear objective coefficients
Variable types: 0 continuous, 7653711 integer (7645330 binary)
Coefficient statistics:
  Matrix range     [1e-02, 3e+02]
  Objective range  [1e+00, 3e+02]
  Bounds range     [1e+00, 1e+00]
  RHS range        [1e+00, 1e+09]

Loaded MIP start from previous solve with objective 13579

Presolve removed 52 rows and 24829 columns (presolve time = 5s)...
Presolve removed 137 rows and 24914 columns (presolve time = 10s)...
Presolve removed 137 rows and 25682 columns (presolve time = 15s)...
Presolve removed 137 rows and 25682 columns (presolve time = 20s)...
Presolve removed 137 rows and 25682 columns (presolve time = 25s)...
Presolve removed 137 rows and 25682 columns (presolve time = 30s)...
Presolve removed 137 rows and 25682 columns (presolve time = 41s)...
Presolve removed 137 rows and 25682 columns (presolve time = 46s)...
Presolve removed 137 rows and 25682 columns (presolve time = 52s)...
Presolve removed 137 rows and 25682 columns
Presolve time: 53.88s
Presolved: 9240 rows, 7628029 columns, 36776911 nonzeros
Variable types: 0 continuous, 7628029 integer (7619786 binary)
Deterministic concurrent LP optimizer: primal simplex, dual simplex, and barrier
Showing barrier log only...

Root barrier log...

Ordering time: 0.53s

Barrier statistics:
 AA' NZ     : 8.222e+06
 Factor NZ  : 4.088e+07 (roughly 3.4 GB of memory)
 Factor Ops : 2.441e+11 (less than 1 second per iteration)
 Threads    : 30

                  Objective                Residual
Iter       Primal          Dual         Primal    Dual     Compl     Time
   0   1.26524597e+12 -1.64757575e+09  6.76e+10 0.00e+00  1.26e+05    69s
   1   6.36818028e+11 -1.06229394e+09  3.40e+10 3.83e+00  6.35e+04    70s

Barrier performed 1 iterations in 70.44 seconds (910.63 work units)
Barrier solve interrupted - model solved by another algorithm

Concurrent spin time: 1.52s (can be avoided by choosing Method=3)

Solved with dual simplex

Root simplex log...

Iteration    Objective       Primal Inf.    Dual Inf.      Time
   10976    1.3578950e+04   0.000000e+00   0.000000e+00     72s

Root relaxation: objective 1.357895e+04, 10976 iterations, 15.79 seconds (28.36 work units)

    Nodes    |    Current Node    |     Objective Bounds      |     Work
 Expl Unexpl |  Obj  Depth IntInf | Incumbent    BestBd   Gap | It/Node Time

     0     0 13578.9500    0   10 13579.0400 13578.9500  0.00%     -   75s
     0     0 13578.9719    0   22 13579.0400 13578.9719  0.00%     -   93s
     0     0 13578.9719    0    3 13579.0400 13578.9719  0.00%     -   99s
     0     0 13578.9719    0    7 13579.0400 13578.9719  0.00%     -   99s
     0     0 13578.9802    0   24 13579.0400 13578.9802  0.00%     -   99s
     0     0 13578.9802    0   29 13579.0400 13578.9802  0.00%     -   99s
     0     0 13578.9802    0   26 13579.0400 13578.9802  0.00%     -   99s
     0     0 13578.9802    0   34 13579.0400 13578.9802  0.00%     -   99s
     0     0 13578.9802    0   34 13579.0400 13578.9802  0.00%     -   99s
     0     0 13578.9802    0   33 13579.0400 13578.9802  0.00%     -   99s
     0     0 13578.9802    0   33 13579.0400 13578.9802  0.00%     -   99s
     0     0 13578.9802    0   11 13579.0400 13578.9802  0.00%     -   99s
     0     2 13578.9802    0   11 13579.0400 13578.9802  0.00%     -   99s

Cutting planes:
  StrongCG: 3
  GUB cover: 1

Explored 32 nodes (18638 simplex iterations) in 99.89 seconds (942.35 work units)
Thread count was 32 (of 32 available processors)

Solution count 2: 13579 13579 

Optimal solution found (tolerance 1.00e-09)
Best objective 1.357903999976e+04, best bound 1.357903999976e+04, gap 0.0000%
pareto-map: box [13547.0400,13611.0400] (f1, f1<=13579)  → new point f1=13579.0400 f2=102.08
Set parameter OutputFlag to value 1
Set parameter TimeLimit to value 200
Gurobi Optimizer version 13.0.1 build v13.0.1rc0 (linux64 - "CachyOS")

CPU model: 13th Gen Intel(R) Core(TM) i9-13900, instruction set [SSE2|AVX|AVX2]
Thread count: 32 physical cores, 32 logical processors, using up to 32 threads

Non-default parameters:
TimeLimit  200
IntFeasTol  1e-09
MIPGap  1e-09

Academic license 2669763 - for non-commercial use only - registered to bg___@id.uff.br
Optimize a model with 9376 rows, 7653711 columns and 35608192 nonzeros (Min)
Model fingerprint: 0x157ce41d
Model has 7645330 linear objective coefficients
Variable types: 0 continuous, 7653711 integer (7645330 binary)
Coefficient statistics:
  Matrix range     [1e-02, 1e+02]
  Objective range  [1e+00, 3e+02]
  Bounds range     [1e+00, 1e+00]
  RHS range        [1e+00, 1e+09]

Presolve removed 52 rows and 20749 columns (presolve time = 5s)...
Presolve removed 137 rows and 20834 columns (presolve time = 10s)...
Presolve removed 137 rows and 25190 columns (presolve time = 15s)...
Presolve removed 137 rows and 25190 columns (presolve time = 20s)...
Presolve removed 137 rows and 25190 columns (presolve time = 25s)...
Presolve removed 137 rows and 25190 columns (presolve time = 32s)...
Presolve removed 137 rows and 25190 columns
Presolve time: 33.51s
Presolved: 9239 rows, 7628521 columns, 29190794 nonzeros
Variable types: 0 continuous, 7628521 integer (7620278 binary)
Deterministic concurrent LP optimizer: primal simplex, dual simplex, and barrier
Showing barrier log only...

Root barrier log...

Ordering time: 0.35s

Barrier statistics:
 AA' NZ     : 8.220e+06
 Factor NZ  : 4.087e+07 (roughly 3.4 GB of memory)
 Factor Ops : 2.440e+11 (less than 1 second per iteration)
 Threads    : 30

                  Objective                Residual
Iter       Primal          Dual         Primal    Dual     Compl     Time
   0   1.82392413e+13 -8.86848228e+09  2.36e+10 0.00e+00  1.50e+06    69s
   1   8.54844350e+12 -7.57201178e+09  1.16e+10 9.47e+01  7.44e+05    70s
   2   1.75555571e+12 -2.90999648e+09  2.52e+09 5.57e-10  1.67e+05    72s

Barrier performed 2 iterations in 72.27 seconds (169.40 work units)
Barrier solve interrupted - model solved by another algorithm

Concurrent spin time: 2.27s (can be avoided by choosing Method=3)

Solved with dual simplex

Root simplex log...

Iteration    Objective       Primal Inf.    Dual Inf.      Time
   13132    1.1225102e+04   0.000000e+00   0.000000e+00     72s

Root relaxation: objective 1.122510e+04, 13132 iterations, 14.14 seconds (19.09 work units)

    Nodes    |    Current Node    |     Objective Bounds      |     Work
 Expl Unexpl |  Obj  Depth IntInf | Incumbent    BestBd   Gap | It/Node Time

     0     0 11225.1017    0   12          - 11225.1017      -     -   74s
H    0     0                    11226.040000 11225.1017  0.01%     -   87s
     0     0 11225.1240    0   22 11226.0400 11225.1240  0.01%     -  103s
     0     0 11225.1240    0    5 11226.0400 11225.1240  0.01%     -  107s
     0     0 11225.1240    0    9 11226.0400 11225.1240  0.01%     -  107s
     0     0     cutoff    0      11226.0400 11226.0400  0.00%     -  107s

Cutting planes:
  Cover: 1
  MIR: 1
  RLT: 1

Explored 1 nodes (13467 simplex iterations) in 107.83 seconds (195.29 work units)
Thread count was 32 (of 32 available processors)

Solution count 2: 11226 11226 

Optimal solution found (tolerance 1.00e-09)
Best objective 1.122603999976e+04, best bound 1.122603999976e+04, gap 0.0000%
Set parameter Seed to value 0
Gurobi Optimizer version 13.0.1 build v13.0.1rc0 (linux64 - "CachyOS")

CPU model: 13th Gen Intel(R) Core(TM) i9-13900, instruction set [SSE2|AVX|AVX2]
Thread count: 32 physical cores, 32 logical processors, using up to 32 threads

Non-default parameters:
TimeLimit  200
IntFeasTol  1e-09
MIPGap  1e-09

Academic license 2669763 - for non-commercial use only - registered to bg___@id.uff.br
Optimize a model with 9377 rows, 7653711 columns and 43253522 nonzeros (Min)
Model fingerprint: 0xfddaf335
Model has 6327720 linear objective coefficients
Variable types: 0 continuous, 7653711 integer (7645330 binary)
Coefficient statistics:
  Matrix range     [1e-02, 3e+02]
  Objective range  [1e-02, 1e+02]
  Bounds range     [1e+00, 1e+00]
  RHS range        [1e+00, 1e+09]

Loaded MIP start from previous solve with objective 331.002

Presolve removed 52 rows and 20749 columns (presolve time = 5s)...
Presolve removed 5971 rows and 5553042 columns (presolve time = 10s)...
Presolve removed 5971 rows and 5553042 columns (presolve time = 15s)...
Presolve removed 5994 rows and 5553554 columns (presolve time = 20s)...
Presolve removed 5994 rows and 5553554 columns (presolve time = 25s)...
Presolve removed 5994 rows and 5553554 columns (presolve time = 30s)...
Presolve removed 5994 rows and 5553554 columns (presolve time = 35s)...
Presolve removed 5994 rows and 5553554 columns
Presolve time: 35.85s
Presolved: 3383 rows, 2100157 columns, 10117203 nonzeros
Variable types: 0 continuous, 2100157 integer (2097771 binary)
Deterministic concurrent LP optimizer: primal simplex, dual simplex, and barrier
Showing barrier log only...

Root barrier log...

Ordering time: 0.09s

Barrier statistics:
 AA' NZ     : 2.223e+06
 Factor NZ  : 5.231e+06 (roughly 900 MB of memory)
 Factor Ops : 1.099e+10 (less than 1 second per iteration)
 Threads    : 30

                  Objective                Residual
Iter       Primal          Dual         Primal    Dual     Compl     Time
   0   5.16160152e+09 -2.48882564e+07  2.08e+09 4.44e-16  2.90e+03    40s
   1   2.84178847e+09 -1.92678567e+07  1.15e+09 2.35e+00  1.62e+03    40s
   2   2.11213045e+09 -1.74425520e+07  8.56e+08 3.13e+00  1.19e+03    40s
   3   7.03235682e+08 -8.23949943e+06  2.86e+08 9.59e-01  4.24e+02    41s
   4   2.07543436e+08 -5.78763757e+06  8.51e+07 5.72e-01  1.27e+02    41s
   5   6.27610009e+07 -3.21673850e+06  2.60e+07 2.45e-01  3.93e+01    42s

Barrier performed 5 iterations in 41.62 seconds (123.54 work units)
Barrier solve interrupted - model solved by another algorithm

Concurrent spin time: 0.73s (can be avoided by choosing Method=3)

Solved with primal simplex

Root simplex log...

Iteration    Objective       Primal Inf.    Dual Inf.      Time
   34829    3.3100247e+02   0.000000e+00   0.000000e+00     42s

Root relaxation: objective 3.310025e+02, 34829 iterations, 4.83 seconds (6.97 work units)

    Nodes    |    Current Node    |     Objective Bounds      |     Work
 Expl Unexpl |  Obj  Depth IntInf | Incumbent    BestBd   Gap | It/Node Time

     0     0 infeasible    0       331.00250  331.00250  0.00%     -   42s

Explored 1 nodes (34968 simplex iterations) in 42.72 seconds (124.05 work units)
Thread count was 32 (of 32 available processors)

Solution count 1: 331.002 

Optimal solution found (tolerance 1.00e-09)
Best objective 3.310024999998e+02, best bound 3.310024999998e+02, gap 0.0000%
pareto-map: box [11213.0400,11238.0400] (f2, f2<=331.3)  → new point f1=11226.0400 f2=331.002
Set parameter OutputFlag to value 1
Set parameter TimeLimit to value 200
Gurobi Optimizer version 13.0.1 build v13.0.1rc0 (linux64 - "CachyOS")

CPU model: 13th Gen Intel(R) Core(TM) i9-13900, instruction set [SSE2|AVX|AVX2]
Thread count: 32 physical cores, 32 logical processors, using up to 32 threads

Non-default parameters:
TimeLimit  200
IntFeasTol  1e-09
MIPGap  1e-09

Academic license 2669763 - for non-commercial use only - registered to bg___@id.uff.br
Optimize a model with 9376 rows, 7653711 columns and 36925802 nonzeros (Min)
Model fingerprint: 0xef604502
Model has 6327720 linear objective coefficients
Variable types: 0 continuous, 7653711 integer (7645330 binary)
Coefficient statistics:
  Matrix range     [1e-02, 3e+02]
  Objective range  [1e-02, 1e+02]
  Bounds range     [1e+00, 1e+00]
  RHS range        [1e+00, 1e+09]

Presolve removed 52 rows and 20758 columns (presolve time = 5s)...
Presolve removed 137 rows and 20843 columns (presolve time = 10s)...
Presolve removed 137 rows and 29835 columns (presolve time = 15s)...
Presolve removed 137 rows and 29835 columns (presolve time = 20s)...
Presolve removed 137 rows and 29835 columns (presolve time = 25s)...
Presolve removed 137 rows and 29835 columns (presolve time = 30s)...
Presolve removed 137 rows and 29835 columns
Presolve time: 33.31s
Presolved: 9239 rows, 7623876 columns, 30455992 nonzeros
Variable types: 0 continuous, 7623876 integer (7615633 binary)
Found heuristic solution: objective 361.9629500
Deterministic concurrent LP optimizer: primal simplex, dual simplex, and barrier
Showing barrier log only...

Root barrier log...

Ordering time: 0.38s

Barrier statistics:
 AA' NZ     : 8.221e+06
 Factor NZ  : 4.087e+07 (roughly 3.4 GB of memory)
 Factor Ops : 2.440e+11 (less than 1 second per iteration)
 Threads    : 30

                  Objective                Residual
Iter       Primal          Dual         Primal    Dual     Compl     Time
   0   9.93499787e+10 -4.82897103e+08  6.93e+10 0.00e+00  2.98e+04    60s
   1   5.36353510e+10 -3.59857267e+08  3.74e+10 1.80e+00  1.62e+04    61s
   2   3.66848428e+10 -3.05633377e+08  2.56e+10 8.62e-01  1.12e+04    63s
   3   5.29540532e+09 -1.11344633e+08  3.71e+09 1.10e-01  1.67e+03    66s
   4   2.22774017e+09 -5.90405009e+07  1.56e+09 3.28e-02  7.09e+02    68s
   5   5.92285544e+08 -4.62491111e+07  4.18e+08 1.51e-02  1.92e+02    69s

Barrier performed 5 iterations in 69.34 seconds (179.62 work units)
Barrier solve interrupted - model solved by another algorithm

Concurrent spin time: 2.40s (can be avoided by choosing Method=3)

Solved with primal simplex

Root simplex log...

Iteration    Objective       Primal Inf.    Dual Inf.      Time
   65875    8.6799967e+01   0.000000e+00   0.000000e+00     69s

Root relaxation: objective 8.679997e+01, 65875 iterations, 19.06 seconds (25.52 work units)

    Nodes    |    Current Node    |     Objective Bounds      |     Work
 Expl Unexpl |  Obj  Depth IntInf | Incumbent    BestBd   Gap | It/Node Time

     0     0   86.79997    0   15  361.96295   86.79997  76.0%     -   71s
H    0     0                      88.3859445   86.79997  1.79%     -   79s
H    0     0                      86.8606000   86.79997  0.07%     -   80s
H    0     0                      86.8207722   86.79997  0.02%     -   81s
H    0     0                      86.8032361   86.79997  0.00%     -   82s
     0     0   86.79997    0   47   86.80324   86.79997  0.00%     -   95s
     0     0   86.79997    0    8   86.80324   86.79997  0.00%     -  100s
     0     0   86.80234    0   13   86.80324   86.80234  0.00%     -  100s
H    0     0                      86.8023445   86.80234  0.00%     -  100s
     0     0   86.80234    0   13   86.80234   86.80234  0.00%     -  100s

Cutting planes:
  Gomory: 1
  GUB cover: 1

Explored 1 nodes (71790 simplex iterations) in 100.81 seconds (206.10 work units)
Thread count was 32 (of 32 available processors)

Solution count 7: 86.8023 86.8032 86.8032 ... 361.963

Optimal solution found (tolerance 1.00e-09)
Best objective 8.680234447162e+01, best bound 8.680234447162e+01, gap 0.0000%
Set parameter Seed to value 0
Gurobi Optimizer version 13.0.1 build v13.0.1rc0 (linux64 - "CachyOS")

CPU model: 13th Gen Intel(R) Core(TM) i9-13900, instruction set [SSE2|AVX|AVX2]
Thread count: 32 physical cores, 32 logical processors, using up to 32 threads

Non-default parameters:
TimeLimit  200
IntFeasTol  1e-09
MIPGap  1e-09

Academic license 2669763 - for non-commercial use only - registered to bg___@id.uff.br
Optimize a model with 9377 rows, 7653711 columns and 43253522 nonzeros (Min)
Model fingerprint: 0xc3389ac8
Model has 7645330 linear objective coefficients
Variable types: 0 continuous, 7653711 integer (7645330 binary)
Coefficient statistics:
  Matrix range     [1e-02, 3e+02]
  Objective range  [1e+00, 3e+02]
  Bounds range     [1e+00, 1e+00]
  RHS range        [1e+00, 1e+09]

Loaded MIP start from previous solve with objective 13832

Presolve removed 53 rows and 36639 columns (presolve time = 5s)...
Presolve removed 137 rows and 36723 columns (presolve time = 10s)...
Presolve removed 137 rows and 37491 columns (presolve time = 15s)...
Presolve removed 137 rows and 37491 columns (presolve time = 20s)...
Presolve removed 137 rows and 37491 columns (presolve time = 25s)...
Presolve removed 137 rows and 37491 columns (presolve time = 30s)...
Presolve removed 137 rows and 37491 columns (presolve time = 43s)...
Presolve removed 137 rows and 37491 columns (presolve time = 48s)...
Presolve removed 137 rows and 37491 columns (presolve time = 53s)...
Presolve removed 137 rows and 37491 columns (presolve time = 58s)...
Presolve removed 137 rows and 37491 columns (presolve time = 71s)...
Presolve removed 137 rows and 37491 columns
Presolve time: 72.87s
Presolved: 9240 rows, 7616220 columns, 36717920 nonzeros
Variable types: 0 continuous, 7616220 integer (7607977 binary)
Deterministic concurrent LP optimizer: primal simplex, dual simplex, and barrier
Showing barrier log only...

Root barrier log...

Ordering time: 0.42s

Barrier statistics:
 AA' NZ     : 8.203e+06
 Factor NZ  : 4.091e+07 (roughly 3.4 GB of memory)
 Factor Ops : 2.449e+11 (less than 1 second per iteration)
 Threads    : 30

                  Objective                Residual
Iter       Primal          Dual         Primal    Dual     Compl     Time
   0   1.26292324e+12 -1.64634952e+09  6.75e+10 0.00e+00  1.26e+05    88s
   1   6.54397365e+11 -1.06263802e+09  3.50e+10 3.82e+00  6.53e+04    89s

Barrier performed 1 iterations in 89.18 seconds (1619.50 work units)
Barrier solve interrupted - model solved by another algorithm

Concurrent spin time: 1.66s (can be avoided by choosing Method=3)

Solved with dual simplex

Root simplex log...

Iteration    Objective       Primal Inf.    Dual Inf.      Time
   12097    1.3831998e+04   0.000000e+00   0.000000e+00     91s

Root relaxation: objective 1.383200e+04, 12097 iterations, 15.54 seconds (28.44 work units)

    Nodes    |    Current Node    |     Objective Bounds      |     Work
 Expl Unexpl |  Obj  Depth IntInf | Incumbent    BestBd   Gap | It/Node Time

     0     0 13831.9976    0   12 13832.0400 13831.9976  0.00%     -   94s
     0     0 13831.9976    0  247 13832.0400 13831.9976  0.00%     -  111s
     0     0 13831.9976    0    8 13832.0400 13831.9976  0.00%     -  116s
     0     0 13831.9989    0   27 13832.0400 13831.9989  0.00%     -  116s
     0     0 13832.0031    0   28 13832.0400 13832.0031  0.00%     -  116s
     0     0 13832.0031    0   32 13832.0400 13832.0031  0.00%     -  116s
     0     0 13832.0031    0   35 13832.0400 13832.0031  0.00%     -  116s
     0     0 13832.0052    0   37 13832.0400 13832.0052  0.00%     -  116s
     0     0 13832.0052    0   38 13832.0400 13832.0052  0.00%     -  116s
     0     0 13832.0052    0   32 13832.0400 13832.0052  0.00%     -  116s
     0     0 13832.0062    0   33 13832.0400 13832.0062  0.00%     -  116s
     0     0 13832.0065    0   33 13832.0400 13832.0065  0.00%     -  116s
     0     0 13832.0066    0   41 13832.0400 13832.0066  0.00%     -  116s
     0     0 13832.0066    0   41 13832.0400 13832.0066  0.00%     -  116s
     0     0 13832.0066    0   31 13832.0400 13832.0066  0.00%     -  116s
     0     2 13832.0091    0   31 13832.0400 13832.0091  0.00%     -  116s

Cutting planes:
  Cover: 1
  MIR: 2
  StrongCG: 2

Explored 27 nodes (25325 simplex iterations) in 116.84 seconds (1646.58 work units)
Thread count was 32 (of 32 available processors)

Solution count 2: 13832 13832 

Optimal solution found (tolerance 1.00e-09)
Best objective 1.383203999976e+04, best bound 1.383203999976e+04, gap 0.0000%
pareto-map: box [13800.0400,13864.0400] (f1, f1<=13832)  → new point f1=13832.0400 f2=86.8023
Set parameter OutputFlag to value 1
Set parameter TimeLimit to value 200
Gurobi Optimizer version 13.0.1 build v13.0.1rc0 (linux64 - "CachyOS")

CPU model: 13th Gen Intel(R) Core(TM) i9-13900, instruction set [SSE2|AVX|AVX2]
Thread count: 32 physical cores, 32 logical processors, using up to 32 threads

Non-default parameters:
TimeLimit  200
IntFeasTol  1e-09
MIPGap  1e-09

Academic license 2669763 - for non-commercial use only - registered to bg___@id.uff.br
Optimize a model with 9376 rows, 7653711 columns and 35608192 nonzeros (Min)
Model fingerprint: 0x5426cd27
Model has 7645330 linear objective coefficients
Variable types: 0 continuous, 7653711 integer (7645330 binary)
Coefficient statistics:
  Matrix range     [1e-02, 1e+02]
  Objective range  [1e+00, 3e+02]
  Bounds range     [1e+00, 1e+00]
  RHS range        [1e+00, 1e+09]

Presolve removed 137 rows and 20834 columns (presolve time = 6s)...
Presolve removed 137 rows and 20834 columns (presolve time = 10s)...
Presolve removed 137 rows and 25190 columns (presolve time = 15s)...
Presolve removed 137 rows and 25190 columns (presolve time = 20s)...
Presolve removed 137 rows and 25190 columns (presolve time = 25s)...
Presolve removed 137 rows and 25190 columns (presolve time = 30s)...
Presolve removed 137 rows and 25190 columns
Presolve time: 30.22s
Presolved: 9239 rows, 7628521 columns, 29190794 nonzeros
Variable types: 0 continuous, 7628521 integer (7620278 binary)
Deterministic concurrent LP optimizer: primal simplex, dual simplex, and barrier
Showing barrier log only...

Root barrier log...

Ordering time: 0.35s

Barrier statistics:
 AA' NZ     : 8.220e+06
 Factor NZ  : 4.087e+07 (roughly 3.4 GB of memory)
 Factor Ops : 2.440e+11 (less than 1 second per iteration)
 Threads    : 30

                  Objective                Residual
Iter       Primal          Dual         Primal    Dual     Compl     Time
   0   1.82392407e+13 -8.86848228e+09  2.36e+10 0.00e+00  1.50e+06    64s
   1   8.54888429e+12 -7.57183637e+09  1.16e+10 9.47e+01  7.44e+05    65s
   2   1.75553524e+12 -2.91032387e+09  2.52e+09 6.26e-11  1.67e+05    67s

Barrier performed 2 iterations in 67.40 seconds (169.32 work units)
Barrier solve interrupted - model solved by another algorithm

Concurrent spin time: 2.29s (can be avoided by choosing Method=3)

Solved with dual simplex

Root simplex log...

Iteration    Objective       Primal Inf.    Dual Inf.      Time
   12988    1.1155454e+04   0.000000e+00   0.000000e+00     68s

Root relaxation: objective 1.115545e+04, 12988 iterations, 14.55 seconds (20.14 work units)

    Nodes    |    Current Node    |     Objective Bounds      |     Work
 Expl Unexpl |  Obj  Depth IntInf | Incumbent    BestBd   Gap | It/Node Time

     0     0 11155.4540    0   10          - 11155.4540      -     -   69s
H    0     0                    11156.040000 11155.4540  0.01%     -   82s
     0     0 11155.4592    0   12 11156.0400 11155.4592  0.01%     -   98s
     0     0 11155.4592    0    1 11156.0400 11155.4592  0.01%     -  102s
     0     0 11155.4592    0    3 11156.0400 11155.4592  0.01%     -  102s
     0     0     cutoff    0      11156.0400 11156.0400  0.00%     -  102s

Cutting planes:
  Gomory: 1
  Cover: 1

Explored 1 nodes (13138 simplex iterations) in 102.66 seconds (196.89 work units)
Thread count was 32 (of 32 available processors)

Solution count 2: 11156 11156 

Optimal solution found (tolerance 1.00e-09)
Best objective 1.115603999976e+04, best bound 1.115603999976e+04, gap 0.0000%
Set parameter Seed to value 0
Gurobi Optimizer version 13.0.1 build v13.0.1rc0 (linux64 - "CachyOS")

CPU model: 13th Gen Intel(R) Core(TM) i9-13900, instruction set [SSE2|AVX|AVX2]
Thread count: 32 physical cores, 32 logical processors, using up to 32 threads

Non-default parameters:
TimeLimit  200
IntFeasTol  1e-09
MIPGap  1e-09

Academic license 2669763 - for non-commercial use only - registered to bg___@id.uff.br
Optimize a model with 9377 rows, 7653711 columns and 43253522 nonzeros (Min)
Model fingerprint: 0x261b6a67
Model has 6327720 linear objective coefficients
Variable types: 0 continuous, 7653711 integer (7645330 binary)
Coefficient statistics:
  Matrix range     [1e-02, 3e+02]
  Objective range  [1e-02, 1e+02]
  Bounds range     [1e+00, 1e+00]
  RHS range        [1e+00, 1e+09]

Loaded MIP start from previous solve with objective 359.211

Presolve removed 52 rows and 20749 columns (presolve time = 5s)...
Presolve removed 8001 rows and 7500856 columns
Presolve time: 9.08s
Presolved: 1376 rows, 152855 columns, 716438 nonzeros
Variable types: 0 continuous, 152855 integer (152476 binary)
Performing another presolve...
Presolve removed 30 rows and 10051 columns
Presolve time: 2.43s
Deterministic concurrent LP optimizer: primal simplex, dual simplex, and barrier
Showing barrier log only...

Root barrier log...

Ordering time: 0.01s

Barrier statistics:
 AA' NZ     : 1.988e+05
 Factor NZ  : 3.468e+05 (roughly 60 MB of memory)
 Factor Ops : 1.044e+08 (less than 1 second per iteration)
 Threads    : 30

                  Objective                Residual
Iter       Primal          Dual         Primal    Dual     Compl     Time
   0   1.17484244e+07 -3.32324919e+05  1.09e+06 0.00e+00  8.10e+01    12s
   1   2.78335412e+06 -8.62266196e+04  2.57e+05 1.02e+00  1.95e+01    12s
   2   3.87340102e+05 -7.42352595e+04  3.93e+04 6.02e-01  3.15e+00    12s
   3   1.11569696e+05 -3.72795076e+04  1.19e+04 3.33e-01  1.00e+00    12s
   4   3.59693924e+04 -2.68077377e+04  3.88e+03 2.40e-01  3.78e-01    12s
   5   1.75810086e+04 -1.70725130e+04  1.91e+03 1.90e-01  2.00e-01    12s
   6   6.07088785e+03 -9.95567212e+03  6.11e+02 8.84e-02  8.13e-02    12s
   7   2.74593152e+03 -6.67784388e+03  2.45e+02 5.90e-02  4.35e-02    12s
   8   1.08824854e+03 -4.04581792e+03  6.73e+01 3.87e-02  2.15e-02    12s
   9   8.28043125e+02 -2.88904600e+03  4.33e+01 3.77e-02  1.56e-02    12s

Barrier performed 9 iterations in 12.33 seconds (43.72 work units)
Barrier solve interrupted - model solved by another algorithm

Concurrent spin time: 0.16s (can be avoided by choosing Method=3)

Solved with primal simplex

Root simplex log...

Iteration    Objective       Primal Inf.    Dual Inf.      Time
   10779    3.5921121e+02   0.000000e+00   0.000000e+00     12s

Root relaxation: objective 3.592112e+02, 10779 iterations, 0.36 seconds (0.50 work units)

    Nodes    |    Current Node    |     Objective Bounds      |     Work
 Expl Unexpl |  Obj  Depth IntInf | Incumbent    BestBd   Gap | It/Node Time

     0     0  359.21121    0    9  359.21127  359.21121  0.00%     -   12s

Explored 1 nodes (10779 simplex iterations) in 12.73 seconds (43.74 work units)
Thread count was 32 (of 32 available processors)

Solution count 1: 359.211 

Optimal solution found (tolerance 1.00e-09)
Best objective 3.592112666748e+02, best bound 3.592112666748e+02, gap 0.0000%
pareto-map: box [11151.0400,11160.0400] (f2, f2<=359.5)  → new point f1=11156.0400 f2=359.211
Set parameter OutputFlag to value 1
Set parameter TimeLimit to value 200
Gurobi Optimizer version 13.0.1 build v13.0.1rc0 (linux64 - "CachyOS")

CPU model: 13th Gen Intel(R) Core(TM) i9-13900, instruction set [SSE2|AVX|AVX2]
Thread count: 32 physical cores, 32 logical processors, using up to 32 threads

Non-default parameters:
TimeLimit  200
IntFeasTol  1e-09
MIPGap  1e-09

Academic license 2669763 - for non-commercial use only - registered to bg___@id.uff.br
Optimize a model with 9376 rows, 7653711 columns and 36925802 nonzeros (Min)
Model fingerprint: 0xb61f8f2f
Model has 6327720 linear objective coefficients
Variable types: 0 continuous, 7653711 integer (7645330 binary)
Coefficient statistics:
  Matrix range     [1e-02, 3e+02]
  Objective range  [1e-02, 1e+02]
  Bounds range     [1e+00, 1e+00]
  RHS range        [1e+00, 1e+09]

Presolve removed 52 rows and 20758 columns (presolve time = 5s)...
Presolve removed 137 rows and 20929 columns (presolve time = 10s)...
Presolve removed 137 rows and 29835 columns (presolve time = 15s)...
Presolve removed 137 rows and 29835 columns (presolve time = 20s)...
Presolve removed 137 rows and 29835 columns (presolve time = 25s)...
Presolve removed 137 rows and 29835 columns (presolve time = 30s)...
Presolve removed 137 rows and 29835 columns
Presolve time: 32.27s
Presolved: 9239 rows, 7623876 columns, 30455992 nonzeros
Variable types: 0 continuous, 7623876 integer (7615633 binary)
Found heuristic solution: objective 361.9629500
Deterministic concurrent LP optimizer: primal simplex, dual simplex, and barrier
Showing barrier log only...

Root barrier log...

Ordering time: 0.35s

Barrier statistics:
 AA' NZ     : 8.221e+06
 Factor NZ  : 4.087e+07 (roughly 3.4 GB of memory)
 Factor Ops : 2.440e+11 (less than 1 second per iteration)
 Threads    : 30

                  Objective                Residual
Iter       Primal          Dual         Primal    Dual     Compl     Time
   0   9.93499801e+10 -4.82897104e+08  6.93e+10 0.00e+00  2.98e+04    58s
   1   5.36334490e+10 -3.59845374e+08  3.74e+10 1.80e+00  1.62e+04    60s
   2   3.66855687e+10 -3.05618527e+08  2.56e+10 8.63e-01  1.12e+04    62s
   3   5.29479923e+09 -1.11337042e+08  3.71e+09 1.11e-01  1.67e+03    65s
   4   2.22725766e+09 -5.90423432e+07  1.56e+09 3.30e-02  7.09e+02    66s
   5   5.92253102e+08 -4.62530683e+07  4.18e+08 1.52e-02  1.92e+02    68s

Barrier performed 5 iterations in 68.06 seconds (179.40 work units)
Barrier solve interrupted - model solved by another algorithm

Concurrent spin time: 2.49s (can be avoided by choosing Method=3)

Solved with primal simplex

Root simplex log...

Iteration    Objective       Primal Inf.    Dual Inf.      Time
   61235    1.1782194e+02   0.000000e+00   0.000000e+00     68s

Root relaxation: objective 1.178219e+02, 61235 iterations, 19.06 seconds (25.53 work units)

    Nodes    |    Current Node    |     Objective Bounds      |     Work
 Expl Unexpl |  Obj  Depth IntInf | Incumbent    BestBd   Gap | It/Node Time

     0     0  117.82194    0   12  361.96295  117.82194  67.4%     -   70s
H    0     0                     118.3278139  117.82194  0.43%     -   76s
H    0     0                     118.2749139  117.82194  0.38%     -   77s
H    0     0                     118.2550389  117.82194  0.37%     -   78s
H    0     0                     118.1997556  117.82194  0.32%     -   78s
H    0     0                     117.9753083  117.82194  0.13%     -   79s
H    0     0                     117.9363722  117.82194  0.10%     -   80s
H    0     0                     117.8977333  117.82194  0.06%     -   81s
H    0     0                     117.8959500  117.82194  0.06%     -   82s
H    0     0                     117.8406667  117.82194  0.02%     -   82s
     0     0  117.82194    0  118  117.84067  117.82194  0.02%     -   99s
     0     0  117.82194    0    6  117.84067  117.82194  0.02%     -  104s
     0     0  117.83329    0   24  117.84067  117.83329  0.01%     -  104s
     0     0  117.83405    0   23  117.84067  117.83405  0.01%     -  104s
     0     0  117.83435    0   25  117.84067  117.83435  0.01%     -  104s
     0     0  117.83435    0   35  117.84067  117.83435  0.01%     -  104s
     0     0  117.83435    0   31  117.84067  117.83435  0.01%     -  104s
     0     0  117.83435    0   37  117.84067  117.83435  0.01%     -  104s
     0     0  117.83435    0    6  117.84067  117.83435  0.01%     -  104s
     0     0  117.83435    0    8  117.84067  117.83435  0.01%     -  104s
     0     0  117.83435    0   12  117.84067  117.83435  0.01%     -  104s
     0     0  117.83435    0   32  117.84067  117.83435  0.01%     -  104s
     0     0  117.83435    0    9  117.84067  117.83435  0.01%     -  104s
     0     0  117.83435    0   20  117.84067  117.83435  0.01%     -  105s
     0     0  117.83435    0    4  117.84067  117.83435  0.01%     -  105s
     0     0  117.83435    0    7  117.84067  117.83435  0.01%     -  105s
     0     0  117.83435    0    7  117.84067  117.83435  0.01%     -  105s
     0     2  117.83435    0    7  117.84067  117.83435  0.01%     -  105s

Cutting planes:
  Gomory: 3
  Cover: 6
  MIR: 4
  StrongCG: 2
  Inf proof: 5
  RLT: 1

Explored 742 nodes (92288 simplex iterations) in 105.91 seconds (215.03 work units)
Thread count was 32 (of 32 available processors)

Solution count 10: 117.841 117.896 117.898 ... 361.963

Optimal solution found (tolerance 1.00e-09)
Best objective 1.178406666727e+02, best bound 1.178406666727e+02, gap 0.0000%
Set parameter Seed to value 0
Gurobi Optimizer version 13.0.1 build v13.0.1rc0 (linux64 - "CachyOS")

CPU model: 13th Gen Intel(R) Core(TM) i9-13900, instruction set [SSE2|AVX|AVX2]
Thread count: 32 physical cores, 32 logical processors, using up to 32 threads

Non-default parameters:
TimeLimit  200
IntFeasTol  1e-09
MIPGap  1e-09

Academic license 2669763 - for non-commercial use only - registered to bg___@id.uff.br
Optimize a model with 9377 rows, 7653711 columns and 43253522 nonzeros (Min)
Model fingerprint: 0xa82195c7
Model has 7645330 linear objective coefficients
Variable types: 0 continuous, 7653711 integer (7645330 binary)
Coefficient statistics:
  Matrix range     [1e-02, 3e+02]
  Objective range  [1e+00, 3e+02]
  Bounds range     [1e+00, 1e+00]
  RHS range        [1e+00, 1e+09]

Loaded MIP start from previous solve with objective 13326

Presolve removed 52 rows and 20749 columns (presolve time = 5s)...
Presolve removed 137 rows and 20834 columns (presolve time = 10s)...
Presolve removed 137 rows and 21602 columns (presolve time = 15s)...
Presolve removed 137 rows and 21602 columns (presolve time = 20s)...
Presolve removed 137 rows and 21602 columns (presolve time = 25s)...
Presolve removed 137 rows and 21602 columns (presolve time = 30s)...
Presolve removed 137 rows and 21602 columns (presolve time = 44s)...
Presolve removed 137 rows and 21602 columns (presolve time = 45s)...
Presolve removed 137 rows and 21602 columns
Presolve time: 45.26s
Presolved: 9240 rows, 7632109 columns, 36797292 nonzeros
Variable types: 0 continuous, 7632109 integer (7623866 binary)
Deterministic concurrent LP optimizer: primal simplex, dual simplex, and barrier
Showing barrier log only...

Root barrier log...

Ordering time: 0.55s

Barrier statistics:
 AA' NZ     : 8.229e+06
 Factor NZ  : 4.088e+07 (roughly 3.4 GB of memory)
 Factor Ops : 2.441e+11 (less than 1 second per iteration)
 Threads    : 30

                  Objective                Residual
Iter       Primal          Dual         Primal    Dual     Compl     Time
   0   1.26576880e+12 -1.64797649e+09  6.76e+10 0.00e+00  1.26e+05    61s
   1   6.18947196e+11 -1.06228924e+09  3.30e+10 3.83e+00  6.17e+04    62s
   2   1.34095676e+11 -3.11714641e+08  7.16e+09 4.14e-12  1.35e+04    64s

Barrier performed 2 iterations in 64.00 seconds (551.96 work units)
Barrier solve interrupted - model solved by another algorithm

Concurrent spin time: 2.85s (can be avoided by choosing Method=3)

Solved with dual simplex

Root simplex log...

Iteration    Objective       Primal Inf.    Dual Inf.      Time
   12084    1.3325742e+04   0.000000e+00   0.000000e+00     65s

Root relaxation: objective 1.332574e+04, 12084 iterations, 17.95 seconds (29.93 work units)

    Nodes    |    Current Node    |     Objective Bounds      |     Work
 Expl Unexpl |  Obj  Depth IntInf | Incumbent    BestBd   Gap | It/Node Time

     0     0 13325.7423    0   10 13326.0400 13325.7423  0.00%     -   67s
     0     0 13325.7525    0   99 13326.0400 13325.7525  0.00%     -   85s
     0     0 13325.7525    0    4 13326.0400 13325.7525  0.00%     -   90s
     0     0 13325.7525    0    8 13326.0400 13325.7525  0.00%     -   90s
     0     0 13325.7525    0   20 13326.0400 13325.7525  0.00%     -   90s
     0     0 13325.7537    0   26 13326.0400 13325.7537  0.00%     -   90s
     0     0 13325.7537    0   33 13326.0400 13325.7537  0.00%     -   90s
     0     0 13325.7555    0   35 13326.0400 13325.7555  0.00%     -   90s
     0     0 13325.7573    0   32 13326.0400 13325.7573  0.00%     -   90s
     0     0 13325.7573    0   44 13326.0400 13325.7573  0.00%     -   90s
     0     0 13325.7573    0   44 13326.0400 13325.7573  0.00%     -   91s
     0     0 13325.7573    0   44 13326.0400 13325.7573  0.00%     -   91s
     0     0 13325.7573    0   44 13326.0400 13325.7573  0.00%     -   91s
     0     0 13325.7573    0   18 13326.0400 13325.7573  0.00%     -   91s
     0     2 13325.7573    0   18 13326.0400 13325.7573  0.00%     -   91s

Cutting planes:
  Cover: 33
  MIR: 6
  StrongCG: 3
  GUB cover: 1
  Inf proof: 8
  RLT: 1

Explored 4623 nodes (59144 simplex iterations) in 92.23 seconds (578.26 work units)
Thread count was 32 (of 32 available processors)

Solution count 1: 13326 

Optimal solution found (tolerance 1.00e-09)
Best objective 1.332603999976e+04, best bound 1.332603999976e+04, gap 0.0000%
pareto-map: box [13294.0400,13358.0400] (f1, f1<=13326)  → new point f1=13326.0400 f2=117.841
Set parameter OutputFlag to value 1
Set parameter TimeLimit to value 200
Gurobi Optimizer version 13.0.1 build v13.0.1rc0 (linux64 - "CachyOS")

CPU model: 13th Gen Intel(R) Core(TM) i9-13900, instruction set [SSE2|AVX|AVX2]
Thread count: 32 physical cores, 32 logical processors, using up to 32 threads

Non-default parameters:
TimeLimit  200
IntFeasTol  1e-09
MIPGap  1e-09

Academic license 2669763 - for non-commercial use only - registered to bg___@id.uff.br
Optimize a model with 9376 rows, 7653711 columns and 35608192 nonzeros (Min)
Model fingerprint: 0x20c91f7b
Model has 7645330 linear objective coefficients
Variable types: 0 continuous, 7653711 integer (7645330 binary)
Coefficient statistics:
  Matrix range     [1e-02, 1e+02]
  Objective range  [1e+00, 3e+02]
  Bounds range     [1e+00, 1e+00]
  RHS range        [1e+00, 1e+09]

Presolve removed 137 rows and 20834 columns (presolve time = 6s)...
Presolve removed 137 rows and 20834 columns (presolve time = 10s)...
Presolve removed 137 rows and 25190 columns (presolve time = 15s)...
Presolve removed 137 rows and 25190 columns (presolve time = 20s)...
Presolve removed 137 rows and 25190 columns (presolve time = 25s)...
Presolve removed 137 rows and 25190 columns
Presolve time: 29.99s
Presolved: 9239 rows, 7628521 columns, 29190794 nonzeros
Variable types: 0 continuous, 7628521 integer (7620278 binary)
Deterministic concurrent LP optimizer: primal simplex, dual simplex, and barrier
Showing barrier log only...

Root barrier log...

Ordering time: 0.37s

Barrier statistics:
 AA' NZ     : 8.220e+06
 Factor NZ  : 4.087e+07 (roughly 3.4 GB of memory)
 Factor Ops : 2.440e+11 (less than 1 second per iteration)
 Threads    : 30

                  Objective                Residual
Iter       Primal          Dual         Primal    Dual     Compl     Time
   0   1.82392417e+13 -8.86848228e+09  2.36e+10 0.00e+00  1.50e+06    64s
   1   8.54742590e+12 -7.57139612e+09  1.16e+10 9.47e+01  7.44e+05    66s
   2   1.75520927e+12 -2.90955652e+09  2.52e+09 2.50e-10  1.67e+05    68s

Barrier performed 2 iterations in 67.61 seconds (169.52 work units)
Barrier solve interrupted - model solved by another algorithm

Concurrent spin time: 2.36s (can be avoided by choosing Method=3)

Solved with dual simplex

Root simplex log...

Iteration    Objective       Primal Inf.    Dual Inf.      Time
   14131    1.1274806e+04   0.000000e+00   0.000000e+00     68s

Root relaxation: objective 1.127481e+04, 14131 iterations, 14.14 seconds (19.17 work units)

    Nodes    |    Current Node    |     Objective Bounds      |     Work
 Expl Unexpl |  Obj  Depth IntInf | Incumbent    BestBd   Gap | It/Node Time

     0     0 11274.8064    0   24          - 11274.8064      -     -   69s
H    0     0                    11275.040000 11274.8064  0.00%     -   82s
     0     0 11274.8210    0   29 11275.0400 11274.8210  0.00%     -   98s
     0     0 11274.8210    0    6 11275.0400 11274.8210  0.00%     -  103s
     0     0     cutoff    0      11275.0400 11275.0400  0.00%     -  103s

Cutting planes:
  Cover: 1
  MIR: 1

Explored 1 nodes (14439 simplex iterations) in 103.99 seconds (195.71 work units)
Thread count was 32 (of 32 available processors)

Solution count 2: 11275 11275 

Optimal solution found (tolerance 1.00e-09)
Best objective 1.127503999976e+04, best bound 1.127503999976e+04, gap 0.0000%
Set parameter Seed to value 0
Gurobi Optimizer version 13.0.1 build v13.0.1rc0 (linux64 - "CachyOS")

CPU model: 13th Gen Intel(R) Core(TM) i9-13900, instruction set [SSE2|AVX|AVX2]
Thread count: 32 physical cores, 32 logical processors, using up to 32 threads

Non-default parameters:
TimeLimit  200
IntFeasTol  1e-09
MIPGap  1e-09

Academic license 2669763 - for non-commercial use only - registered to bg___@id.uff.br
Optimize a model with 9377 rows, 7653711 columns and 43253522 nonzeros (Min)
Model fingerprint: 0x6db3355a
Model has 6327720 linear objective coefficients
Variable types: 0 continuous, 7653711 integer (7645330 binary)
Coefficient statistics:
  Matrix range     [1e-02, 3e+02]
  Objective range  [1e-02, 1e+02]
  Bounds range     [1e+00, 1e+00]
  RHS range        [1e+00, 1e+09]

Loaded MIP start from previous solve with objective 315.92

Presolve removed 52 rows and 20749 columns (presolve time = 5s)...
Presolve removed 4550 rows and 4185452 columns (presolve time = 10s)...
Presolve removed 4550 rows and 4185523 columns (presolve time = 15s)...
Presolve removed 4554 rows and 4185938 columns (presolve time = 20s)...
Presolve removed 4554 rows and 4185938 columns (presolve time = 25s)...
Presolve removed 4554 rows and 4185938 columns (presolve time = 36s)...
Presolve removed 4554 rows and 4185938 columns
Presolve time: 36.43s
Presolved: 4823 rows, 3467773 columns, 16715770 nonzeros
Variable types: 0 continuous, 3467773 integer (3463947 binary)
Deterministic concurrent LP optimizer: primal simplex, dual simplex, and barrier
Showing barrier log only...

Root barrier log...

Ordering time: 0.13s

Barrier statistics:
 AA' NZ     : 3.663e+06
 Factor NZ  : 1.052e+07 (roughly 1.5 GB of memory)
 Factor Ops : 3.150e+10 (less than 1 second per iteration)
 Threads    : 30

                  Objective                Residual
Iter       Primal          Dual         Primal    Dual     Compl     Time
   0   2.63326342e+10 -5.92599153e+07  1.42e+10 4.44e-16  9.88e+03    42s
   1   1.41590740e+10 -3.93226922e+07  7.64e+09 1.09e+00  5.31e+03    43s
   2   3.88402487e+09 -3.74586829e+07  2.10e+09 1.52e+00  1.49e+03    44s
   3   1.19907127e+09 -7.66246509e+06  6.50e+08 1.13e-01  4.61e+02    45s
   4   4.26278877e+08 -4.79948442e+06  2.32e+08 4.98e-02  1.65e+02    45s
   5   2.09728380e+08 -3.01995394e+06  1.14e+08 7.93e-03  8.23e+01    46s

Barrier performed 5 iterations in 45.63 seconds (140.37 work units)
Barrier solve interrupted - model solved by another algorithm

Concurrent spin time: 1.72s (can be avoided by choosing Method=3)

Solved with primal simplex

Root simplex log...

Iteration    Objective       Primal Inf.    Dual Inf.      Time
   25778    3.1591963e+02   0.000000e+00   0.000000e+00     46s

Root relaxation: objective 3.159196e+02, 25778 iterations, 7.97 seconds (12.21 work units)

    Nodes    |    Current Node    |     Objective Bounds      |     Work
 Expl Unexpl |  Obj  Depth IntInf | Incumbent    BestBd   Gap | It/Node Time

     0     0 infeasible    0       315.91966  315.91966  0.00%     -   46s

Explored 1 nodes (25936 simplex iterations) in 47.17 seconds (141.66 work units)
Thread count was 32 (of 32 available processors)

Solution count 1: 315.92 

Optimal solution found (tolerance 1.00e-09)
Best objective 3.159196611103e+02, best bound 3.159196611103e+02, gap 0.0000%
pareto-map: box [11267.0400,11283.0400] (f2, f2<=316)  → new point f1=11275.0400 f2=315.92
Set parameter OutputFlag to value 1
Set parameter TimeLimit to value 200
Gurobi Optimizer version 13.0.1 build v13.0.1rc0 (linux64 - "CachyOS")

CPU model: 13th Gen Intel(R) Core(TM) i9-13900, instruction set [SSE2|AVX|AVX2]
Thread count: 32 physical cores, 32 logical processors, using up to 32 threads

Non-default parameters:
TimeLimit  200
IntFeasTol  1e-09
MIPGap  1e-09

Academic license 2669763 - for non-commercial use only - registered to bg___@id.uff.br
Optimize a model with 9376 rows, 7653711 columns and 36925802 nonzeros (Min)
Model fingerprint: 0xa4b57b5a
Model has 6327720 linear objective coefficients
Variable types: 0 continuous, 7653711 integer (7645330 binary)
Coefficient statistics:
  Matrix range     [1e-02, 3e+02]
  Objective range  [1e-02, 1e+02]
  Bounds range     [1e+00, 1e+00]
  RHS range        [1e+00, 1e+09]

Presolve removed 52 rows and 20758 columns (presolve time = 5s)...
Presolve removed 137 rows and 20929 columns (presolve time = 10s)...
Presolve removed 137 rows and 29835 columns (presolve time = 15s)...
Presolve removed 137 rows and 29835 columns (presolve time = 20s)...
Presolve removed 137 rows and 29835 columns (presolve time = 25s)...
Presolve removed 137 rows and 29835 columns (presolve time = 30s)...
Presolve removed 137 rows and 29835 columns
Presolve time: 32.00s
Presolved: 9239 rows, 7623876 columns, 30455992 nonzeros
Variable types: 0 continuous, 7623876 integer (7615633 binary)
Found heuristic solution: objective 361.9629500
Deterministic concurrent LP optimizer: primal simplex, dual simplex, and barrier
Showing barrier log only...

Root barrier log...

Ordering time: 0.38s

Barrier statistics:
 AA' NZ     : 8.221e+06
 Factor NZ  : 4.087e+07 (roughly 3.4 GB of memory)
 Factor Ops : 2.440e+11 (less than 1 second per iteration)
 Threads    : 30

                  Objective                Residual
Iter       Primal          Dual         Primal    Dual     Compl     Time
   0   9.93499796e+10 -4.82897104e+08  6.93e+10 0.00e+00  2.98e+04    59s
   1   5.36243629e+10 -3.59791218e+08  3.74e+10 1.80e+00  1.62e+04    60s
   2   3.66886580e+10 -3.05549880e+08  2.56e+10 8.64e-01  1.12e+04    63s
   3   5.29204399e+09 -1.11302718e+08  3.71e+09 1.11e-01  1.67e+03    65s
   4   2.22506489e+09 -5.90514330e+07  1.56e+09 3.36e-02  7.08e+02    67s

Barrier performed 4 iterations in 66.77 seconds (178.01 work units)
Barrier solve interrupted - model solved by another algorithm

Concurrent spin time: 2.44s (can be avoided by choosing Method=3)

Solved with primal simplex

Root simplex log...

Iteration    Objective       Primal Inf.    Dual Inf.      Time
   50840    1.0602081e+02   0.000000e+00   0.000000e+00     67s

Root relaxation: objective 1.060208e+02, 50840 iterations, 17.96 seconds (24.20 work units)

    Nodes    |    Current Node    |     Objective Bounds      |     Work
 Expl Unexpl |  Obj  Depth IntInf | Incumbent    BestBd   Gap | It/Node Time

     0     0  106.02081    0   12  361.96295  106.02081  70.7%     -   69s
H    0     0                     106.7016694  106.02081  0.64%     -   75s
H    0     0                     106.1443778  106.02081  0.12%     -   76s
H    0     0                     106.0513472  106.02081  0.03%     -   76s
H    0     0                     106.0311361  106.02081  0.01%     -   76s
     0     0  106.02081    0  155  106.03114  106.02081  0.01%     -   91s
     0     0  106.02081    0    4  106.03114  106.02081  0.01%     -   96s
     0     0     cutoff    0       106.03114  106.03114  0.00%     -   96s

Cutting planes:
  Gomory: 1
  Cover: 1
  MIR: 1
  GUB cover: 1
  Zero half: 1

Explored 1 nodes (55205 simplex iterations) in 96.89 seconds (204.36 work units)
Thread count was 32 (of 32 available processors)

Solution count 6: 106.031 106.031 106.051 ... 361.963

Optimal solution found (tolerance 1.00e-09)
Best objective 1.060311361210e+02, best bound 1.060311361210e+02, gap 0.0000%
Set parameter Seed to value 0
Gurobi Optimizer version 13.0.1 build v13.0.1rc0 (linux64 - "CachyOS")

CPU model: 13th Gen Intel(R) Core(TM) i9-13900, instruction set [SSE2|AVX|AVX2]
Thread count: 32 physical cores, 32 logical processors, using up to 32 threads

Non-default parameters:
TimeLimit  200
IntFeasTol  1e-09
MIPGap  1e-09

Academic license 2669763 - for non-commercial use only - registered to bg___@id.uff.br
Optimize a model with 9377 rows, 7653711 columns and 43253522 nonzeros (Min)
Model fingerprint: 0xe17f41f5
Model has 7645330 linear objective coefficients
Variable types: 0 continuous, 7653711 integer (7645330 binary)
Coefficient statistics:
  Matrix range     [1e-02, 3e+02]
  Objective range  [1e+00, 3e+02]
  Bounds range     [1e+00, 1e+00]
  RHS range        [1e+00, 1e+09]

Loaded MIP start from previous solve with objective 13515

Presolve removed 52 rows and 22241 columns (presolve time = 5s)...
Presolve removed 137 rows and 22326 columns (presolve time = 10s)...
Presolve removed 137 rows and 23094 columns (presolve time = 15s)...
Presolve removed 137 rows and 23094 columns (presolve time = 20s)...
Presolve removed 137 rows and 23094 columns (presolve time = 25s)...
Presolve removed 137 rows and 23094 columns (presolve time = 30s)...
Presolve removed 137 rows and 23094 columns (presolve time = 42s)...
Presolve removed 137 rows and 23094 columns (presolve time = 53s)...
Presolve removed 137 rows and 23094 columns
Presolve time: 54.79s
Presolved: 9240 rows, 7630617 columns, 36789839 nonzeros
Variable types: 0 continuous, 7630617 integer (7622374 binary)
Deterministic concurrent LP optimizer: primal simplex, dual simplex, and barrier
Showing barrier log only...

Root barrier log...

Ordering time: 0.36s

Barrier statistics:
 AA' NZ     : 8.226e+06
 Factor NZ  : 4.088e+07 (roughly 3.4 GB of memory)
 Factor Ops : 2.441e+11 (less than 1 second per iteration)
 Threads    : 30

                  Objective                Residual
Iter       Primal          Dual         Primal    Dual     Compl     Time
   0   1.26586030e+12 -1.64783457e+09  6.76e+10 0.00e+00  1.26e+05    70s
   1   6.25052090e+11 -1.06238927e+09  3.34e+10 3.83e+00  6.23e+04    71s

Barrier performed 1 iterations in 71.37 seconds (938.72 work units)
Barrier solve interrupted - model solved by another algorithm

Concurrent spin time: 1.67s (can be avoided by choosing Method=3)

Solved with dual simplex

Root simplex log...

Iteration    Objective       Primal Inf.    Dual Inf.      Time
   11999    1.3514872e+04   0.000000e+00   0.000000e+00     73s

Root relaxation: objective 1.351487e+04, 11999 iterations, 15.81 seconds (28.39 work units)

    Nodes    |    Current Node    |     Objective Bounds      |     Work
 Expl Unexpl |  Obj  Depth IntInf | Incumbent    BestBd   Gap | It/Node Time

     0     0 13514.8715    0   10 13515.0400 13514.8715  0.00%     -   74s
     0     0 13514.8840    0   74 13515.0400 13514.8840  0.00%     -   92s
     0     0 13514.8840    0    4 13515.0400 13514.8840  0.00%     -   97s
     0     0 13514.8840    0   12 13515.0400 13514.8840  0.00%     -   97s
     0     0 13514.8840    0   12 13515.0400 13514.8840  0.00%     -   97s
     0     0 13514.8887    0   10 13515.0400 13514.8887  0.00%     -   97s
     0     0 13514.8896    0   16 13515.0400 13514.8896  0.00%     -   97s
     0     0 13514.8904    0   27 13515.0400 13514.8904  0.00%     -   97s
     0     0 13514.8911    0   29 13515.0400 13514.8911  0.00%     -   97s
     0     0 13514.8975    0   25 13515.0400 13514.8975  0.00%     -   97s
     0     0 13514.9015    0   32 13515.0400 13514.9015  0.00%     -   97s
     0     0 13514.9015    0   34 13515.0400 13514.9015  0.00%     -   97s
     0     0 13514.9015    0   37 13515.0400 13514.9015  0.00%     -   97s
     0     0 13514.9015    0   40 13515.0400 13514.9015  0.00%     -   97s
     0     0 13514.9015    0   40 13515.0400 13514.9015  0.00%     -   97s
     0     0 13514.9015    0   23 13515.0400 13514.9015  0.00%     -   97s
     0     2 13514.9015    0   23 13515.0400 13514.9015  0.00%     -   97s

Cutting planes:
  Cover: 26
  MIR: 5
  StrongCG: 6

Explored 1935 nodes (30172 simplex iterations) in 98.62 seconds (964.36 work units)
Thread count was 32 (of 32 available processors)

Solution count 2: 13515 13515 

Optimal solution found (tolerance 1.00e-09)
Best objective 1.351503999976e+04, best bound 1.351503999976e+04, gap 0.0000%
pareto-map: box [13484.0400,13547.0400] (f1, f1<=13515)  → new point f1=13515.0400 f2=106.031
pareto-map: 42 points, 95 total solves, 3 unresolved, 38 box(es) still open
pareto-map: WARNING — search budget exhausted (95 solves, 3682.1s, 3 box(es) dropped as inconclusive); returning a PARTIAL map (42 points found, 38 gap(s) still open and unexplored). Every returned point is individually exact, but the map is incomplete.

map_pareto_frontier session DONE in 3682.3s -> 42 points (check the log above for 'gap(s) still open' to see if this is complete)
  f1=11151.0400 f2=361.963
  f1=11156.0400 f2=359.211
  f1=11160.0400 f2=357.09
  f1=11168.0400 f2=352.96
  f1=11179.0400 f2=348.397
  f1=11189.0400 f2=344.319
  f1=11201.0400 f2=339.713
  f1=11213.0400 f2=335.493
  f1=11226.0400 f2=331.002
  f1=11238.0400 f2=327.135
  f1=11253.0400 f2=322.584
  f1=11267.0400 f2=318.292
  f1=11275.0400 f2=315.92
  f1=11283.0400 f2=313.681
  f1=11298.0400 f2=309.628
  f1=11315.0400 f2=305.203
  f1=11332.0400 f2=300.891
  f1=11349.0400 f2=296.668
  f1=11367.0400 f2=292.47
  f1=11843.0400 f2=223.426
  f1=12853.0400 f2=148.508
  f1=12916.0400 f2=144.344
  f1=12979.0400 f2=140.207
  f1=13042.0400 f2=136.084
  f1=13105.0400 f2=131.982
  f1=13168.0400 f2=127.91
  f1=13231.0400 f2=123.876
  f1=13294.0400 f2=119.849
  f1=13326.0400 f2=117.841
  f1=13358.0400 f2=115.813
  f1=13421.0400 f2=111.869
  f1=13484.0400 f2=107.951
  f1=13515.0400 f2=106.031
  f1=13547.0400 f2=104.06
  f1=13579.0400 f2=102.08
  f1=13611.0400 f2=100.127
  f1=13674.0400 f2=96.2876
  f1=13737.0400 f2=92.4855
  f1=13800.0400 f2=88.6983
  f1=13832.0400 f2=86.8023
  f1=13864.0400 f2=84.9355
  f1=16577.0400 f2=0
