Set parameter WLSAccessID
Set parameter WLSSecret
Set parameter LicenseID to value 2669763
Academic license 2669763 - for non-commercial use only - registered to bg___@id.uff.br
jobs=964 types=29  time_budget=3600.0s  per_solve_time_limit=200.0s  n_seed_retries=3  checkpoint=pareto_runs/fedhpc_10min_map_checkpoint.json
pareto-map: resumed from checkpoint — 50 points, 44 box(es) open, 118 prior solves
Set parameter OutputFlag to value 1
Set parameter TimeLimit to value 200
Gurobi Optimizer version 13.0.1 build v13.0.1rc0 (linux64 - "CachyOS")

CPU model: Intel(R) Core(TM) i7-14700KF, instruction set [SSE2|AVX|AVX2]
Thread count: 28 physical cores, 28 logical processors, using up to 28 threads

Non-default parameters:
TimeLimit  200
IntFeasTol  1e-09
MIPGap  1e-09

Academic license 2669763 - for non-commercial use only - registered to bg___@id.uff.br
Optimize a model with 9376 rows, 7653711 columns and 35608192 nonzeros (Min)
Model fingerprint: 0x007b1991
Model has 7645330 linear objective coefficients
Variable types: 0 continuous, 7653711 integer (7645330 binary)
Coefficient statistics:
  Matrix range     [1e-02, 1e+02]
  Objective range  [1e+00, 3e+02]
  Bounds range     [1e+00, 1e+00]
  RHS range        [1e+00, 1e+09]

Presolve removed 52 rows and 20749 columns (presolve time = 5s)...
Presolve removed 137 rows and 20834 columns (presolve time = 10s)...
Presolve removed 137 rows and 25190 columns (presolve time = 15s)...
Presolve removed 137 rows and 25190 columns (presolve time = 20s)...
Presolve removed 137 rows and 25190 columns (presolve time = 25s)...
Presolve removed 137 rows and 25190 columns (presolve time = 30s)...
Presolve removed 137 rows and 25190 columns (presolve time = 36s)...
Presolve removed 137 rows and 25190 columns
Presolve time: 38.30s
Presolved: 9239 rows, 7628521 columns, 29190794 nonzeros
Variable types: 0 continuous, 7628521 integer (7620278 binary)
Deterministic concurrent LP optimizer: primal simplex, dual simplex, and barrier
Showing barrier log only...

Root barrier log...

Ordering time: 0.52s

Barrier statistics:
 AA' NZ     : 8.220e+06
 Factor NZ  : 4.087e+07 (roughly 3.4 GB of memory)
 Factor Ops : 2.440e+11 (roughly 1 second per iteration)
 Threads    : 26

                  Objective                Residual
Iter       Primal          Dual         Primal    Dual     Compl     Time
   0   1.85519239e+13 -8.86854395e+09  2.40e+10 0.00e+00  1.52e+06    80s
   1   8.73030911e+12 -7.60221058e+09  1.18e+10 9.48e+01  7.60e+05    82s

Barrier performed 1 iterations in 81.73 seconds (167.38 work units)
Barrier solve interrupted - model solved by another algorithm

Concurrent spin time: 1.15s (can be avoided by choosing Method=3)

Solved with dual simplex

Root simplex log...

Iteration    Objective       Primal Inf.    Dual Inf.      Time
   11057    1.1323485e+04   0.000000e+00   0.000000e+00     82s

Root relaxation: objective 1.132348e+04, 11057 iterations, 15.09 seconds (18.93 work units)

    Nodes    |    Current Node    |     Objective Bounds      |     Work
 Expl Unexpl |  Obj  Depth IntInf | Incumbent    BestBd   Gap | It/Node Time

     0     0 11323.4849    0   10          - 11323.4849      -     -   84s
H    0     0                    11882.040000 11323.4849  4.70%     -  105s
H    0     0                    11334.040000 11323.4849  0.09%     -  107s
H    0     0                    11324.040000 11323.4849  0.00%     -  108s
     0     0 11323.4856    0    8 11324.0400 11323.4856  0.00%     -  126s
     0     0 11323.4856    0    6 11324.0400 11323.4856  0.00%     -  131s
     0     0 11323.4856    0    8 11324.0400 11323.4856  0.00%     -  131s
     0     0 11323.5201    0   11 11324.0400 11323.5201  0.00%     -  131s
     0     0 11323.8393    0    9 11324.0400 11323.8393  0.00%     -  131s
     0     0 11323.8393    0    9 11324.0400 11323.8393  0.00%     -  131s
     0     0 11323.8393    0   18 11324.0400 11323.8393  0.00%     -  131s
     0     0 11323.8393    0   11 11324.0400 11323.8393  0.00%     -  131s
     0     0 11323.8393    0   13 11324.0400 11323.8393  0.00%     -  131s
     0     0 11323.8393    0   15 11324.0400 11323.8393  0.00%     -  131s
     0     0 11323.8393    0   11 11324.0400 11323.8393  0.00%     -  131s
     0     0 11323.8393    0    7 11324.0400 11323.8393  0.00%     -  131s

Cutting planes:
  Lift-and-project: 1
  MIR: 1

Explored 1 nodes (11762 simplex iterations) in 131.75 seconds (198.42 work units)
Thread count was 28 (of 28 available processors)

Solution count 4: 11324 11324 11334 11882 

Optimal solution found (tolerance 1.00e-09)
Best objective 1.132403999976e+04, best bound 1.132403999976e+04, gap 0.0000%
Set parameter Seed to value 0
Gurobi Optimizer version 13.0.1 build v13.0.1rc0 (linux64 - "CachyOS")

CPU model: Intel(R) Core(TM) i7-14700KF, instruction set [SSE2|AVX|AVX2]
Thread count: 28 physical cores, 28 logical processors, using up to 28 threads

Non-default parameters:
TimeLimit  200
IntFeasTol  1e-09
MIPGap  1e-09

Academic license 2669763 - for non-commercial use only - registered to bg___@id.uff.br
Optimize a model with 9377 rows, 7653711 columns and 43253522 nonzeros (Min)
Model fingerprint: 0x77d441a8
Model has 6327720 linear objective coefficients
Variable types: 0 continuous, 7653711 integer (7645330 binary)
Coefficient statistics:
  Matrix range     [1e-02, 3e+02]
  Objective range  [1e-02, 1e+02]
  Bounds range     [1e+00, 1e+00]
  RHS range        [1e+00, 1e+09]

Loaded MIP start from previous solve with objective 302.906

Presolve removed 52 rows and 20749 columns (presolve time = 5s)...
Presolve removed 3129 rows and 2817862 columns (presolve time = 10s)...
Presolve removed 3129 rows and 2817933 columns (presolve time = 15s)...
Presolve removed 3129 rows and 2818337 columns (presolve time = 20s)...
Presolve removed 3129 rows and 2818337 columns (presolve time = 25s)...
Presolve removed 3129 rows and 2818337 columns (presolve time = 36s)...
Presolve removed 3129 rows and 2818337 columns (presolve time = 40s)...
Presolve removed 3129 rows and 2818337 columns
Presolve time: 41.79s
Presolved: 6248 rows, 4835374 columns, 23314097 nonzeros
Variable types: 0 continuous, 4835374 integer (4830123 binary)
Deterministic concurrent LP optimizer: primal simplex, dual simplex, and barrier
Showing barrier log only...

Root barrier log...

Ordering time: 0.32s

Barrier statistics:
 AA' NZ     : 5.097e+06
 Factor NZ  : 1.761e+07 (roughly 2.0 GB of memory)
 Factor Ops : 6.830e+10 (less than 1 second per iteration)
 Threads    : 26

                  Objective                Residual
Iter       Primal          Dual         Primal    Dual     Compl     Time
   0   5.15460598e+10 -1.03797432e+08  3.32e+10 4.44e-16  1.50e+04    52s
   1   3.41094459e+10 -8.68605573e+07  2.20e+10 1.54e+00  9.97e+03    53s
   2   2.36251697e+10 -7.94093479e+07  1.52e+10 2.00e+00  6.91e+03    55s
   3   7.65789907e+09 -3.14708071e+07  4.94e+09 6.98e-03  2.29e+03    57s
   4   2.04959534e+09 -1.55045325e+07  1.32e+09 8.19e-12  6.18e+02    58s

Barrier performed 4 iterations in 57.64 seconds (148.01 work units)
Barrier solve interrupted - model solved by another algorithm

Concurrent spin time: 2.19s (can be avoided by choosing Method=3)

Solved with primal simplex

Root simplex log...

Iteration    Objective       Primal Inf.    Dual Inf.      Time
   18585    3.0290636e+02   0.000000e+00   0.000000e+00     58s

Root relaxation: objective 3.029064e+02, 18585 iterations, 13.78 seconds (16.12 work units)

    Nodes    |    Current Node    |     Objective Bounds      |     Work
 Expl Unexpl |  Obj  Depth IntInf | Incumbent    BestBd   Gap | It/Node Time

     0     0 infeasible    0       302.90638  302.90638  0.00%     -   58s

Explored 1 nodes (18585 simplex iterations) in 59.13 seconds (148.94 work units)
Thread count was 28 (of 28 available processors)

Solution count 1: 302.906 

Optimal solution found (tolerance 1.00e-09)
Best objective 3.029063805705e+02, best bound 3.029063805705e+02, gap 0.0000%
pareto-map: box [11315.0400,11332.0400] (f2, f2<=303)  → new point f1=11324.0400 f2=302.906
Set parameter OutputFlag to value 1
Set parameter TimeLimit to value 200
Gurobi Optimizer version 13.0.1 build v13.0.1rc0 (linux64 - "CachyOS")

CPU model: Intel(R) Core(TM) i7-14700KF, instruction set [SSE2|AVX|AVX2]
Thread count: 28 physical cores, 28 logical processors, using up to 28 threads

Non-default parameters:
TimeLimit  200
IntFeasTol  1e-09
MIPGap  1e-09

Academic license 2669763 - for non-commercial use only - registered to bg___@id.uff.br
Optimize a model with 9376 rows, 7653711 columns and 36925802 nonzeros (Min)
Model fingerprint: 0xfab171ab
Model has 6327720 linear objective coefficients
Variable types: 0 continuous, 7653711 integer (7645330 binary)
Coefficient statistics:
  Matrix range     [1e-02, 3e+02]
  Objective range  [1e-02, 1e+02]
  Bounds range     [1e+00, 1e+00]
  RHS range        [1e+00, 1e+09]

Presolve removed 52 rows and 20758 columns (presolve time = 5s)...
Presolve removed 137 rows and 20843 columns (presolve time = 10s)...
Presolve removed 137 rows and 29747 columns (presolve time = 15s)...
Presolve removed 137 rows and 29835 columns (presolve time = 20s)...
Presolve removed 137 rows and 29835 columns (presolve time = 25s)...
Presolve removed 137 rows and 29835 columns (presolve time = 30s)...
Presolve removed 137 rows and 29835 columns (presolve time = 35s)...
Presolve removed 137 rows and 29835 columns (presolve time = 40s)...
Presolve removed 137 rows and 29835 columns
Presolve time: 41.30s
Presolved: 9239 rows, 7623876 columns, 30455992 nonzeros
Variable types: 0 continuous, 7623876 integer (7615633 binary)
Found heuristic solution: objective 361.9629500
Deterministic concurrent LP optimizer: primal simplex, dual simplex, and barrier
Showing barrier log only...

Root barrier log...

Ordering time: 0.53s

Barrier statistics:
 AA' NZ     : 8.221e+06
 Factor NZ  : 4.087e+07 (roughly 3.4 GB of memory)
 Factor Ops : 2.440e+11 (roughly 1 second per iteration)
 Threads    : 26

                  Objective                Residual
Iter       Primal          Dual         Primal    Dual     Compl     Time
   0   9.97948292e+10 -4.82898952e+08  6.96e+10 0.00e+00  2.99e+04    76s
   1   5.37860268e+10 -3.59551644e+08  3.75e+10 1.81e+00  1.62e+04    77s
   2   3.68926479e+10 -3.05495140e+08  2.57e+10 8.73e-01  1.13e+04    80s
   3   5.27661938e+09 -1.10915821e+08  3.70e+09 1.19e-01  1.66e+03    83s
   4   2.21275174e+09 -5.90249585e+07  1.55e+09 4.20e-02  7.05e+02    86s
   5   5.91681594e+08 -4.63074473e+07  4.17e+08 2.42e-02  1.92e+02    88s
   6   4.34500073e+08 -4.58458404e+07  3.07e+08 2.28e-02  1.42e+02    91s

Barrier performed 6 iterations in 90.98 seconds (181.23 work units)
Barrier solve interrupted - model solved by another algorithm

Concurrent spin time: 1.13s

Solved with primal simplex

Root simplex log...

Iteration    Objective       Primal Inf.    Dual Inf.      Time
   71767    9.4397338e+01   0.000000e+00   0.000000e+00     91s

Root relaxation: objective 9.439734e+01, 71767 iterations, 27.99 seconds (26.46 work units)

    Nodes    |    Current Node    |     Objective Bounds      |     Work
 Expl Unexpl |  Obj  Depth IntInf | Incumbent    BestBd   Gap | It/Node Time

     0     0   94.39734    0   10  361.96295   94.39734  73.9%     -   93s
H    0     0                      94.9405861   94.39734  0.57%     -  101s
H    0     0                      94.4971306   94.39734  0.11%     -  103s
H    0     0                      94.4923750   94.39734  0.10%     -  103s
H    0     0                      94.4243111   94.39734  0.03%     -  107s
H    0     0                      94.4055861   94.39734  0.01%     -  107s
     0     0   94.39734    0  112   94.40559   94.39734  0.01%     -  125s
     0     0   94.39734    0    2   94.40559   94.39734  0.01%     -  130s
H    0     0                      94.4032084   94.39734  0.01%     -  130s

Cutting planes:
  MIR: 1
  GUB cover: 2

Explored 1 nodes (77540 simplex iterations) in 130.93 seconds (211.03 work units)
Thread count was 28 (of 28 available processors)

Solution count 8: 94.4032 94.4056 94.4056 ... 361.963

Optimal solution found (tolerance 1.00e-09)
Best objective 9.440320835248e+01, best bound 9.440320835248e+01, gap 0.0000%
Set parameter Seed to value 0
Gurobi Optimizer version 13.0.1 build v13.0.1rc0 (linux64 - "CachyOS")

CPU model: Intel(R) Core(TM) i7-14700KF, instruction set [SSE2|AVX|AVX2]
Thread count: 28 physical cores, 28 logical processors, using up to 28 threads

Non-default parameters:
TimeLimit  200
IntFeasTol  1e-09
MIPGap  1e-09

Academic license 2669763 - for non-commercial use only - registered to bg___@id.uff.br
Optimize a model with 9377 rows, 7653711 columns and 43253522 nonzeros (Min)
Model fingerprint: 0x95fc8424
Model has 7645330 linear objective coefficients
Variable types: 0 continuous, 7653711 integer (7645330 binary)
Coefficient statistics:
  Matrix range     [1e-02, 3e+02]
  Objective range  [1e+00, 3e+02]
  Bounds range     [1e+00, 1e+00]
  RHS range        [1e+00, 1e+09]

Loaded MIP start from previous solve with objective 13705

Presolve removed 52 rows and 27647 columns (presolve time = 5s)...
Presolve removed 137 rows and 27732 columns (presolve time = 10s)...
Presolve removed 137 rows and 28500 columns (presolve time = 15s)...
Presolve removed 137 rows and 28500 columns (presolve time = 20s)...
Presolve removed 137 rows and 28500 columns (presolve time = 25s)...
Presolve removed 137 rows and 28500 columns (presolve time = 31s)...
Presolve removed 137 rows and 28500 columns (presolve time = 35s)...
Presolve removed 137 rows and 28500 columns (presolve time = 40s)...
Presolve removed 137 rows and 28500 columns (presolve time = 49s)...
Presolve removed 137 rows and 28500 columns (presolve time = 54s)...
Presolve removed 137 rows and 28500 columns (presolve time = 60s)...
Presolve removed 137 rows and 28500 columns (presolve time = 71s)...
Presolve removed 137 rows and 28500 columns
Presolve time: 72.90s
Presolved: 9240 rows, 7625211 columns, 36762834 nonzeros
Variable types: 0 continuous, 7625211 integer (7616968 binary)
Deterministic concurrent LP optimizer: primal simplex, dual simplex, and barrier
Showing barrier log only...

Root barrier log...

Ordering time: 0.50s

Barrier statistics:
 AA' NZ     : 8.217e+06
 Factor NZ  : 4.088e+07 (roughly 3.4 GB of memory)
 Factor Ops : 2.441e+11 (roughly 1 second per iteration)
 Threads    : 26

                  Objective                Residual
Iter       Primal          Dual         Primal    Dual     Compl     Time
   0   1.26716410e+12 -1.64729192e+09  6.77e+10 0.00e+00  1.26e+05    92s
   1   6.47629592e+11 -1.06341184e+09  3.46e+10 3.82e+00  6.46e+04    93s

Barrier performed 1 iterations in 92.95 seconds (1208.43 work units)
Barrier solve interrupted - model solved by another algorithm

Concurrent spin time: 2.21s (can be avoided by choosing Method=3)

Solved with dual simplex

Root simplex log...

Iteration    Objective       Primal Inf.    Dual Inf.      Time
   12348    1.3704941e+04   0.000000e+00   0.000000e+00     95s

Root relaxation: objective 1.370494e+04, 12348 iterations, 19.11 seconds (28.70 work units)

    Nodes    |    Current Node    |     Objective Bounds      |     Work
 Expl Unexpl |  Obj  Depth IntInf | Incumbent    BestBd   Gap | It/Node Time

     0     0 13704.9411    0   12 13705.0400 13704.9411  0.00%     -   97s
     0     0 13704.9563    0  269 13705.0400 13704.9563  0.00%     -  119s
     0     0 13704.9563    0    5 13705.0400 13704.9563  0.00%     -  125s
     0     0 13704.9563    0   23 13705.0400 13704.9563  0.00%     -  125s
     0     0 13704.9575    0   17 13705.0400 13704.9575  0.00%     -  125s
     0     0 13704.9575    0   19 13705.0400 13704.9575  0.00%     -  125s
     0     0 13704.9588    0   26 13705.0400 13704.9588  0.00%     -  125s
     0     0 13704.9710    0   26 13705.0400 13704.9710  0.00%     -  125s
     0     0 13704.9710    0   40 13705.0400 13704.9710  0.00%     -  125s
     0     0 13704.9717    0   42 13705.0400 13704.9717  0.00%     -  125s
     0     0 13704.9717    0   42 13705.0400 13704.9717  0.00%     -  125s
     0     0 13704.9717    0   18 13705.0400 13704.9717  0.00%     -  125s
     0     2 13704.9717    0   18 13705.0400 13704.9717  0.00%     -  125s

Cutting planes:
  Cover: 6
  MIR: 4
  StrongCG: 2
  Inf proof: 1

Explored 103 nodes (24795 simplex iterations) in 126.29 seconds (1234.95 work units)
Thread count was 28 (of 28 available processors)

Solution count 2: 13705 13705 

Optimal solution found (tolerance 1.00e-09)
Best objective 1.370503999976e+04, best bound 1.370503999976e+04, gap 0.0000%
pareto-map: box [13674.0400,13737.0400] (f1, f1<=13705)  → new point f1=13705.0400 f2=94.4032
Set parameter OutputFlag to value 1
Set parameter TimeLimit to value 200
Gurobi Optimizer version 13.0.1 build v13.0.1rc0 (linux64 - "CachyOS")

CPU model: Intel(R) Core(TM) i7-14700KF, instruction set [SSE2|AVX|AVX2]
Thread count: 28 physical cores, 28 logical processors, using up to 28 threads

Non-default parameters:
TimeLimit  200
IntFeasTol  1e-09
MIPGap  1e-09

Academic license 2669763 - for non-commercial use only - registered to bg___@id.uff.br
Optimize a model with 9376 rows, 7653711 columns and 35608192 nonzeros (Min)
Model fingerprint: 0x94eed15d
Model has 7645330 linear objective coefficients
Variable types: 0 continuous, 7653711 integer (7645330 binary)
Coefficient statistics:
  Matrix range     [1e-02, 1e+02]
  Objective range  [1e+00, 3e+02]
  Bounds range     [1e+00, 1e+00]
  RHS range        [1e+00, 1e+09]

Presolve removed 52 rows and 20749 columns (presolve time = 5s)...
Presolve removed 137 rows and 20834 columns (presolve time = 10s)...
Presolve removed 137 rows and 25190 columns (presolve time = 16s)...
Presolve removed 137 rows and 25190 columns (presolve time = 20s)...
Presolve removed 137 rows and 25190 columns (presolve time = 25s)...
Presolve removed 137 rows and 25190 columns (presolve time = 30s)...
Presolve removed 137 rows and 25190 columns (presolve time = 36s)...
Presolve removed 137 rows and 25190 columns
Presolve time: 37.57s
Presolved: 9239 rows, 7628521 columns, 29190794 nonzeros
Variable types: 0 continuous, 7628521 integer (7620278 binary)
Deterministic concurrent LP optimizer: primal simplex, dual simplex, and barrier
Showing barrier log only...

Root barrier log...

Ordering time: 0.55s

Barrier statistics:
 AA' NZ     : 8.220e+06
 Factor NZ  : 4.087e+07 (roughly 3.4 GB of memory)
 Factor Ops : 2.440e+11 (roughly 1 second per iteration)
 Threads    : 26

                  Objective                Residual
Iter       Primal          Dual         Primal    Dual     Compl     Time
   0   1.85519235e+13 -8.86854395e+09  2.40e+10 0.00e+00  1.52e+06    79s
   1   8.72862521e+12 -7.60141479e+09  1.18e+10 9.48e+01  7.60e+05    81s

Barrier performed 1 iterations in 81.22 seconds (167.44 work units)
Barrier solve interrupted - model solved by another algorithm

Concurrent spin time: 1.08s (can be avoided by choosing Method=3)

Solved with dual simplex

Root simplex log...

Iteration    Objective       Primal Inf.    Dual Inf.      Time
   10978    1.1259572e+04   0.000000e+00   0.000000e+00     82s

Root relaxation: objective 1.125957e+04, 10978 iterations, 14.93 seconds (18.92 work units)

    Nodes    |    Current Node    |     Objective Bounds      |     Work
 Expl Unexpl |  Obj  Depth IntInf | Incumbent    BestBd   Gap | It/Node Time

     0     0 11259.5715    0   18          - 11259.5715      -     -   83s
H    0     0                    11260.040000 11259.5715  0.00%     -  100s
     0     0 11259.5781    0   18 11260.0400 11259.5781  0.00%     -  120s
     0     0 11259.5781    0    7 11260.0400 11259.5781  0.00%     -  125s
     0     0 11259.5781    0    5 11260.0400 11259.5781  0.00%     -  125s
     0     0 11259.6670    0    9 11260.0400 11259.6670  0.00%     -  125s

Cutting planes:
  MIR: 1
  StrongCG: 1

Explored 1 nodes (11315 simplex iterations) in 125.45 seconds (197.34 work units)
Thread count was 28 (of 28 available processors)

Solution count 2: 11260 11260 

Optimal solution found (tolerance 1.00e-09)
Best objective 1.126003999976e+04, best bound 1.126003999976e+04, gap 0.0000%
Set parameter Seed to value 0
Gurobi Optimizer version 13.0.1 build v13.0.1rc0 (linux64 - "CachyOS")

CPU model: Intel(R) Core(TM) i7-14700KF, instruction set [SSE2|AVX|AVX2]
Thread count: 28 physical cores, 28 logical processors, using up to 28 threads

Non-default parameters:
TimeLimit  200
IntFeasTol  1e-09
MIPGap  1e-09

Academic license 2669763 - for non-commercial use only - registered to bg___@id.uff.br
Optimize a model with 9377 rows, 7653711 columns and 43253522 nonzeros (Min)
Model fingerprint: 0xc4889ae7
Model has 6327720 linear objective coefficients
Variable types: 0 continuous, 7653711 integer (7645330 binary)
Coefficient statistics:
  Matrix range     [1e-02, 3e+02]
  Objective range  [1e-02, 1e+02]
  Bounds range     [1e+00, 1e+00]
  RHS range        [1e+00, 1e+09]

Loaded MIP start from previous solve with objective 320.296

Presolve removed 52 rows and 20747 columns (presolve time = 5s)...
Presolve removed 4985 rows and 25682 columns (presolve time = 11s)...
Presolve removed 4985 rows and 4604102 columns (presolve time = 15s)...
Presolve removed 4992 rows and 4604584 columns (presolve time = 20s)...
Presolve removed 4992 rows and 4604591 columns (presolve time = 25s)...
Presolve removed 4992 rows and 4604591 columns (presolve time = 31s)...
Presolve removed 4992 rows and 4604591 columns (presolve time = 36s)...
Presolve removed 4992 rows and 4604591 columns (presolve time = 41s)...
Presolve removed 4992 rows and 4604591 columns (presolve time = 49s)...
Presolve removed 4992 rows and 4604591 columns (presolve time = 50s)...
Presolve removed 4992 rows and 4604591 columns
Presolve time: 51.04s
Presolved: 4385 rows, 3049120 columns, 14695852 nonzeros
Variable types: 0 continuous, 3049120 integer (3045732 binary)
Deterministic concurrent LP optimizer: primal simplex, dual simplex, and barrier
Showing barrier log only...

Root barrier log...

Ordering time: 0.15s

Barrier statistics:
 AA' NZ     : 3.223e+06
 Factor NZ  : 8.636e+06 (roughly 1.3 GB of memory)
 Factor Ops : 2.333e+10 (less than 1 second per iteration)
 Threads    : 26

                  Objective                Residual
Iter       Primal          Dual         Primal    Dual     Compl     Time
   0   1.71287180e+10 -4.72724573e+07  8.43e+09 4.44e-16  7.14e+03    58s
   1   1.06229245e+10 -3.48654613e+07  5.23e+09 1.34e+00  4.43e+03    58s
   2   2.59825072e+09 -2.36849471e+07  1.28e+09 9.87e-01  1.10e+03    59s
   3   7.75759405e+08 -7.01967167e+06  3.84e+08 1.96e-01  3.32e+02    60s
   4   7.25276183e+07 -3.22774109e+06  3.65e+07 5.60e-02  3.19e+01    61s
   5   4.39642179e+07 -2.59136206e+06  2.23e+07 4.66e-02  1.96e+01    62s
   6   3.07431266e+07 -2.24724834e+06  1.55e+07 6.59e-02  1.38e+01    62s
   7   2.09401173e+07 -1.92277881e+06  1.06e+07 5.57e-02  9.48e+00    62s

Barrier performed 7 iterations in 62.40 seconds (138.24 work units)
Barrier solve interrupted - model solved by another algorithm

Concurrent spin time: 1.46s (can be avoided by choosing Method=3)

Solved with primal simplex

Root simplex log...

Iteration    Objective       Primal Inf.    Dual Inf.      Time
   24004    3.2029593e+02   0.000000e+00   0.000000e+00     62s

Root relaxation: objective 3.202959e+02, 24004 iterations, 9.86 seconds (11.55 work units)

    Nodes    |    Current Node    |     Objective Bounds      |     Work
 Expl Unexpl |  Obj  Depth IntInf | Incumbent    BestBd   Gap | It/Node Time

     0     0 infeasible    0       320.29596  320.29596  0.00%     -   63s

Explored 1 nodes (24158 simplex iterations) in 63.65 seconds (139.22 work units)
Thread count was 28 (of 28 available processors)

Solution count 1: 320.296 

Optimal solution found (tolerance 1.00e-09)
Best objective 3.202959611017e+02, best bound 3.202959611017e+02, gap 0.0000%
pareto-map: box [11253.0400,11267.0400] (f2, f2<=320.4)  → new point f1=11260.0400 f2=320.296
Set parameter OutputFlag to value 1
Set parameter TimeLimit to value 200
Gurobi Optimizer version 13.0.1 build v13.0.1rc0 (linux64 - "CachyOS")

CPU model: Intel(R) Core(TM) i7-14700KF, instruction set [SSE2|AVX|AVX2]
Thread count: 28 physical cores, 28 logical processors, using up to 28 threads

Non-default parameters:
TimeLimit  200
IntFeasTol  1e-09
MIPGap  1e-09

Academic license 2669763 - for non-commercial use only - registered to bg___@id.uff.br
Optimize a model with 9376 rows, 7653711 columns and 36925802 nonzeros (Min)
Model fingerprint: 0xbce7f2fe
Model has 6327720 linear objective coefficients
Variable types: 0 continuous, 7653711 integer (7645330 binary)
Coefficient statistics:
  Matrix range     [1e-02, 3e+02]
  Objective range  [1e-02, 1e+02]
  Bounds range     [1e+00, 1e+00]
  RHS range        [1e+00, 1e+09]

Presolve removed 52 rows and 20758 columns (presolve time = 5s)...
Presolve removed 137 rows and 20843 columns (presolve time = 10s)...
Presolve removed 137 rows and 29835 columns (presolve time = 15s)...
Presolve removed 137 rows and 29835 columns (presolve time = 20s)...
Presolve removed 137 rows and 29835 columns (presolve time = 25s)...
Presolve removed 137 rows and 29835 columns (presolve time = 30s)...
Presolve removed 137 rows and 29835 columns (presolve time = 35s)...
Presolve removed 137 rows and 29835 columns
Presolve time: 39.88s
Presolved: 9239 rows, 7623876 columns, 30455992 nonzeros
Variable types: 0 continuous, 7623876 integer (7615633 binary)
Found heuristic solution: objective 361.9629500
Deterministic concurrent LP optimizer: primal simplex, dual simplex, and barrier
Showing barrier log only...

Root barrier log...

Ordering time: 0.61s

Barrier statistics:
 AA' NZ     : 8.221e+06
 Factor NZ  : 4.087e+07 (roughly 3.4 GB of memory)
 Factor Ops : 2.440e+11 (roughly 1 second per iteration)
 Threads    : 26

                  Objective                Residual
Iter       Primal          Dual         Primal    Dual     Compl     Time
   0   9.97948307e+10 -4.82898952e+08  6.96e+10 0.00e+00  2.99e+04    73s
   1   5.37880772e+10 -3.59562795e+08  3.75e+10 1.81e+00  1.62e+04    75s
   2   3.68921960e+10 -3.05509280e+08  2.57e+10 8.72e-01  1.13e+04    78s
   3   5.27717418e+09 -1.10922276e+08  3.70e+09 1.19e-01  1.66e+03    81s
   4   2.21319050e+09 -5.90224375e+07  1.55e+09 4.18e-02  7.05e+02    83s

Barrier performed 4 iterations in 83.07 seconds (178.19 work units)
Barrier solve interrupted - model solved by another algorithm

Concurrent spin time: 3.29s (can be avoided by choosing Method=3)

Solved with primal simplex

Root simplex log...

Iteration    Objective       Primal Inf.    Dual Inf.      Time
   55858    1.2997117e+02   0.000000e+00   0.000000e+00     83s

Root relaxation: objective 1.299712e+02, 55858 iterations, 22.53 seconds (24.47 work units)

    Nodes    |    Current Node    |     Objective Bounds      |     Work
 Expl Unexpl |  Obj  Depth IntInf | Incumbent    BestBd   Gap | It/Node Time

     0     0  129.97117    0   14  361.96295  129.97117  64.1%     -   85s
H    0     0                     130.5528611  129.97117  0.45%     -   93s
H    0     0                     130.4437806  129.97117  0.36%     -   95s
H    0     0                     130.0258861  129.97117  0.04%     -   95s
H    0     0                     129.9908139  129.97117  0.02%     -   95s
H    0     0                     129.9866528  129.97117  0.01%     -   96s
H    0     0                     129.9830861  129.97117  0.01%     -   96s
     0     0  129.97117    0  186  129.98309  129.97117  0.01%     -  114s
     0     0  129.97117    0    3  129.98309  129.97117  0.01%     -  121s
H    0     0                     129.9759528  129.97117  0.00%     -  121s
     0     0  129.97305    0   19  129.97595  129.97305  0.00%     -  121s
     0     0  129.97305    0   26  129.97595  129.97305  0.00%     -  121s
     0     0  129.97305    0   29  129.97595  129.97305  0.00%     -  121s
     0     0  129.97305    0   27  129.97595  129.97305  0.00%     -  121s
     0     0  129.97305    0    5  129.97595  129.97305  0.00%     -  121s
     0     0  129.97305    0   23  129.97595  129.97305  0.00%     -  121s
     0     0  129.97305    0    4  129.97595  129.97305  0.00%     -  121s
     0     0  129.97305    0   13  129.97595  129.97305  0.00%     -  121s
     0     0  129.97305    0    8  129.97595  129.97305  0.00%     -  121s
     0     0  129.97305    0   12  129.97595  129.97305  0.00%     -  121s
     0     0  129.97305    0   13  129.97595  129.97305  0.00%     -  121s
     0     0  129.97305    0    5  129.97595  129.97305  0.00%     -  121s
     0     0  129.97305    0   11  129.97595  129.97305  0.00%     -  121s
     0     0  129.97305    0    7  129.97595  129.97305  0.00%     -  122s
     0     0  129.97305    0    7  129.97595  129.97305  0.00%     -  122s
     0     2  129.97305    0    7  129.97595  129.97305  0.00%     -  122s

Cutting planes:
  Gomory: 1
  Cover: 9
  MIR: 1
  GUB cover: 3
  Inf proof: 5

Explored 744 nodes (104168 simplex iterations) in 123.17 seconds (209.44 work units)
Thread count was 28 (of 28 available processors)

Solution count 10: 129.976 129.983 129.983 ... 130.553

Optimal solution found (tolerance 1.00e-09)
Best objective 1.299759527827e+02, best bound 1.299759527827e+02, gap 0.0000%
Set parameter Seed to value 0
Gurobi Optimizer version 13.0.1 build v13.0.1rc0 (linux64 - "CachyOS")

CPU model: Intel(R) Core(TM) i7-14700KF, instruction set [SSE2|AVX|AVX2]
Thread count: 28 physical cores, 28 logical processors, using up to 28 threads

Non-default parameters:
TimeLimit  200
IntFeasTol  1e-09
MIPGap  1e-09

Academic license 2669763 - for non-commercial use only - registered to bg___@id.uff.br
Optimize a model with 9377 rows, 7653711 columns and 43253522 nonzeros (Min)
Model fingerprint: 0x2aa3c360
Model has 7645330 linear objective coefficients
Variable types: 0 continuous, 7653711 integer (7645330 binary)
Coefficient statistics:
  Matrix range     [1e-02, 3e+02]
  Objective range  [1e+00, 3e+02]
  Bounds range     [1e+00, 1e+00]
  RHS range        [1e+00, 1e+09]

Loaded MIP start from previous solve with objective 13136

Presolve removed 52 rows and 20749 columns (presolve time = 5s)...
Presolve removed 137 rows and 20834 columns (presolve time = 10s)...
Presolve removed 137 rows and 20834 columns (presolve time = 15s)...
Presolve removed 137 rows and 21602 columns (presolve time = 20s)...
Presolve removed 137 rows and 21602 columns (presolve time = 25s)...
Presolve removed 137 rows and 21602 columns (presolve time = 30s)...
Presolve removed 137 rows and 21602 columns (presolve time = 35s)...
Presolve removed 137 rows and 21602 columns (presolve time = 40s)...
Presolve removed 137 rows and 21602 columns (presolve time = 51s)...
Presolve removed 137 rows and 21602 columns
Presolve time: 52.69s
Presolved: 9240 rows, 7632109 columns, 36797292 nonzeros
Variable types: 0 continuous, 7632109 integer (7623866 binary)
Deterministic concurrent LP optimizer: primal simplex, dual simplex, and barrier
Showing barrier log only...

Root barrier log...

Ordering time: 0.49s

Barrier statistics:
 AA' NZ     : 8.229e+06
 Factor NZ  : 4.088e+07 (roughly 3.4 GB of memory)
 Factor Ops : 2.441e+11 (roughly 1 second per iteration)
 Threads    : 26

                  Objective                Residual
Iter       Primal          Dual         Primal    Dual     Compl     Time
   0   1.26921941e+12 -1.64798059e+09  6.78e+10 0.00e+00  1.26e+05    72s
   1   6.20311214e+11 -1.06316227e+09  3.31e+10 3.83e+00  6.18e+04    73s

Barrier performed 1 iterations in 73.24 seconds (375.89 work units)
Barrier solve interrupted - model solved by another algorithm

Concurrent spin time: 2.25s (can be avoided by choosing Method=3)

Solved with dual simplex

Root simplex log...

Iteration    Objective       Primal Inf.    Dual Inf.      Time
   10650    1.3135964e+04   0.000000e+00   0.000000e+00     74s

Root relaxation: objective 1.313596e+04, 10650 iterations, 18.93 seconds (28.30 work units)

    Nodes    |    Current Node    |     Objective Bounds      |     Work
 Expl Unexpl |  Obj  Depth IntInf | Incumbent    BestBd   Gap | It/Node Time

     0     0 13135.9645    0   20 13136.0400 13135.9645  0.00%     -   77s
     0     0 13135.9979    0  217 13136.0400 13135.9979  0.00%     -   97s
     0     0 13135.9979    0    7 13136.0400 13135.9979  0.00%     -  103s
     0     0 13135.9979    0   20 13136.0400 13135.9979  0.00%     -  103s
     0     0 13135.9988    0   28 13136.0400 13135.9988  0.00%     -  103s
     0     0 13135.9995    0   32 13136.0400 13135.9995  0.00%     -  103s
     0     0 13136.0009    0   36 13136.0400 13136.0009  0.00%     -  103s
     0     0 13136.0011    0   36 13136.0400 13136.0011  0.00%     -  104s
     0     0 13136.0017    0   36 13136.0400 13136.0017  0.00%     -  104s
     0     0 13136.0018    0   40 13136.0400 13136.0018  0.00%     -  104s
     0     0 13136.0020    0   39 13136.0400 13136.0020  0.00%     -  104s
     0     0 13136.0023    0   40 13136.0400 13136.0023  0.00%     -  104s
     0     0 13136.0024    0   43 13136.0400 13136.0024  0.00%     -  104s
     0     0 13136.0024    0   43 13136.0400 13136.0024  0.00%     -  104s
     0     0 13136.0024    0   25 13136.0400 13136.0024  0.00%     -  104s
     0     2 13136.0034    0   25 13136.0400 13136.0034  0.00%     -  104s

Cutting planes:
  Cover: 9
  MIR: 6
  StrongCG: 2

Explored 97 nodes (21651 simplex iterations) in 104.66 seconds (401.64 work units)
Thread count was 28 (of 28 available processors)

Solution count 1: 13136 

Optimal solution found (tolerance 1.00e-09)
Best objective 1.313603999976e+04, best bound 1.313603999976e+04, gap 0.0000%
pareto-map: box [13105.0400,13168.0400] (f1, f1<=13136)  → new point f1=13136.0400 f2=129.976
Set parameter OutputFlag to value 1
Set parameter TimeLimit to value 200
Gurobi Optimizer version 13.0.1 build v13.0.1rc0 (linux64 - "CachyOS")

CPU model: Intel(R) Core(TM) i7-14700KF, instruction set [SSE2|AVX|AVX2]
Thread count: 28 physical cores, 28 logical processors, using up to 28 threads

Non-default parameters:
TimeLimit  200
IntFeasTol  1e-09
MIPGap  1e-09

Academic license 2669763 - for non-commercial use only - registered to bg___@id.uff.br
Optimize a model with 9376 rows, 7653711 columns and 35608192 nonzeros (Min)
Model fingerprint: 0xdb0ee8a6
Model has 7645330 linear objective coefficients
Variable types: 0 continuous, 7653711 integer (7645330 binary)
Coefficient statistics:
  Matrix range     [1e-02, 1e+02]
  Objective range  [1e+00, 3e+02]
  Bounds range     [1e+00, 1e+00]
  RHS range        [1e+00, 1e+09]

Presolve removed 52 rows and 20749 columns (presolve time = 5s)...
Presolve removed 137 rows and 20834 columns (presolve time = 10s)...
Presolve removed 137 rows and 25190 columns (presolve time = 15s)...
Presolve removed 137 rows and 25190 columns (presolve time = 20s)...
Presolve removed 137 rows and 25190 columns (presolve time = 25s)...
Presolve removed 137 rows and 25190 columns (presolve time = 30s)...
Presolve removed 137 rows and 25190 columns (presolve time = 35s)...
Presolve removed 137 rows and 25190 columns (presolve time = 41s)...
Presolve removed 137 rows and 25190 columns
Presolve time: 40.78s
Presolved: 9239 rows, 7628521 columns, 29190794 nonzeros
Variable types: 0 continuous, 7628521 integer (7620278 binary)
Deterministic concurrent LP optimizer: primal simplex, dual simplex, and barrier
Showing barrier log only...

Root barrier log...

Ordering time: 0.50s

Barrier statistics:
 AA' NZ     : 8.220e+06
 Factor NZ  : 4.087e+07 (roughly 3.4 GB of memory)
 Factor Ops : 2.440e+11 (roughly 1 second per iteration)
 Threads    : 26

                  Objective                Residual
Iter       Primal          Dual         Primal    Dual     Compl     Time
   0   1.85519240e+13 -8.86854395e+09  2.40e+10 0.00e+00  1.52e+06    83s
   1   8.72951272e+12 -7.60193634e+09  1.18e+10 9.48e+01  7.60e+05    84s
   2   1.79312965e+12 -2.97681116e+09  2.58e+09 4.74e-11  1.71e+05    87s

Barrier performed 2 iterations in 87.21 seconds (169.56 work units)
Barrier solve interrupted - model solved by another algorithm

Concurrent spin time: 3.36s (can be avoided by choosing Method=3)

Solved with dual simplex

Root simplex log...

Iteration    Objective       Primal Inf.    Dual Inf.      Time
   13338    1.1340394e+04   0.000000e+00   0.000000e+00     87s

Root relaxation: objective 1.134039e+04, 13338 iterations, 17.54 seconds (19.96 work units)

    Nodes    |    Current Node    |     Objective Bounds      |     Work
 Expl Unexpl |  Obj  Depth IntInf | Incumbent    BestBd   Gap | It/Node Time

     0     0 11340.3936    0    8          - 11340.3936      -     -   87s
H    0     0                    11620.040000 11340.3936  2.41%     -  108s
H    0     0                    11346.040000 11340.3936  0.05%     -  111s
H    0     0                    11342.040000 11340.3936  0.01%     -  113s
H    0     0                    11341.040000 11340.3936  0.01%     -  114s
     0     0 11340.4053    0    8 11341.0400 11340.4053  0.01%     -  131s
     0     0 11340.4053    0    4 11341.0400 11340.4053  0.01%     -  135s
     0     0 11340.4053    0    4 11341.0400 11340.4053  0.01%     -  135s
     0     0 11340.5540    0    9 11341.0400 11340.5540  0.00%     -  135s
     0     0     cutoff    0      11341.0400 11341.0400  0.00%     -  135s

Cutting planes:
  Gomory: 1
  Cover: 1
  MIR: 1

Explored 1 nodes (13790 simplex iterations) in 136.14 seconds (198.96 work units)
Thread count was 28 (of 28 available processors)

Solution count 6: 11341 11341 11342 ... 11620

Optimal solution found (tolerance 1.00e-09)
Best objective 1.134103999976e+04, best bound 1.134103999976e+04, gap 0.0000%
Set parameter Seed to value 0
Gurobi Optimizer version 13.0.1 build v13.0.1rc0 (linux64 - "CachyOS")

CPU model: Intel(R) Core(TM) i7-14700KF, instruction set [SSE2|AVX|AVX2]
Thread count: 28 physical cores, 28 logical processors, using up to 28 threads

Non-default parameters:
TimeLimit  200
IntFeasTol  1e-09
MIPGap  1e-09

Academic license 2669763 - for non-commercial use only - registered to bg___@id.uff.br
Optimize a model with 9377 rows, 7653711 columns and 43253522 nonzeros (Min)
Model fingerprint: 0xed902390
Model has 6327720 linear objective coefficients
Variable types: 0 continuous, 7653711 integer (7645330 binary)
Coefficient statistics:
  Matrix range     [1e-02, 3e+02]
  Objective range  [1e-02, 1e+02]
  Bounds range     [1e+00, 1e+00]
  RHS range        [1e+00, 1e+09]

Loaded MIP start from previous solve with objective 298.669

Presolve removed 52 rows and 20749 columns (presolve time = 5s)...
Presolve removed 2636 rows and 2343392 columns (presolve time = 10s)...
Presolve removed 2636 rows and 2343463 columns (presolve time = 15s)...
Presolve removed 2636 rows and 2343867 columns (presolve time = 20s)...
Presolve removed 2636 rows and 2343867 columns (presolve time = 25s)...
Presolve removed 2636 rows and 2343867 columns (presolve time = 30s)...
Presolve removed 2636 rows and 2343867 columns (presolve time = 35s)...
Presolve removed 2636 rows and 2343867 columns
Presolve time: 37.12s
Presolved: 6741 rows, 5309844 columns, 25603283 nonzeros
Variable types: 0 continuous, 5309844 integer (5304100 binary)
Deterministic concurrent LP optimizer: primal simplex, dual simplex, and barrier
Showing barrier log only...

Root barrier log...

Ordering time: 0.33s

Barrier statistics:
 AA' NZ     : 5.594e+06
 Factor NZ  : 2.050e+07 (roughly 2.3 GB of memory)
 Factor Ops : 8.584e+10 (less than 1 second per iteration)
 Threads    : 26

                  Objective                Residual
Iter       Primal          Dual         Primal    Dual     Compl     Time
   0   6.64989809e+10 -1.21730197e+08  4.55e+10 4.44e-16  1.81e+04    49s
   1   4.21832918e+10 -9.41420378e+07  2.89e+10 1.16e+00  1.15e+04    50s
   2   2.23420621e+10 -7.13802512e+07  1.53e+10 7.43e-01  6.05e+03    51s
   3   5.86981429e+09 -2.48214996e+07  4.03e+09 2.09e-12  1.60e+03    53s
   4   1.86629277e+09 -1.30988405e+07  1.28e+09 4.62e-12  5.12e+02    55s
   5   5.36187908e+08 -1.06690228e+07  3.70e+08 3.65e-12  1.48e+02    55s
   6   1.35067833e+08 -4.56764936e+06  9.40e+07 9.98e-12  3.80e+01    57s

Barrier performed 6 iterations in 56.61 seconds (156.76 work units)
Barrier solve interrupted - model solved by another algorithm

Concurrent spin time: 3.79s (can be avoided by choosing Method=3)

Solved with primal simplex

Root simplex log...

Iteration    Objective       Primal Inf.    Dual Inf.      Time
   27286    2.9861818e+02   0.000000e+00   0.000000e+00     57s

Root relaxation: objective 2.986182e+02, 27286 iterations, 17.40 seconds (20.00 work units)

    Nodes    |    Current Node    |     Objective Bounds      |     Work
 Expl Unexpl |  Obj  Depth IntInf | Incumbent    BestBd   Gap | It/Node Time

     0     0  298.61818    0    8  298.66859  298.61818  0.02%     -   57s
     0     0  298.61997    0   16  298.66859  298.61997  0.02%     -   75s
     0     0  298.61997    0    5  298.66859  298.61997  0.02%     -   79s
     0     0  298.64555    0    6  298.66859  298.64555  0.01%     -   79s
*    0     0               0     298.6474833  298.64748  0.00%     -   79s

Cutting planes:
  Gomory: 2
  MIR: 2
  Zero half: 1

Explored 1 nodes (27534 simplex iterations) in 79.93 seconds (176.63 work units)
Thread count was 28 (of 28 available processors)

Solution count 3: 298.647 298.669 298.669 

Optimal solution found (tolerance 1.00e-09)
Best objective 2.986474833433e+02, best bound 2.986474833433e+02, gap 0.0000%
pareto-map: box [11332.0400,11349.0400] (f2, f2<=298.8)  → new point f1=11341.0400 f2=298.647
Set parameter OutputFlag to value 1
Set parameter TimeLimit to value 200
Gurobi Optimizer version 13.0.1 build v13.0.1rc0 (linux64 - "CachyOS")

CPU model: Intel(R) Core(TM) i7-14700KF, instruction set [SSE2|AVX|AVX2]
Thread count: 28 physical cores, 28 logical processors, using up to 28 threads

Non-default parameters:
TimeLimit  200
IntFeasTol  1e-09
MIPGap  1e-09

Academic license 2669763 - for non-commercial use only - registered to bg___@id.uff.br
Optimize a model with 9376 rows, 7653711 columns and 36925802 nonzeros (Min)
Model fingerprint: 0xa4071fee
Model has 6327720 linear objective coefficients
Variable types: 0 continuous, 7653711 integer (7645330 binary)
Coefficient statistics:
  Matrix range     [1e-02, 3e+02]
  Objective range  [1e-02, 1e+02]
  Bounds range     [1e+00, 1e+00]
  RHS range        [1e+00, 1e+09]

Presolve removed 52 rows and 20758 columns (presolve time = 5s)...
Presolve removed 137 rows and 20843 columns (presolve time = 10s)...
Presolve removed 137 rows and 29747 columns (presolve time = 15s)...
Presolve removed 137 rows and 29835 columns (presolve time = 20s)...
Presolve removed 137 rows and 29835 columns (presolve time = 25s)...
Presolve removed 137 rows and 29835 columns (presolve time = 30s)...
Presolve removed 137 rows and 29835 columns (presolve time = 35s)...
Presolve removed 137 rows and 29835 columns
Presolve time: 38.69s
Presolved: 9239 rows, 7623876 columns, 30455992 nonzeros
Variable types: 0 continuous, 7623876 integer (7615633 binary)
Found heuristic solution: objective 361.9629500
Deterministic concurrent LP optimizer: primal simplex, dual simplex, and barrier
Showing barrier log only...

Root barrier log...

Ordering time: 0.55s

Barrier statistics:
 AA' NZ     : 8.221e+06
 Factor NZ  : 4.087e+07 (roughly 3.4 GB of memory)
 Factor Ops : 2.440e+11 (roughly 1 second per iteration)
 Threads    : 26

                  Objective                Residual
Iter       Primal          Dual         Primal    Dual     Compl     Time
   0   9.97948305e+10 -4.82898952e+08  6.96e+10 0.00e+00  2.99e+04    72s
   1   5.37878859e+10 -3.59562047e+08  3.75e+10 1.81e+00  1.62e+04    74s
   2   3.68921558e+10 -3.05507982e+08  2.57e+10 8.72e-01  1.13e+04    78s
   3   5.27708757e+09 -1.10922134e+08  3.70e+09 1.19e-01  1.66e+03    81s
   4   2.21313979e+09 -5.90230904e+07  1.55e+09 4.18e-02  7.05e+02    83s

Barrier performed 4 iterations in 83.09 seconds (178.28 work units)
Barrier solve interrupted - model solved by another algorithm

Concurrent spin time: 5.61s (can be avoided by choosing Method=3)

Solved with primal simplex

Root simplex log...

Iteration    Objective       Primal Inf.    Dual Inf.      Time
   54503    1.2591590e+02   0.000000e+00   0.000000e+00     83s

Root relaxation: objective 1.259159e+02, 54503 iterations, 22.94 seconds (24.03 work units)

    Nodes    |    Current Node    |     Objective Bounds      |     Work
 Expl Unexpl |  Obj  Depth IntInf | Incumbent    BestBd   Gap | It/Node Time

     0     0  125.91590    0   18  361.96295  125.91590  65.2%     -   86s
H    0     0                     126.6220972  125.91590  0.56%     -   94s
H    0     0                     126.5578972  125.91590  0.51%     -   95s
H    0     0                     125.9747472  125.91590  0.05%     -   95s
H    0     0                     125.9268944  125.91590  0.01%     -   96s
     0     0  125.91590    0  180  125.92689  125.91590  0.01%     -  113s
     0     0  125.91590    0   11  125.92689  125.91590  0.01%     -  119s
H    0     0                     125.9215444  125.91590  0.00%     -  119s
H    0     0                     125.9176806  125.91590  0.00%     -  119s

Cutting planes:
  Gomory: 1
  Cover: 1
  GUB cover: 1

Explored 1 nodes (66696 simplex iterations) in 120.00 seconds (204.85 work units)
Thread count was 28 (of 28 available processors)

Solution count 7: 125.918 125.922 125.927 ... 361.963

Optimal solution found (tolerance 1.00e-09)
Best objective 1.259176805595e+02, best bound 1.259176805595e+02, gap 0.0000%
Set parameter Seed to value 0
Gurobi Optimizer version 13.0.1 build v13.0.1rc0 (linux64 - "CachyOS")

CPU model: Intel(R) Core(TM) i7-14700KF, instruction set [SSE2|AVX|AVX2]
Thread count: 28 physical cores, 28 logical processors, using up to 28 threads

Non-default parameters:
TimeLimit  200
IntFeasTol  1e-09
MIPGap  1e-09

Academic license 2669763 - for non-commercial use only - registered to bg___@id.uff.br
Optimize a model with 9377 rows, 7653711 columns and 43253522 nonzeros (Min)
Model fingerprint: 0x5580b725
Model has 7645330 linear objective coefficients
Variable types: 0 continuous, 7653711 integer (7645330 binary)
Coefficient statistics:
  Matrix range     [1e-02, 3e+02]
  Objective range  [1e+00, 3e+02]
  Bounds range     [1e+00, 1e+00]
  RHS range        [1e+00, 1e+09]

Loaded MIP start from previous solve with objective 13199

Presolve removed 52 rows and 20749 columns (presolve time = 5s)...
Presolve removed 137 rows and 20834 columns (presolve time = 10s)...
Presolve removed 137 rows and 20834 columns (presolve time = 15s)...
Presolve removed 137 rows and 21602 columns (presolve time = 20s)...
Presolve removed 137 rows and 21602 columns (presolve time = 25s)...
Presolve removed 137 rows and 21602 columns (presolve time = 30s)...
Presolve removed 137 rows and 21602 columns (presolve time = 35s)...
Presolve removed 137 rows and 21602 columns (presolve time = 40s)...
Presolve removed 137 rows and 21602 columns (presolve time = 50s)...
Presolve removed 137 rows and 21602 columns (presolve time = 51s)...
Presolve removed 137 rows and 21602 columns
Presolve time: 52.56s
Presolved: 9240 rows, 7632109 columns, 36797292 nonzeros
Variable types: 0 continuous, 7632109 integer (7623866 binary)
Deterministic concurrent LP optimizer: primal simplex, dual simplex, and barrier
Showing barrier log only...

Root barrier log...

Ordering time: 0.52s

Barrier statistics:
 AA' NZ     : 8.229e+06
 Factor NZ  : 4.088e+07 (roughly 3.4 GB of memory)
 Factor Ops : 2.441e+11 (roughly 1 second per iteration)
 Threads    : 26

                  Objective                Residual
Iter       Primal          Dual         Primal    Dual     Compl     Time
   0   1.26921959e+12 -1.64797991e+09  6.78e+10 0.00e+00  1.26e+05    73s
   1   6.20300132e+11 -1.06316950e+09  3.31e+10 3.83e+00  6.18e+04    75s

Barrier performed 1 iterations in 74.65 seconds (420.04 work units)
Barrier solve interrupted - model solved by another algorithm

Concurrent spin time: 2.21s (can be avoided by choosing Method=3)

Solved with dual simplex

Root simplex log...

Iteration    Objective       Primal Inf.    Dual Inf.      Time
   11389    1.3199011e+04   0.000000e+00   0.000000e+00     76s

Root relaxation: objective 1.319901e+04, 11389 iterations, 20.20 seconds (28.40 work units)

    Nodes    |    Current Node    |     Objective Bounds      |     Work
 Expl Unexpl |  Obj  Depth IntInf | Incumbent    BestBd   Gap | It/Node Time

     0     0 13199.0107    0   15 13199.0400 13199.0107  0.00%     -   79s
     0     0 13199.0205    0  181 13199.0400 13199.0205  0.00%     -   99s
     0     0 13199.0205    0    6 13199.0400 13199.0205  0.00%     -  104s
     0     0 13199.0205    0   23 13199.0400 13199.0205  0.00%     -  104s
     0     0 13199.0214    0   24 13199.0400 13199.0214  0.00%     -  104s
     0     0 13199.0248    0   33 13199.0400 13199.0248  0.00%     -  104s
     0     0 13199.0265    0   32 13199.0400 13199.0265  0.00%     -  104s
     0     0 13199.0266    0   38 13199.0400 13199.0266  0.00%     -  104s
     0     0 13199.0313    0   32 13199.0400 13199.0313  0.00%     -  104s
     0     0 13199.0331    0   42 13199.0400 13199.0331  0.00%     -  104s
     0     0     cutoff    0      13199.0400 13199.0400  0.00%     -  104s

Cutting planes:
  Cover: 4
  MIR: 5
  StrongCG: 1

Explored 1 nodes (15798 simplex iterations) in 105.24 seconds (446.20 work units)
Thread count was 28 (of 28 available processors)

Solution count 2: 13199 13199 

Optimal solution found (tolerance 1.00e-09)
Best objective 1.319903999976e+04, best bound 1.319903999976e+04, gap 0.0000%
pareto-map: box [13168.0400,13231.0400] (f1, f1<=13199)  → new point f1=13199.0400 f2=125.918
Set parameter OutputFlag to value 1
Set parameter TimeLimit to value 200
Gurobi Optimizer version 13.0.1 build v13.0.1rc0 (linux64 - "CachyOS")

CPU model: Intel(R) Core(TM) i7-14700KF, instruction set [SSE2|AVX|AVX2]
Thread count: 28 physical cores, 28 logical processors, using up to 28 threads

Non-default parameters:
TimeLimit  200
IntFeasTol  1e-09
MIPGap  1e-09

Academic license 2669763 - for non-commercial use only - registered to bg___@id.uff.br
Optimize a model with 9376 rows, 7653711 columns and 35608192 nonzeros (Min)
Model fingerprint: 0xafac6961
Model has 7645330 linear objective coefficients
Variable types: 0 continuous, 7653711 integer (7645330 binary)
Coefficient statistics:
  Matrix range     [1e-02, 1e+02]
  Objective range  [1e+00, 3e+02]
  Bounds range     [1e+00, 1e+00]
  RHS range        [1e+00, 1e+09]

Presolve removed 52 rows and 20749 columns (presolve time = 5s)...
Presolve removed 137 rows and 20834 columns (presolve time = 10s)...
Presolve removed 137 rows and 25190 columns (presolve time = 15s)...
Presolve removed 137 rows and 25190 columns (presolve time = 20s)...
Presolve removed 137 rows and 25190 columns (presolve time = 25s)...
Presolve removed 137 rows and 25190 columns (presolve time = 30s)...
Presolve removed 137 rows and 25190 columns (presolve time = 36s)...
Presolve removed 137 rows and 25190 columns
Presolve time: 38.30s
Presolved: 9239 rows, 7628521 columns, 29190794 nonzeros
Variable types: 0 continuous, 7628521 integer (7620278 binary)
Deterministic concurrent LP optimizer: primal simplex, dual simplex, and barrier
Showing barrier log only...

Root barrier log...

Ordering time: 0.51s

Barrier statistics:
 AA' NZ     : 8.220e+06
 Factor NZ  : 4.087e+07 (roughly 3.4 GB of memory)
 Factor Ops : 2.440e+11 (roughly 1 second per iteration)
 Threads    : 26

                  Objective                Residual
Iter       Primal          Dual         Primal    Dual     Compl     Time
   0   1.85519230e+13 -8.86854395e+09  2.40e+10 0.00e+00  1.52e+06    80s
   1   8.72956267e+12 -7.60243859e+09  1.18e+10 9.48e+01  7.60e+05    82s
   2   1.79332109e+12 -2.97672058e+09  2.58e+09 7.28e-11  1.71e+05    85s

Barrier performed 2 iterations in 84.69 seconds (169.20 work units)
Barrier solve interrupted - model solved by another algorithm

Concurrent spin time: 2.55s (can be avoided by choosing Method=3)

Solved with dual simplex

Root simplex log...

Iteration    Objective       Primal Inf.    Dual Inf.      Time
   13520    1.1206860e+04   0.000000e+00   0.000000e+00     85s

Root relaxation: objective 1.120686e+04, 13520 iterations, 17.83 seconds (20.16 work units)
Total elapsed time = 85.41s (DegenMoves)

    Nodes    |    Current Node    |     Objective Bounds      |     Work
 Expl Unexpl |  Obj  Depth IntInf | Incumbent    BestBd   Gap | It/Node Time

     0     0 11206.8597    0   12          - 11206.8597      -     -   87s
H    0     0                    11207.040000 11206.8597  0.00%     -  102s
     0     0 11206.8617    0   14 11207.0400 11206.8617  0.00%     -  121s
     0     0 11206.8962    0    3 11207.0400 11206.8962  0.00%     -  126s
     0     0 11206.8979    0    6 11207.0400 11206.8979  0.00%     -  126s
     0     0     cutoff    0      11207.0400 11207.0400  0.00%     -  126s

Cutting planes:
  Gomory: 1
  Cover: 1

Explored 1 nodes (13748 simplex iterations) in 126.97 seconds (195.51 work units)
Thread count was 28 (of 28 available processors)

Solution count 2: 11207 11207 

Optimal solution found (tolerance 1.00e-09)
Best objective 1.120703999976e+04, best bound 1.120703999976e+04, gap 0.0000%
Set parameter Seed to value 0
Gurobi Optimizer version 13.0.1 build v13.0.1rc0 (linux64 - "CachyOS")

CPU model: Intel(R) Core(TM) i7-14700KF, instruction set [SSE2|AVX|AVX2]
Thread count: 28 physical cores, 28 logical processors, using up to 28 threads

Non-default parameters:
TimeLimit  200
IntFeasTol  1e-09
MIPGap  1e-09

Academic license 2669763 - for non-commercial use only - registered to bg___@id.uff.br
Optimize a model with 9377 rows, 7653711 columns and 43253522 nonzeros (Min)
Model fingerprint: 0xbbaeb57b
Model has 6327720 linear objective coefficients
Variable types: 0 continuous, 7653711 integer (7645330 binary)
Coefficient statistics:
  Matrix range     [1e-02, 3e+02]
  Objective range  [1e-02, 1e+02]
  Bounds range     [1e+00, 1e+00]
  RHS range        [1e+00, 1e+09]

Loaded MIP start from previous solve with objective 337.539

Presolve removed 52 rows and 20749 columns (presolve time = 5s)...
Presolve removed 6522 rows and 27219 columns (presolve time = 10s)...
Presolve removed 6522 rows and 6083403 columns (presolve time = 15s)...
Presolve removed 6558 rows and 6083865 columns (presolve time = 20s)...
Presolve removed 6564 rows and 6085231 columns (presolve time = 25s)...
Presolve removed 6564 rows and 6085231 columns (presolve time = 31s)...
Presolve removed 6564 rows and 6085231 columns (presolve time = 36s)...
Presolve removed 6564 rows and 6085231 columns (presolve time = 40s)...
Presolve removed 6564 rows and 6085231 columns (presolve time = 45s)...
Presolve removed 6564 rows and 6085231 columns (presolve time = 50s)...
Presolve removed 6564 rows and 6085231 columns (presolve time = 55s)...
Presolve removed 6564 rows and 6085231 columns
Presolve time: 57.27s
Presolved: 2813 rows, 1568480 columns, 7551651 nonzeros
Variable types: 0 continuous, 1568480 integer (1566664 binary)
Deterministic concurrent LP optimizer: primal simplex, dual simplex, and barrier
Showing barrier log only...

Root barrier log...

Ordering time: 0.08s

Barrier statistics:
 AA' NZ     : 1.661e+06
 Factor NZ  : 3.628e+06 (roughly 700 MB of memory)
 Factor Ops : 6.290e+09 (less than 1 second per iteration)
 Threads    : 26

                  Objective                Residual
Iter       Primal          Dual         Primal    Dual     Compl     Time
   0   2.15360016e+09 -1.49553211e+07  7.63e+08 0.00e+00  1.53e+03    61s
   1   1.15235325e+09 -1.04364398e+07  4.08e+08 2.84e+00  8.29e+02    61s
   2   6.36903278e+08 -9.25817363e+06  2.28e+08 2.80e+00  4.65e+02    61s
   3   3.30173381e+08 -4.40916044e+06  1.20e+08 9.91e-01  2.48e+02    62s
   4   1.13527197e+08 -2.65055390e+06  4.16e+07 3.27e-01  8.68e+01    62s
   5   6.54539292e+07 -1.60145110e+06  2.41e+07 1.95e-01  5.08e+01    62s

Barrier performed 5 iterations in 62.28 seconds (123.56 work units)
Barrier solve interrupted - model solved by another algorithm

Concurrent spin time: 0.10s

Solved with primal simplex

Root simplex log...

Iteration    Objective       Primal Inf.    Dual Inf.      Time
   15431    3.3753898e+02   0.000000e+00   0.000000e+00     62s

Root relaxation: objective 3.375390e+02, 15431 iterations, 4.07 seconds (5.06 work units)

    Nodes    |    Current Node    |     Objective Bounds      |     Work
 Expl Unexpl |  Obj  Depth IntInf | Incumbent    BestBd   Gap | It/Node Time

     0     0 infeasible    0       337.53901  337.53901  0.00%     -   63s

Explored 1 nodes (15617 simplex iterations) in 63.29 seconds (123.84 work units)
Thread count was 28 (of 28 available processors)

Solution count 1: 337.539 

Optimal solution found (tolerance 1.00e-09)
Best objective 3.375390111032e+02, best bound 3.375390111032e+02, gap 0.0000%
pareto-map: box [11201.0400,11213.0400] (f2, f2<=337.6)  → new point f1=11207.0400 f2=337.539
Set parameter OutputFlag to value 1
Set parameter TimeLimit to value 200
Gurobi Optimizer version 13.0.1 build v13.0.1rc0 (linux64 - "CachyOS")

CPU model: Intel(R) Core(TM) i7-14700KF, instruction set [SSE2|AVX|AVX2]
Thread count: 28 physical cores, 28 logical processors, using up to 28 threads

Non-default parameters:
TimeLimit  200
IntFeasTol  1e-09
MIPGap  1e-09

Academic license 2669763 - for non-commercial use only - registered to bg___@id.uff.br
Optimize a model with 9376 rows, 7653711 columns and 36925802 nonzeros (Min)
Model fingerprint: 0xbc69d894
Model has 6327720 linear objective coefficients
Variable types: 0 continuous, 7653711 integer (7645330 binary)
Coefficient statistics:
  Matrix range     [1e-02, 3e+02]
  Objective range  [1e-02, 1e+02]
  Bounds range     [1e+00, 1e+00]
  RHS range        [1e+00, 1e+09]

Presolve removed 52 rows and 20758 columns (presolve time = 5s)...
Presolve removed 137 rows and 20843 columns (presolve time = 10s)...
Presolve removed 137 rows and 29747 columns (presolve time = 15s)...
Presolve removed 137 rows and 29835 columns (presolve time = 20s)...
Presolve removed 137 rows and 29835 columns (presolve time = 25s)...
Presolve removed 137 rows and 29835 columns (presolve time = 30s)...
Presolve removed 137 rows and 29835 columns (presolve time = 35s)...
Presolve removed 137 rows and 29835 columns (presolve time = 41s)...
Presolve removed 137 rows and 29835 columns
Presolve time: 41.47s
Presolved: 9239 rows, 7623876 columns, 30455992 nonzeros
Variable types: 0 continuous, 7623876 integer (7615633 binary)
Found heuristic solution: objective 361.9629500
Deterministic concurrent LP optimizer: primal simplex, dual simplex, and barrier
Showing barrier log only...

Root barrier log...

Ordering time: 0.56s

Barrier statistics:
 AA' NZ     : 8.221e+06
 Factor NZ  : 4.087e+07 (roughly 3.4 GB of memory)
 Factor Ops : 2.440e+11 (roughly 1 second per iteration)
 Threads    : 26

                  Objective                Residual
Iter       Primal          Dual         Primal    Dual     Compl     Time
   0   9.97948313e+10 -4.82898952e+08  6.96e+10 0.00e+00  2.99e+04    75s
   1   5.37839942e+10 -3.59540676e+08  3.75e+10 1.81e+00  1.62e+04    77s
   2   3.68931308e+10 -3.05480928e+08  2.57e+10 8.73e-01  1.13e+04    79s
   3   5.27922404e+09 -1.10926081e+08  3.70e+09 1.19e-01  1.66e+03    82s
   4   2.21348760e+09 -5.90145349e+07  1.55e+09 4.21e-02  7.05e+02    85s

Barrier performed 4 iterations in 85.50 seconds (178.14 work units)
Barrier solve interrupted - model solved by another algorithm

Concurrent spin time: 0.79s

Solved with primal simplex

Root simplex log...

Iteration    Objective       Primal Inf.    Dual Inf.      Time
   49059    1.4645554e+02   0.000000e+00   0.000000e+00     86s

Root relaxation: objective 1.464555e+02, 49059 iterations, 22.97 seconds (24.58 work units)

    Nodes    |    Current Node    |     Objective Bounds      |     Work
 Expl Unexpl |  Obj  Depth IntInf | Incumbent    BestBd   Gap | It/Node Time

     0     0  146.45554    0   11  361.96295  146.45554  59.5%     -   88s
H    0     0                     146.9847917  146.45554  0.36%     -   96s
H    0     0                     146.9292111  146.45554  0.32%     -   97s
H    0     0                     146.7178861  146.45554  0.18%     -   98s
H    0     0                     146.7015389  146.45554  0.17%     -   99s
H    0     0                     146.5737333  146.45554  0.08%     -  101s
H    0     0                     146.4578167  146.45554  0.00%     -  102s
     0     0  146.45554    0  200  146.45782  146.45554  0.00%     -  120s
H    0     0                     146.4563306  146.45554  0.00%     -  126s
     0     0  146.45554    0    6  146.45633  146.45554  0.00%     -  127s

Cutting planes:
  Gomory: 2
  GUB cover: 1
  RLT: 1

Explored 1 nodes (64573 simplex iterations) in 127.57 seconds (212.19 work units)
Thread count was 28 (of 28 available processors)

Solution count 8: 146.456 146.458 146.574 ... 361.963

Optimal solution found (tolerance 1.00e-09)
Best objective 1.464563305670e+02, best bound 1.464563305670e+02, gap 0.0000%
Set parameter Seed to value 0
Gurobi Optimizer version 13.0.1 build v13.0.1rc0 (linux64 - "CachyOS")

CPU model: Intel(R) Core(TM) i7-14700KF, instruction set [SSE2|AVX|AVX2]
Thread count: 28 physical cores, 28 logical processors, using up to 28 threads

Non-default parameters:
TimeLimit  200
IntFeasTol  1e-09
MIPGap  1e-09

Academic license 2669763 - for non-commercial use only - registered to bg___@id.uff.br
Optimize a model with 9377 rows, 7653711 columns and 43253522 nonzeros (Min)
Model fingerprint: 0xf5cae187
Model has 7645330 linear objective coefficients
Variable types: 0 continuous, 7653711 integer (7645330 binary)
Coefficient statistics:
  Matrix range     [1e-02, 3e+02]
  Objective range  [1e+00, 3e+02]
  Bounds range     [1e+00, 1e+00]
  RHS range        [1e+00, 1e+09]

Loaded MIP start from previous solve with objective 12884

Presolve removed 52 rows and 20749 columns (presolve time = 5s)...
Presolve removed 137 rows and 20834 columns (presolve time = 10s)...
Presolve removed 137 rows and 21602 columns (presolve time = 15s)...
Presolve removed 137 rows and 21602 columns (presolve time = 20s)...
Presolve removed 137 rows and 21602 columns (presolve time = 25s)...
Presolve removed 137 rows and 21602 columns (presolve time = 30s)...
Presolve removed 137 rows and 21602 columns (presolve time = 35s)...
Presolve removed 137 rows and 21602 columns (presolve time = 40s)...
Presolve removed 137 rows and 21602 columns (presolve time = 45s)...
Presolve removed 137 rows and 21602 columns
Presolve time: 49.48s
Presolved: 9240 rows, 7632109 columns, 36797292 nonzeros
Variable types: 0 continuous, 7632109 integer (7623866 binary)
Deterministic concurrent LP optimizer: primal simplex, dual simplex, and barrier
Showing barrier log only...

Root barrier log...

Ordering time: 0.50s

Barrier statistics:
 AA' NZ     : 8.229e+06
 Factor NZ  : 4.088e+07 (roughly 3.4 GB of memory)
 Factor Ops : 2.441e+11 (roughly 1 second per iteration)
 Threads    : 26

                  Objective                Residual
Iter       Primal          Dual         Primal    Dual     Compl     Time
   0   1.26921932e+12 -1.64798059e+09  6.78e+10 0.00e+00  1.26e+05    68s
   1   6.20312787e+11 -1.06315754e+09  3.31e+10 3.83e+00  6.18e+04    69s

Barrier performed 1 iterations in 69.44 seconds (255.65 work units)
Barrier solve interrupted - model solved by another algorithm

Concurrent spin time: 2.63s (can be avoided by choosing Method=3)

Solved with dual simplex

Root simplex log...

Iteration    Objective       Primal Inf.    Dual Inf.      Time
    8946    1.2884027e+04   0.000000e+00   0.000000e+00     71s

Root relaxation: objective 1.288403e+04, 8946 iterations, 19.27 seconds (28.14 work units)

    Nodes    |    Current Node    |     Objective Bounds      |     Work
 Expl Unexpl |  Obj  Depth IntInf | Incumbent    BestBd   Gap | It/Node Time

     0     0 12884.0265    0   18 12884.0400 12884.0265  0.00%     -   75s
     0     0     cutoff    0      12884.0400 12884.0400  0.00%     -   95s

Cutting planes:
  Cover: 2
  MIR: 1
  StrongCG: 3
  Mod-K: 1
  RLT: 1

Explored 1 nodes (9455 simplex iterations) in 95.60 seconds (278.47 work units)
Thread count was 28 (of 28 available processors)

Solution count 1: 12884 

Optimal solution found (tolerance 1.00e-09)
Best objective 1.288403999976e+04, best bound 1.288403999976e+04, gap 0.0000%
pareto-map: box [12853.0400,12916.0400] (f1, f1<=12884)  → new point f1=12884.0400 f2=146.456
Set parameter OutputFlag to value 1
Set parameter TimeLimit to value 200
Gurobi Optimizer version 13.0.1 build v13.0.1rc0 (linux64 - "CachyOS")

CPU model: Intel(R) Core(TM) i7-14700KF, instruction set [SSE2|AVX|AVX2]
Thread count: 28 physical cores, 28 logical processors, using up to 28 threads

Non-default parameters:
TimeLimit  200
IntFeasTol  1e-09
MIPGap  1e-09

Academic license 2669763 - for non-commercial use only - registered to bg___@id.uff.br
Optimize a model with 9376 rows, 7653711 columns and 35608192 nonzeros (Min)
Model fingerprint: 0xf2aa31f3
Model has 7645330 linear objective coefficients
Variable types: 0 continuous, 7653711 integer (7645330 binary)
Coefficient statistics:
  Matrix range     [1e-02, 1e+02]
  Objective range  [1e+00, 3e+02]
  Bounds range     [1e+00, 1e+00]
  RHS range        [1e+00, 1e+09]

Presolve removed 52 rows and 20749 columns (presolve time = 5s)...
Presolve removed 137 rows and 20834 columns (presolve time = 10s)...
Presolve removed 137 rows and 25190 columns (presolve time = 15s)...
Presolve removed 137 rows and 25190 columns (presolve time = 20s)...
Presolve removed 137 rows and 25190 columns (presolve time = 25s)...
Presolve removed 137 rows and 25190 columns (presolve time = 30s)...
Presolve removed 137 rows and 25190 columns (presolve time = 35s)...
Presolve removed 137 rows and 25190 columns
Presolve time: 36.87s
Presolved: 9239 rows, 7628521 columns, 29190794 nonzeros
Variable types: 0 continuous, 7628521 integer (7620278 binary)
Deterministic concurrent LP optimizer: primal simplex, dual simplex, and barrier
Showing barrier log only...

Root barrier log...

Ordering time: 0.52s

Barrier statistics:
 AA' NZ     : 8.220e+06
 Factor NZ  : 4.087e+07 (roughly 3.4 GB of memory)
 Factor Ops : 2.440e+11 (roughly 1 second per iteration)
 Threads    : 26

                  Objective                Residual
Iter       Primal          Dual         Primal    Dual     Compl     Time
   0   1.85519241e+13 -8.86854395e+09  2.40e+10 0.00e+00  1.52e+06    79s
   1   8.73067203e+12 -7.60275656e+09  1.18e+10 9.48e+01  7.60e+05    81s
   2   1.79357284e+12 -2.97726520e+09  2.58e+09 6.25e-11  1.71e+05    83s

Barrier performed 2 iterations in 82.55 seconds (169.22 work units)
Barrier solve interrupted - model solved by another algorithm

Concurrent spin time: 3.54s (can be avoided by choosing Method=3)

Solved with dual simplex

Root simplex log...

Iteration    Objective       Primal Inf.    Dual Inf.      Time
   10765    1.1357946e+04   0.000000e+00   0.000000e+00     83s

Root relaxation: objective 1.135795e+04, 10765 iterations, 17.35 seconds (18.98 work units)

    Nodes    |    Current Node    |     Objective Bounds      |     Work
 Expl Unexpl |  Obj  Depth IntInf | Incumbent    BestBd   Gap | It/Node Time

     0     0 11357.9462    0   16          - 11357.9462      -     -   84s
H    0     0                    11644.040000 11357.9462  2.46%     -   99s
H    0     0                    11374.040000 11357.9462  0.14%     -  105s
H    0     0                    11362.040000 11357.9462  0.04%     -  107s
H    0     0                    11359.040000 11357.9462  0.01%     -  108s
     0     0 11357.9629    0   17 11359.0400 11357.9629  0.01%     -  125s
     0     0 11357.9629    0    6 11359.0400 11357.9629  0.01%     -  130s
     0     0 11358.1173    0    9 11359.0400 11358.1173  0.01%     -  130s
     0     0 11358.1293    0    9 11359.0400 11358.1293  0.01%     -  130s
     0     0 11358.1293    0    6 11359.0400 11358.1293  0.01%     -  130s
     0     0 11358.1293    0    9 11359.0400 11358.1293  0.01%     -  130s
     0     0 11358.1293    0   17 11359.0400 11358.1293  0.01%     -  130s
     0     0 11358.1324    0   18 11359.0400 11358.1324  0.01%     -  130s
     0     0 11358.1326    0   18 11359.0400 11358.1326  0.01%     -  130s
     0     0 11358.1326    0   17 11359.0400 11358.1326  0.01%     -  130s
     0     2 11358.1355    0   17 11359.0400 11358.1355  0.01%     -  130s
 49175 17270 11359.0135   52    7 11359.0400 11358.5200  0.00%   2.7  135s
 72424 19331     cutoff   49      11359.0400 11358.5398  0.00%   2.9  140s
 137364  1488     cutoff   71      11359.0400 11358.9370  0.00%   3.2  145s

Cutting planes:
  Gomory: 4
  MIR: 10
  StrongCG: 6
  Flow cover: 1
  Inf proof: 16

Explored 142997 nodes (461734 simplex iterations) in 148.70 seconds (226.49 work units)
Thread count was 28 (of 28 available processors)

Solution count 4: 11359 11362 11374 11644 

Optimal solution found (tolerance 1.00e-09)
Best objective 1.135903999976e+04, best bound 1.135903999976e+04, gap 0.0000%
Set parameter Seed to value 0
Gurobi Optimizer version 13.0.1 build v13.0.1rc0 (linux64 - "CachyOS")

CPU model: Intel(R) Core(TM) i7-14700KF, instruction set [SSE2|AVX|AVX2]
Thread count: 28 physical cores, 28 logical processors, using up to 28 threads

Non-default parameters:
TimeLimit  200
IntFeasTol  1e-09
MIPGap  1e-09

Academic license 2669763 - for non-commercial use only - registered to bg___@id.uff.br
Optimize a model with 9377 rows, 7653711 columns and 43253522 nonzeros (Min)
Model fingerprint: 0x7194afd1
Model has 6327720 linear objective coefficients
Variable types: 0 continuous, 7653711 integer (7645330 binary)
Coefficient statistics:
  Matrix range     [1e-02, 3e+02]
  Objective range  [1e-02, 1e+02]
  Bounds range     [1e+00, 1e+00]
  RHS range        [1e+00, 1e+09]

Loaded MIP start from previous solve with objective 294.359

Presolve removed 52 rows and 20749 columns (presolve time = 5s)...
Presolve removed 2114 rows and 1841012 columns (presolve time = 10s)...
Presolve removed 2114 rows and 1841083 columns (presolve time = 15s)...
Presolve removed 2114 rows and 1841487 columns (presolve time = 20s)...
Presolve removed 2114 rows and 1841487 columns (presolve time = 25s)...
Presolve removed 2114 rows and 1841487 columns (presolve time = 30s)...
Presolve removed 2114 rows and 1841487 columns (presolve time = 45s)...
Presolve removed 2114 rows and 1841487 columns (presolve time = 46s)...
Presolve removed 2114 rows and 1841487 columns
Presolve time: 46.45s
Presolved: 7263 rows, 5812224 columns, 28027127 nonzeros
Variable types: 0 continuous, 5812224 integer (5805958 binary)
Deterministic concurrent LP optimizer: primal simplex, dual simplex, and barrier
Showing barrier log only...

Root barrier log...

Ordering time: 0.42s

Barrier statistics:
 AA' NZ     : 6.121e+06
 Factor NZ  : 2.381e+07 (roughly 2.5 GB of memory)
 Factor Ops : 1.074e+11 (less than 1 second per iteration)
 Threads    : 26

                  Objective                Residual
Iter       Primal          Dual         Primal    Dual     Compl     Time
   0   8.05009075e+10 -1.42096415e+08  5.88e+10 4.44e-16  2.04e+04    59s
   1   5.33957185e+10 -1.15175686e+08  3.90e+10 1.34e+00  1.36e+04    61s
   2   3.55880772e+10 -1.07052335e+08  2.60e+10 1.81e+00  9.04e+03    63s
   3   9.68340691e+09 -4.00152320e+07  7.09e+09 7.46e-13  2.58e+03    65s

Barrier performed 3 iterations in 64.61 seconds (161.46 work units)
Barrier solve interrupted - model solved by another algorithm

Concurrent spin time: 3.12s (can be avoided by choosing Method=3)

Solved with primal simplex

Root simplex log...

Iteration    Objective       Primal Inf.    Dual Inf.      Time
   11739    2.9431533e+02   0.000000e+00   0.000000e+00     65s

Root relaxation: objective 2.943153e+02, 11739 iterations, 15.87 seconds (18.45 work units)
Total elapsed time = 65.16s (DegenMoves)

    Nodes    |    Current Node    |     Objective Bounds      |     Work
 Expl Unexpl |  Obj  Depth IntInf | Incumbent    BestBd   Gap | It/Node Time

     0     0  294.31533    0   16  294.35916  294.31533  0.01%     -   67s
H    0     0                     294.3205222  294.31533  0.00%     -   69s
     0     0  294.31818    0   24  294.32052  294.31818  0.00%     -   90s
     0     0     cutoff    0       294.32052  294.32052  0.00%     -   94s

Explored 1 nodes (12067 simplex iterations) in 94.59 seconds (185.76 work units)
Thread count was 28 (of 28 available processors)

Solution count 5: 294.321 294.321 294.321 ... 294.359

Optimal solution found (tolerance 1.00e-09)
Best objective 2.943205222342e+02, best bound 2.943205222342e+02, gap 0.0000%
pareto-map: box [11349.0400,11367.0400] (f2, f2<=294.6)  → new point f1=11359.0400 f2=294.321
Set parameter OutputFlag to value 1
Set parameter TimeLimit to value 200
Gurobi Optimizer version 13.0.1 build v13.0.1rc0 (linux64 - "CachyOS")

CPU model: Intel(R) Core(TM) i7-14700KF, instruction set [SSE2|AVX|AVX2]
Thread count: 28 physical cores, 28 logical processors, using up to 28 threads

Non-default parameters:
TimeLimit  200
IntFeasTol  1e-09
MIPGap  1e-09

Academic license 2669763 - for non-commercial use only - registered to bg___@id.uff.br
Optimize a model with 9376 rows, 7653711 columns and 36925802 nonzeros (Min)
Model fingerprint: 0x53b61de6
Model has 6327720 linear objective coefficients
Variable types: 0 continuous, 7653711 integer (7645330 binary)
Coefficient statistics:
  Matrix range     [1e-02, 3e+02]
  Objective range  [1e-02, 1e+02]
  Bounds range     [1e+00, 1e+00]
  RHS range        [1e+00, 1e+09]

Presolve removed 52 rows and 20758 columns (presolve time = 5s)...
Presolve removed 137 rows and 20843 columns (presolve time = 10s)...
Presolve removed 137 rows and 29747 columns (presolve time = 15s)...
Presolve removed 137 rows and 29835 columns (presolve time = 20s)...
Presolve removed 137 rows and 29835 columns (presolve time = 25s)...
Presolve removed 137 rows and 29835 columns (presolve time = 30s)...
Presolve removed 137 rows and 29835 columns (presolve time = 35s)...
Presolve removed 137 rows and 29835 columns (presolve time = 40s)...
Presolve removed 137 rows and 29835 columns
Presolve time: 41.02s
Presolved: 9239 rows, 7623876 columns, 30455992 nonzeros
Variable types: 0 continuous, 7623876 integer (7615633 binary)
Found heuristic solution: objective 361.9629500
Deterministic concurrent LP optimizer: primal simplex, dual simplex, and barrier
Showing barrier log only...

Root barrier log...

Ordering time: 0.56s

Barrier statistics:
 AA' NZ     : 8.221e+06
 Factor NZ  : 4.087e+07 (roughly 3.4 GB of memory)
 Factor Ops : 2.440e+11 (roughly 1 second per iteration)
 Threads    : 26

                  Objective                Residual
Iter       Primal          Dual         Primal    Dual     Compl     Time
   0   9.97948312e+10 -4.82898952e+08  6.96e+10 0.00e+00  2.99e+04    75s
   1   5.37840413e+10 -3.59540916e+08  3.75e+10 1.81e+00  1.62e+04    76s
   2   3.68931165e+10 -3.05481241e+08  2.57e+10 8.73e-01  1.13e+04    80s
   3   5.27922933e+09 -1.10926343e+08  3.70e+09 1.19e-01  1.66e+03    82s

Barrier performed 3 iterations in 82.45 seconds (176.29 work units)
Barrier solve interrupted - model solved by another algorithm

Concurrent spin time: 1.67s (can be avoided by choosing Method=3)

Solved with primal simplex

Root simplex log...

Iteration    Objective       Primal Inf.    Dual Inf.      Time
   35441    1.4230073e+02   0.000000e+00   0.000000e+00     83s

Root relaxation: objective 1.423007e+02, 35441 iterations, 19.93 seconds (23.81 work units)

    Nodes    |    Current Node    |     Objective Bounds      |     Work
 Expl Unexpl |  Obj  Depth IntInf | Incumbent    BestBd   Gap | It/Node Time

     0     0  142.30073    0   27  361.96295  142.30073  60.7%     -   84s
H    0     0                     142.8317056  142.30073  0.37%     -  118s
H    0     0                     142.3210778  142.30073  0.01%     -  119s
H    0     0                     142.3169167  142.30073  0.01%     -  121s
     0     0  142.30073    0  112  142.31692  142.30073  0.01%     -  140s
     0     0  142.30073    0    4  142.31692  142.30073  0.01%     -  146s
     0     0  142.30295    0    6  142.31692  142.30295  0.01%     -  146s
H    0     0                     142.3029472  142.30295  0.00%     -  146s
     0     0  142.30295    0    6  142.30295  142.30295  0.00%     -  146s

Cutting planes:
  Gomory: 1

Explored 1 nodes (54194 simplex iterations) in 147.01 seconds (242.76 work units)
Thread count was 28 (of 28 available processors)

Solution count 7: 142.303 142.317 142.317 ... 361.963

Optimal solution found (tolerance 1.00e-09)
Best objective 1.423029472387e+02, best bound 1.423029472387e+02, gap 0.0000%
Set parameter Seed to value 0
Gurobi Optimizer version 13.0.1 build v13.0.1rc0 (linux64 - "CachyOS")

CPU model: Intel(R) Core(TM) i7-14700KF, instruction set [SSE2|AVX|AVX2]
Thread count: 28 physical cores, 28 logical processors, using up to 28 threads

Non-default parameters:
TimeLimit  200
IntFeasTol  1e-09
MIPGap  1e-09

Academic license 2669763 - for non-commercial use only - registered to bg___@id.uff.br
Optimize a model with 9377 rows, 7653711 columns and 43253522 nonzeros (Min)
Model fingerprint: 0xfb28ab56
Model has 7645330 linear objective coefficients
Variable types: 0 continuous, 7653711 integer (7645330 binary)
Coefficient statistics:
  Matrix range     [1e-02, 3e+02]
  Objective range  [1e+00, 3e+02]
  Bounds range     [1e+00, 1e+00]
  RHS range        [1e+00, 1e+09]

Loaded MIP start from previous solve with objective 12947

Presolve removed 52 rows and 20749 columns (presolve time = 5s)...
Presolve removed 137 rows and 20834 columns (presolve time = 10s)...
Presolve removed 137 rows and 21602 columns (presolve time = 15s)...
Presolve removed 137 rows and 21602 columns (presolve time = 20s)...
Presolve removed 137 rows and 21602 columns (presolve time = 25s)...
Presolve removed 137 rows and 21602 columns (presolve time = 30s)...
Presolve removed 137 rows and 21602 columns (presolve time = 35s)...
Presolve removed 137 rows and 21602 columns (presolve time = 40s)...
Presolve removed 137 rows and 21602 columns (presolve time = 45s)...
Presolve removed 137 rows and 21602 columns
Presolve time: 46.12s
Presolved: 9240 rows, 7632109 columns, 36797292 nonzeros
Variable types: 0 continuous, 7632109 integer (7623866 binary)
Deterministic concurrent LP optimizer: primal simplex, dual simplex, and barrier
Showing barrier log only...

Root barrier log...

Ordering time: 0.51s

Barrier statistics:
 AA' NZ     : 8.229e+06
 Factor NZ  : 4.088e+07 (roughly 3.4 GB of memory)
 Factor Ops : 2.441e+11 (roughly 1 second per iteration)
 Threads    : 26

                  Objective                Residual
Iter       Primal          Dual         Primal    Dual     Compl     Time
   0   1.26921934e+12 -1.64798059e+09  6.78e+10 0.00e+00  1.26e+05    65s
   1   6.20309419e+11 -1.06316500e+09  3.31e+10 3.83e+00  6.18e+04    66s

Barrier performed 1 iterations in 66.27 seconds (276.91 work units)
Barrier solve interrupted - model solved by another algorithm

Concurrent spin time: 2.20s (can be avoided by choosing Method=3)

Solved with dual simplex

Root simplex log...

Iteration    Objective       Primal Inf.    Dual Inf.      Time
   12642    1.2947005e+04   0.000000e+00   0.000000e+00     67s

Root relaxation: objective 1.294700e+04, 12642 iterations, 18.71 seconds (28.46 work units)

    Nodes    |    Current Node    |     Objective Bounds      |     Work
 Expl Unexpl |  Obj  Depth IntInf | Incumbent    BestBd   Gap | It/Node Time

     0     0 12947.0048    0   17 12947.0400 12947.0048  0.00%     -   70s
     0     0 12947.0160    0   55 12947.0400 12947.0160  0.00%     -   89s
     0     0 12947.0160    0    8 12947.0400 12947.0160  0.00%     -   95s
     0     0 12947.0210    0   16 12947.0400 12947.0210  0.00%     -   95s
     0     0 12947.0210    0   16 12947.0400 12947.0210  0.00%     -   95s
     0     0 12947.0242    0   17 12947.0400 12947.0242  0.00%     -   95s
     0     0 12947.0255    0   19 12947.0400 12947.0255  0.00%     -   95s
     0     0 12947.0333    0   27 12947.0400 12947.0333  0.00%     -   95s
     0     0 12947.0342    0   29 12947.0400 12947.0342  0.00%     -   95s
     0     0     cutoff    0      12947.0400 12947.0400  0.00%     -   95s

Cutting planes:
  Cover: 2
  MIR: 5
  StrongCG: 4
  GUB cover: 1

Explored 1 nodes (15067 simplex iterations) in 95.99 seconds (301.68 work units)
Thread count was 28 (of 28 available processors)

Solution count 1: 12947 

Optimal solution found (tolerance 1.00e-09)
Best objective 1.294703999976e+04, best bound 1.294703999976e+04, gap 0.0000%
pareto-map: box [12916.0400,12979.0400] (f1, f1<=12947)  → new point f1=12947.0400 f2=142.303
Set parameter OutputFlag to value 1
Set parameter TimeLimit to value 200
Gurobi Optimizer version 13.0.1 build v13.0.1rc0 (linux64 - "CachyOS")

CPU model: Intel(R) Core(TM) i7-14700KF, instruction set [SSE2|AVX|AVX2]
Thread count: 28 physical cores, 28 logical processors, using up to 28 threads

Non-default parameters:
TimeLimit  200
IntFeasTol  1e-09
MIPGap  1e-09

Academic license 2669763 - for non-commercial use only - registered to bg___@id.uff.br
Optimize a model with 9376 rows, 7653711 columns and 35608192 nonzeros (Min)
Model fingerprint: 0xe115dd8b
Model has 7645330 linear objective coefficients
Variable types: 0 continuous, 7653711 integer (7645330 binary)
Coefficient statistics:
  Matrix range     [1e-02, 1e+02]
  Objective range  [1e+00, 3e+02]
  Bounds range     [1e+00, 1e+00]
  RHS range        [1e+00, 1e+09]

Presolve removed 52 rows and 20749 columns (presolve time = 5s)...
Presolve removed 137 rows and 20834 columns (presolve time = 10s)...
Presolve removed 137 rows and 25190 columns (presolve time = 15s)...
Presolve removed 137 rows and 25190 columns (presolve time = 20s)...
Presolve removed 137 rows and 25190 columns (presolve time = 25s)...
Presolve removed 137 rows and 25190 columns (presolve time = 30s)...
Presolve removed 137 rows and 25190 columns (presolve time = 36s)...
Presolve removed 137 rows and 25190 columns
Presolve time: 38.22s
Presolved: 9239 rows, 7628521 columns, 29190794 nonzeros
Variable types: 0 continuous, 7628521 integer (7620278 binary)
Deterministic concurrent LP optimizer: primal simplex, dual simplex, and barrier
Showing barrier log only...

Root barrier log...

Ordering time: 0.52s

Barrier statistics:
 AA' NZ     : 8.220e+06
 Factor NZ  : 4.087e+07 (roughly 3.4 GB of memory)
 Factor Ops : 2.440e+11 (roughly 1 second per iteration)
 Threads    : 26

                  Objective                Residual
Iter       Primal          Dual         Primal    Dual     Compl     Time
   0   1.85519226e+13 -8.86854395e+09  2.40e+10 0.00e+00  1.52e+06    81s
   1   8.72875705e+12 -7.60149809e+09  1.18e+10 9.48e+01  7.60e+05    82s
   2   1.79288178e+12 -2.97648778e+09  2.58e+09 5.39e-11  1.71e+05    84s

Barrier performed 2 iterations in 84.39 seconds (169.68 work units)
Barrier solve interrupted - model solved by another algorithm

Concurrent spin time: 2.94s (can be avoided by choosing Method=3)

Solved with dual simplex

Root simplex log...

Iteration    Objective       Primal Inf.    Dual Inf.      Time
   12920    1.1164013e+04   0.000000e+00   0.000000e+00     85s

Root relaxation: objective 1.116401e+04, 12920 iterations, 17.25 seconds (20.07 work units)

    Nodes    |    Current Node    |     Objective Bounds      |     Work
 Expl Unexpl |  Obj  Depth IntInf | Incumbent    BestBd   Gap | It/Node Time

     0     0 11164.0127    0    8          - 11164.0127      -     -   85s
H    0     0                    11164.040000 11164.0127  0.00%     -  100s
     0     0 11164.0128    0   10 11164.0400 11164.0128  0.00%     -  119s

Explored 1 nodes (12922 simplex iterations) in 123.96 seconds (194.08 work units)
Thread count was 28 (of 28 available processors)

Solution count 2: 11164 11164 

Optimal solution found (tolerance 1.00e-09)
Best objective 1.116403999976e+04, best bound 1.116403999976e+04, gap 0.0000%
Set parameter Seed to value 0
Gurobi Optimizer version 13.0.1 build v13.0.1rc0 (linux64 - "CachyOS")

CPU model: Intel(R) Core(TM) i7-14700KF, instruction set [SSE2|AVX|AVX2]
Thread count: 28 physical cores, 28 logical processors, using up to 28 threads

Non-default parameters:
TimeLimit  200
IntFeasTol  1e-09
MIPGap  1e-09

Academic license 2669763 - for non-commercial use only - registered to bg___@id.uff.br
Optimize a model with 9377 rows, 7653711 columns and 43253522 nonzeros (Min)
Model fingerprint: 0x8bd61e8d
Model has 6327720 linear objective coefficients
Variable types: 0 continuous, 7653711 integer (7645330 binary)
Coefficient statistics:
  Matrix range     [1e-02, 3e+02]
  Objective range  [1e-02, 1e+02]
  Bounds range     [1e+00, 1e+00]
  RHS range        [1e+00, 1e+09]

Loaded MIP start from previous solve with objective 355.011

Presolve removed 52 rows and 20749 columns (presolve time = 5s)...
Presolve removed 7769 rows and 7283462 columns (presolve time = 10s)...
Presolve removed 7769 rows and 7283462 columns
Presolve time: 10.63s
Presolved: 1608 rows, 370249 columns, 1770158 nonzeros
Variable types: 0 continuous, 370249 integer (369638 binary)
Performing another presolve...
Presolve removed 24 rows and 7294 columns (presolve time = 5s)...
Presolve removed 24 rows and 7294 columns
Presolve time: 6.05s
Deterministic concurrent LP optimizer: primal simplex, dual simplex, and barrier
Showing barrier log only...

Root barrier log...

Ordering time: 0.02s

Barrier statistics:
 AA' NZ     : 4.327e+05
 Factor NZ  : 8.859e+05 (roughly 150 MB of memory)
 Factor Ops : 6.379e+08 (less than 1 second per iteration)
 Threads    : 26

                  Objective                Residual
Iter       Primal          Dual         Primal    Dual     Compl     Time
   0   4.97156129e+07 -1.13855117e+06  5.91e+06 0.00e+00  1.36e+02    18s
   1   1.26288519e+07 -2.65870963e+05  1.50e+06 4.30e-01  3.51e+01    18s
   2   1.22236841e+06 -2.17177877e+05  1.47e+05 7.60e-01  3.71e+00    18s
   3   5.52928293e+05 -1.16584893e+05  6.92e+04 4.67e-01  1.78e+00    18s
   4   1.21025006e+05 -3.72887067e+04  1.57e+04 1.21e-01  4.24e-01    18s
   5   3.19884839e+04 -2.16187289e+04  4.08e+03 6.67e-02  1.28e-01    18s
   6   9.35591635e+03 -1.16258253e+04  1.07e+03 3.32e-02  4.26e-02    18s
   7   8.99888806e+03 -6.52312268e+03  1.03e+03 1.95e-02  3.47e-02    18s

Barrier performed 7 iterations in 18.44 seconds (55.74 work units)
Barrier solve interrupted - model solved by another algorithm

Concurrent spin time: 0.11s (can be avoided by choosing Method=3)

Solved with dual simplex

Root simplex log...

Iteration    Objective       Primal Inf.    Dual Inf.      Time
   10804    3.5501057e+02   0.000000e+00   0.000000e+00     18s

Root relaxation: objective 3.550106e+02, 10804 iterations, 1.04 seconds (1.20 work units)

    Nodes    |    Current Node    |     Objective Bounds      |     Work
 Expl Unexpl |  Obj  Depth IntInf | Incumbent    BestBd   Gap | It/Node Time

     0     0 infeasible    0       355.01063  355.01063  0.00%     -   18s

Explored 1 nodes (10804 simplex iterations) in 18.80 seconds (55.84 work units)
Thread count was 28 (of 28 available processors)

Solution count 1: 355.011 

Optimal solution found (tolerance 1.00e-09)
Best objective 3.550106250064e+02, best bound 3.550106250064e+02, gap 0.0000%
pareto-map: box [11160.0400,11168.0400] (f2, f2<=355)  → new point f1=11164.0400 f2=355.011
Set parameter OutputFlag to value 1
Set parameter TimeLimit to value 200
Gurobi Optimizer version 13.0.1 build v13.0.1rc0 (linux64 - "CachyOS")

CPU model: Intel(R) Core(TM) i7-14700KF, instruction set [SSE2|AVX|AVX2]
Thread count: 28 physical cores, 28 logical processors, using up to 28 threads

Non-default parameters:
TimeLimit  200
IntFeasTol  1e-09
MIPGap  1e-09

Academic license 2669763 - for non-commercial use only - registered to bg___@id.uff.br
Optimize a model with 9376 rows, 7653711 columns and 36925802 nonzeros (Min)
Model fingerprint: 0x0d8f0ba7
Model has 6327720 linear objective coefficients
Variable types: 0 continuous, 7653711 integer (7645330 binary)
Coefficient statistics:
  Matrix range     [1e-02, 3e+02]
  Objective range  [1e-02, 1e+02]
  Bounds range     [1e+00, 1e+00]
  RHS range        [1e+00, 1e+09]

Presolve removed 52 rows and 20758 columns (presolve time = 6s)...
Presolve removed 137 rows and 20843 columns (presolve time = 10s)...
Presolve removed 137 rows and 20929 columns (presolve time = 15s)...
Presolve removed 137 rows and 29835 columns (presolve time = 20s)...
Presolve removed 137 rows and 29835 columns (presolve time = 25s)...
Presolve removed 137 rows and 29835 columns (presolve time = 31s)...
Presolve removed 137 rows and 29835 columns (presolve time = 35s)...
Presolve removed 137 rows and 29835 columns (presolve time = 40s)...
Presolve removed 137 rows and 29835 columns
Presolve time: 43.72s
Presolved: 9239 rows, 7623876 columns, 30455992 nonzeros
Variable types: 0 continuous, 7623876 integer (7615633 binary)
Found heuristic solution: objective 361.9629500
Deterministic concurrent LP optimizer: primal simplex, dual simplex, and barrier
Showing barrier log only...

Root barrier log...

Ordering time: 0.57s

Barrier statistics:
 AA' NZ     : 8.221e+06
 Factor NZ  : 4.087e+07 (roughly 3.4 GB of memory)
 Factor Ops : 2.440e+11 (roughly 1 second per iteration)
 Threads    : 26

                  Objective                Residual
Iter       Primal          Dual         Primal    Dual     Compl     Time
   0   9.97948310e+10 -4.82898952e+08  6.96e+10 0.00e+00  2.99e+04    78s
   1   5.37877125e+10 -3.59560551e+08  3.75e+10 1.81e+00  1.62e+04    79s
   2   3.68923278e+10 -3.05506503e+08  2.57e+10 8.72e-01  1.13e+04    82s
   3   5.27705577e+09 -1.10920813e+08  3.70e+09 1.19e-01  1.66e+03    85s
   4   2.21309911e+09 -5.90227388e+07  1.55e+09 4.18e-02  7.05e+02    87s

Barrier performed 4 iterations in 87.01 seconds (178.16 work units)
Barrier solve interrupted - model solved by another algorithm

Concurrent spin time: 0.87s

Solved with primal simplex

Root simplex log...

Iteration    Objective       Primal Inf.    Dual Inf.      Time
   42362    1.3816969e+02   0.000000e+00   0.000000e+00     87s

Root relaxation: objective 1.381697e+02, 42362 iterations, 21.92 seconds (23.93 work units)

    Nodes    |    Current Node    |     Objective Bounds      |     Work
 Expl Unexpl |  Obj  Depth IntInf | Incumbent    BestBd   Gap | It/Node Time

     0     0  138.16969    0   13  361.96295  138.16969  61.8%     -   89s
H    0     0                     138.6277944  138.16969  0.33%     -   97s
H    0     0                     138.4919639  138.16969  0.23%     -   99s
H    0     0                     138.4093361  138.16969  0.17%     -   99s
H    0     0                     138.2848000  138.16969  0.08%     -  100s
H    0     0                     138.2384333  138.16969  0.05%     -  102s
H    0     0                     138.2330833  138.16969  0.05%     -  103s
H    0     0                     138.1846361  138.16969  0.01%     -  103s
H    0     0                     138.1816639  138.16969  0.01%     -  103s
     0     0  138.16969    0  157  138.18166  138.16969  0.01%     -  121s
     0     0  138.16969    0    5  138.18166  138.16969  0.01%     -  127s
     0     0  138.17615    0   40  138.18166  138.17615  0.00%     -  127s
     0     0  138.17615    0   42  138.18166  138.17615  0.00%     -  127s
     0     0  138.17615    0   44  138.18166  138.17615  0.00%     -  127s
     0     0  138.17615    0   44  138.18166  138.17615  0.00%     -  127s
     0     0  138.17615    0   33  138.18166  138.17615  0.00%     -  127s
     0     0  138.17615    0   21  138.18166  138.17615  0.00%     -  127s
     0     0  138.17615    0   19  138.18166  138.17615  0.00%     -  127s
     0     0  138.17615    0   34  138.18166  138.17615  0.00%     -  128s
     0     0  138.17615    0   18  138.18166  138.17615  0.00%     -  128s
     0     0  138.17615    0   18  138.18166  138.17615  0.00%     -  128s
     0     0  138.17615    0   28  138.18166  138.17615  0.00%     -  128s
     0     0  138.17615    0   12  138.18166  138.17615  0.00%     -  128s
     0     0  138.17615    0   27  138.18166  138.17615  0.00%     -  128s
     0     0  138.17615    0   37  138.18166  138.17615  0.00%     -  128s
     0     0  138.17615    0   19  138.18166  138.17615  0.00%     -  128s
     0     0  138.17615    0   19  138.18166  138.17615  0.00%     -  128s
     0     0  138.17615    0   22  138.18166  138.17615  0.00%     -  128s
     0     0  138.17615    0    9  138.18166  138.17615  0.00%     -  128s
     0     0  138.17615    0   18  138.18166  138.17615  0.00%     -  128s
     0     0  138.17615    0   21  138.18166  138.17615  0.00%     -  128s
     0     0  138.17615    0   21  138.18166  138.17615  0.00%     -  128s
     0     0  138.17615    0   27  138.18166  138.17615  0.00%     -  128s
     0     0  138.17615    0   24  138.18166  138.17615  0.00%     -  128s
     0     0  138.17615    0    8  138.18166  138.17615  0.00%     -  128s
     0     0  138.17615    0   18  138.18166  138.17615  0.00%     -  128s
     0     0  138.17615    0   21  138.18166  138.17615  0.00%     -  128s
     0     0  138.17615    0   19  138.18166  138.17615  0.00%     -  128s
     0     0  138.17615    0   19  138.18166  138.17615  0.00%     -  128s
     0     0  138.17615    0   19  138.18166  138.17615  0.00%     -  128s
     0     2  138.17615    0   19  138.18166  138.17615  0.00%     -  128s
*   11     8               3     138.1772056  138.17617  0.00%  11.6  128s

Cutting planes:
  Gomory: 1
  MIR: 4

Explored 22 nodes (75009 simplex iterations) in 129.01 seconds (208.65 work units)
Thread count was 28 (of 28 available processors)

Solution count 10: 138.177 138.182 138.182 ... 138.492

Optimal solution found (tolerance 1.00e-09)
Best objective 1.381772055679e+02, best bound 1.381772055679e+02, gap 0.0000%
Set parameter Seed to value 0
Gurobi Optimizer version 13.0.1 build v13.0.1rc0 (linux64 - "CachyOS")

CPU model: Intel(R) Core(TM) i7-14700KF, instruction set [SSE2|AVX|AVX2]
Thread count: 28 physical cores, 28 logical processors, using up to 28 threads

Non-default parameters:
TimeLimit  200
IntFeasTol  1e-09
MIPGap  1e-09

Academic license 2669763 - for non-commercial use only - registered to bg___@id.uff.br
Optimize a model with 9377 rows, 7653711 columns and 43253522 nonzeros (Min)
Model fingerprint: 0xc4e2c963
Model has 7645330 linear objective coefficients
Variable types: 0 continuous, 7653711 integer (7645330 binary)
Coefficient statistics:
  Matrix range     [1e-02, 3e+02]
  Objective range  [1e+00, 3e+02]
  Bounds range     [1e+00, 1e+00]
  RHS range        [1e+00, 1e+09]

Loaded MIP start from previous solve with objective 13010

Presolve removed 52 rows and 20749 columns (presolve time = 5s)...
Presolve removed 137 rows and 20834 columns (presolve time = 10s)...
Presolve removed 137 rows and 20834 columns (presolve time = 15s)...
Presolve removed 137 rows and 21602 columns (presolve time = 20s)...
Presolve removed 137 rows and 21602 columns (presolve time = 25s)...
Presolve removed 137 rows and 21602 columns (presolve time = 30s)...
Presolve removed 137 rows and 21602 columns (presolve time = 35s)...
Presolve removed 137 rows and 21602 columns (presolve time = 40s)...
Presolve removed 137 rows and 21602 columns (presolve time = 47s)...
Presolve removed 137 rows and 21602 columns
Presolve time: 49.41s
Presolved: 9240 rows, 7632109 columns, 36797292 nonzeros
Variable types: 0 continuous, 7632109 integer (7623866 binary)
Deterministic concurrent LP optimizer: primal simplex, dual simplex, and barrier
Showing barrier log only...

Root barrier log...

Ordering time: 0.59s

Barrier statistics:
 AA' NZ     : 8.229e+06
 Factor NZ  : 4.088e+07 (roughly 3.4 GB of memory)
 Factor Ops : 2.441e+11 (roughly 1 second per iteration)
 Threads    : 26

                  Objective                Residual
Iter       Primal          Dual         Primal    Dual     Compl     Time
   0   1.26921936e+12 -1.64798059e+09  6.78e+10 0.00e+00  1.26e+05    68s
   1   6.20310810e+11 -1.06315947e+09  3.31e+10 3.83e+00  6.18e+04    70s

Barrier performed 1 iterations in 69.58 seconds (304.41 work units)
Barrier solve interrupted - model solved by another algorithm

Concurrent spin time: 1.10s (can be avoided by choosing Method=3)

Solved with dual simplex

Root simplex log...

Iteration    Objective       Primal Inf.    Dual Inf.      Time
   10618    1.3009924e+04   0.000000e+00   0.000000e+00     71s

Root relaxation: objective 1.300992e+04, 10618 iterations, 18.74 seconds (28.31 work units)

    Nodes    |    Current Node    |     Objective Bounds      |     Work
 Expl Unexpl |  Obj  Depth IntInf | Incumbent    BestBd   Gap | It/Node Time

     0     0 13009.9237    0   13 13010.0400 13009.9237  0.00%     -   74s
     0     0 13009.9390    0  181 13010.0400 13009.9390  0.00%     -   95s
     0     0 13009.9390    0    4 13010.0400 13009.9390  0.00%     -  101s
     0     0 13009.9393    0   20 13010.0400 13009.9393  0.00%     -  101s
     0     0 13009.9403    0   36 13010.0400 13009.9403  0.00%     -  101s
     0     0 13009.9407    0   11 13010.0400 13009.9407  0.00%     -  101s
     0     0 13009.9415    0   33 13010.0400 13009.9415  0.00%     -  101s
     0     0 13009.9422    0   11 13010.0400 13009.9422  0.00%     -  101s
     0     0 13009.9422    0   31 13010.0400 13009.9422  0.00%     -  101s
     0     0 13009.9433    0   26 13010.0400 13009.9433  0.00%     -  101s
     0     0 13009.9459    0   35 13010.0400 13009.9459  0.00%     -  101s
     0     0 13009.9459    0   35 13010.0400 13009.9459  0.00%     -  101s
     0     0 13009.9461    0   35 13010.0400 13009.9461  0.00%     -  101s
     0     0 13009.9461    0   35 13010.0400 13009.9461  0.00%     -  101s
     0     0 13009.9461    0   17 13010.0400 13009.9461  0.00%     -  101s
     0     2 13009.9471    0   17 13010.0400 13009.9471  0.00%     -  101s

Cutting planes:
  Cover: 16
  MIR: 5
  StrongCG: 5
  Inf proof: 5
  RLT: 2

Explored 957 nodes (25506 simplex iterations) in 102.08 seconds (333.62 work units)
Thread count was 28 (of 28 available processors)

Solution count 1: 13010 

Optimal solution found (tolerance 1.00e-09)
Best objective 1.301003999976e+04, best bound 1.301003999976e+04, gap 0.0000%
pareto-map: box [12979.0400,13042.0400] (f1, f1<=13010)  → new point f1=13010.0400 f2=138.177
Set parameter OutputFlag to value 1
Set parameter TimeLimit to value 200
Gurobi Optimizer version 13.0.1 build v13.0.1rc0 (linux64 - "CachyOS")

CPU model: Intel(R) Core(TM) i7-14700KF, instruction set [SSE2|AVX|AVX2]
Thread count: 28 physical cores, 28 logical processors, using up to 28 threads

Non-default parameters:
TimeLimit  200
IntFeasTol  1e-09
MIPGap  1e-09

Academic license 2669763 - for non-commercial use only - registered to bg___@id.uff.br
Optimize a model with 9376 rows, 7653711 columns and 35608192 nonzeros (Min)
Model fingerprint: 0xfc46e969
Model has 7645330 linear objective coefficients
Variable types: 0 continuous, 7653711 integer (7645330 binary)
Coefficient statistics:
  Matrix range     [1e-02, 1e+02]
  Objective range  [1e+00, 3e+02]
  Bounds range     [1e+00, 1e+00]
  RHS range        [1e+00, 1e+09]

Presolve removed 52 rows and 20749 columns (presolve time = 5s)...
Presolve removed 137 rows and 20834 columns (presolve time = 10s)...
Presolve removed 137 rows and 25190 columns (presolve time = 15s)...
Presolve removed 137 rows and 25190 columns (presolve time = 20s)...
Presolve removed 137 rows and 25190 columns (presolve time = 26s)...
Presolve removed 137 rows and 25190 columns (presolve time = 30s)...
Presolve removed 137 rows and 25190 columns (presolve time = 38s)...
Presolve removed 137 rows and 25190 columns (presolve time = 40s)...
Presolve removed 137 rows and 25190 columns
Presolve time: 40.12s
Presolved: 9239 rows, 7628521 columns, 29190794 nonzeros
Variable types: 0 continuous, 7628521 integer (7620278 binary)
Deterministic concurrent LP optimizer: primal simplex, dual simplex, and barrier
Showing barrier log only...

Root barrier log...

Ordering time: 0.54s

Barrier statistics:
 AA' NZ     : 8.220e+06
 Factor NZ  : 4.087e+07 (roughly 3.4 GB of memory)
 Factor Ops : 2.440e+11 (roughly 1 second per iteration)
 Threads    : 26

                  Objective                Residual
Iter       Primal          Dual         Primal    Dual     Compl     Time
   0   1.85519215e+13 -8.86853927e+09  2.40e+10 0.00e+00  1.52e+06    82s
   1   8.72979752e+12 -7.60209604e+09  1.18e+10 9.48e+01  7.60e+05    84s
   2   1.79322938e+12 -2.97690118e+09  2.58e+09 3.03e-11  1.71e+05    86s

Barrier performed 2 iterations in 86.38 seconds (314.97 work units)
Barrier solve interrupted - model solved by another algorithm

Concurrent spin time: 1.85s (can be avoided by choosing Method=3)

Solved with dual simplex

Root simplex log...

Iteration    Objective       Primal Inf.    Dual Inf.      Time
   11527    1.3073378e+04   0.000000e+00   0.000000e+00     86s

Root relaxation: objective 1.307338e+04, 11527 iterations, 17.25 seconds (19.53 work units)

    Nodes    |    Current Node    |     Objective Bounds      |     Work
 Expl Unexpl |  Obj  Depth IntInf | Incumbent    BestBd   Gap | It/Node Time

     0     0 13073.3779    0   11          - 13073.3779      -     -   89s
H    0     0                    13351.040000 13073.3779  2.08%     -  111s
H    0     0                    13080.040000 13073.3779  0.05%     -  113s
H    0     0                    13076.040000 13073.3779  0.02%     -  116s
H    0     0                    13075.040000 13073.3779  0.01%     -  116s
H    0     0                    13074.040000 13073.3779  0.01%     -  117s
     0     0 13073.3970    0   19 13074.0400 13073.3970  0.00%     -  135s
     0     0 13073.3970    0    3 13074.0400 13073.3970  0.00%     -  140s
     0     0 13073.3970    0    7 13074.0400 13073.3970  0.00%     -  140s
     0     0 13073.3970    0   13 13074.0400 13073.3970  0.00%     -  140s
     0     0 13073.3990    0   14 13074.0400 13073.3990  0.00%     -  140s
     0     0 13073.4017    0   14 13074.0400 13073.4017  0.00%     -  140s
     0     0 13073.4017    0   14 13074.0400 13073.4017  0.00%     -  140s
     0     0 13073.4017    0   16 13074.0400 13073.4017  0.00%     -  140s
     0     0 13073.4017    0   21 13074.0400 13073.4017  0.00%     -  140s
     0     0 13073.4017    0   21 13074.0400 13073.4017  0.00%     -  140s
     0     0 13073.4037    0   18 13074.0400 13073.4037  0.00%     -  140s
     0     0 13073.4039    0   12 13074.0400 13073.4039  0.00%     -  140s
     0     0 13073.4039    0   14 13074.0400 13073.4039  0.00%     -  140s
     0     0 13073.4075    0   14 13074.0400 13073.4075  0.00%     -  140s
     0     0 13073.4075    0   12 13074.0400 13073.4075  0.00%     -  140s
     0     2 13073.4075    0   11 13074.0400 13073.4075  0.00%     -  141s
  9750  9320 13073.5836   30   24 13074.0400 13073.5450  0.00%   5.7  145s
*20629 13586             107    13074.039992 13073.5830  0.00%   5.8  148s
 22270 13313 13073.8382  341   36 13074.0400 13073.5836  0.00%   5.8  150s
 46718 27815 13073.8198   55   22 13074.0400 13073.6246  0.00%   5.9  155s
 57616 34105 13073.7227   36   35 13074.0400 13073.6360  0.00%   5.9  160s
 73130 43074 13073.8402  126   31 13074.0400 13073.6360  0.00%   6.2  165s
 102933 53796 13073.9706   46   25 13074.0400 13073.6396  0.00%   6.2  170s
 125178 46761     cutoff   43      13074.0400 13073.7520  0.00%   7.0  175s
 139344 27037     cutoff   92      13074.0400 13073.8917  0.00%   8.3  180s
 155504  3954 infeasible  112      13074.0400 13073.9862  0.00%  10.2  185s

Cutting planes:
  Gomory: 3
  Lift-and-project: 1
  Cover: 82
  MIR: 21
  StrongCG: 18
  Flow cover: 2
  Inf proof: 11

Explored 162393 nodes (1734599 simplex iterations) in 189.06 seconds (403.19 work units)
Thread count was 28 (of 28 available processors)

Solution count 7: 13074 13074 13074 ... 13351

Optimal solution found (tolerance 1.00e-09)
Best objective 1.307403999976e+04, best bound 1.307403999227e+04, gap 0.0000%
Set parameter Seed to value 0
Gurobi Optimizer version 13.0.1 build v13.0.1rc0 (linux64 - "CachyOS")

CPU model: Intel(R) Core(TM) i7-14700KF, instruction set [SSE2|AVX|AVX2]
Thread count: 28 physical cores, 28 logical processors, using up to 28 threads

Non-default parameters:
TimeLimit  200
IntFeasTol  1e-09
MIPGap  1e-09

Academic license 2669763 - for non-commercial use only - registered to bg___@id.uff.br
Optimize a model with 9377 rows, 7653711 columns and 43253522 nonzeros (Min)
Model fingerprint: 0x037cfc54
Model has 6327720 linear objective coefficients
Variable types: 0 continuous, 7653711 integer (7645330 binary)
Coefficient statistics:
  Matrix range     [1e-02, 3e+02]
  Objective range  [1e-02, 1e+02]
  Bounds range     [1e+00, 1e+00]
  RHS range        [1e+00, 1e+09]

Loaded MIP start from previous solve with objective 134.032

Presolve removed 52 rows and 20749 columns (presolve time = 5s)...
Presolve removed 137 rows and 20834 columns (presolve time = 10s)...
Presolve removed 137 rows and 20929 columns (presolve time = 15s)...
Presolve removed 137 rows and 21779 columns (presolve time = 20s)...
Presolve removed 137 rows and 21779 columns (presolve time = 26s)...
Presolve removed 137 rows and 21779 columns (presolve time = 30s)...
Presolve removed 137 rows and 21779 columns (presolve time = 35s)...
Presolve removed 137 rows and 21779 columns (presolve time = 40s)...
Presolve removed 137 rows and 21779 columns (presolve time = 47s)...
Presolve removed 137 rows and 21779 columns
Presolve time: 49.86s
Presolved: 9240 rows, 7631932 columns, 36796625 nonzeros
Variable types: 0 continuous, 7631932 integer (7623689 binary)
Deterministic concurrent LP optimizer: primal simplex, dual simplex, and barrier
Showing barrier log only...

Root barrier log...

Ordering time: 0.55s

Barrier statistics:
 AA' NZ     : 8.229e+06
 Factor NZ  : 4.088e+07 (roughly 3.4 GB of memory)
 Factor Ops : 2.441e+11 (roughly 1 second per iteration)
 Threads    : 26

                  Objective                Residual
Iter       Primal          Dual         Primal    Dual     Compl     Time
   0   7.32867895e+10 -2.23139763e+08  6.79e+10 0.00e+00  1.54e+04    67s
   1   4.59882963e+10 -1.62454460e+08  4.26e+10 8.11e-01  9.85e+03    69s
   2   2.42123812e+10 -1.51934112e+08  2.24e+10 8.45e-01  5.23e+03    71s
   3   6.96417285e+09 -7.24206433e+07  6.46e+09 1.16e-01  1.55e+03    74s
   4   2.15979647e+09 -4.27091082e+07  2.01e+09 4.28e-02  4.85e+02    77s
   5   1.11805740e+09 -3.14999998e+07  1.04e+09 1.64e-02  2.53e+02    79s
   6   3.33882366e+08 -2.95278333e+07  3.12e+08 1.18e-02  7.71e+01    81s

Barrier performed 6 iterations in 81.08 seconds (344.31 work units)
Barrier solve interrupted - model solved by another algorithm

Concurrent spin time: 5.03s (can be avoided by choosing Method=3)

Solved with primal simplex

Root simplex log...

Iteration    Objective       Primal Inf.    Dual Inf.      Time
   43557    1.3399024e+02   0.000000e+00   0.000000e+00     81s

Root relaxation: objective 1.339902e+02, 43557 iterations, 28.46 seconds (31.87 work units)

    Nodes    |    Current Node    |     Objective Bounds      |     Work
 Expl Unexpl |  Obj  Depth IntInf | Incumbent    BestBd   Gap | It/Node Time

     0     0  133.99024    0   11  134.03244  133.99024  0.03%     -   84s
H    0     0                     134.0303611  133.99024  0.03%     -   87s
H    0     0                     134.0131222  133.99024  0.02%     -   88s
H    0     0                     134.0131222  133.99024  0.02%     -   92s
H    0     0                     134.0018278  133.99024  0.01%     -   92s
H    0     0                     134.0000445  133.99024  0.01%     -   93s
     0     0  133.99124    0   30  134.00004  133.99124  0.01%     -  107s
     0     0  133.99124    0    5  134.00004  133.99124  0.01%     -  113s
     0     0  133.99767    0    5  134.00004  133.99767  0.00%     -  113s
H    0     0                     133.9991528  133.99795  0.00%     -  113s
     0     0     cutoff    0       133.99915  133.99915  0.00%     -  113s

Cutting planes:
  Gomory: 1
  MIR: 1
  StrongCG: 1

Explored 1 nodes (48152 simplex iterations) in 113.96 seconds (371.38 work units)
Thread count was 28 (of 28 available processors)

Solution count 8: 133.999 134 134.002 ... 134.032

Optimal solution found (tolerance 1.00e-09)
Best objective 1.339991527892e+02, best bound 1.339991527892e+02, gap 0.0000%
pareto-map: box [13042.0400,13105.0400] (f2, f2<=134)  → new point f1=13074.0400 f2=133.999
pareto-map: 63 points, 144 total solves, 5 unresolved, 57 box(es) still open
pareto-map: WARNING — search budget exhausted (144 solves, 3736.5s, 5 box(es) dropped as inconclusive); returning a PARTIAL map (63 points found, 57 gap(s) still open and unexplored). Every returned point is individually exact, but the map is incomplete.

map_pareto_frontier session DONE in 3736.8s -> 63 points (check the log above for 'gap(s) still open' to see if this is complete)
  f1=11151.0400 f2=361.963
  f1=11156.0400 f2=359.211
  f1=11160.0400 f2=357.09
  f1=11164.0400 f2=355.011
  f1=11168.0400 f2=352.96
  f1=11179.0400 f2=348.397
  f1=11189.0400 f2=344.319
  f1=11195.0400 f2=341.945
  f1=11201.0400 f2=339.713
  f1=11207.0400 f2=337.539
  f1=11213.0400 f2=335.493
  f1=11220.0400 f2=333.077
  f1=11226.0400 f2=331.002
  f1=11238.0400 f2=327.135
  f1=11246.0400 f2=324.617
  f1=11253.0400 f2=322.584
  f1=11260.0400 f2=320.296
  f1=11267.0400 f2=318.292
  f1=11275.0400 f2=315.92
  f1=11283.0400 f2=313.681
  f1=11298.0400 f2=309.628
  f1=11307.0400 f2=307.27
  f1=11315.0400 f2=305.203
  f1=11324.0400 f2=302.906
  f1=11332.0400 f2=300.891
  f1=11341.0400 f2=298.647
  f1=11349.0400 f2=296.668
  f1=11359.0400 f2=294.321
  f1=11367.0400 f2=292.47
  f1=11843.0400 f2=223.426
  f1=12853.0400 f2=148.508
  f1=12884.0400 f2=146.456
  f1=12916.0400 f2=144.344
  f1=12947.0400 f2=142.303
  f1=12979.0400 f2=140.207
  f1=13010.0400 f2=138.177
  f1=13042.0400 f2=136.084
  f1=13074.0400 f2=133.999
  f1=13105.0400 f2=131.982
  f1=13136.0400 f2=129.976
  f1=13168.0400 f2=127.91
  f1=13199.0400 f2=125.918
  f1=13231.0400 f2=123.876
  f1=13262.0400 f2=121.891
  f1=13294.0400 f2=119.849
  f1=13326.0400 f2=117.841
  f1=13358.0400 f2=115.813
  f1=13389.0400 f2=113.868
  f1=13421.0400 f2=111.869
  f1=13452.0400 f2=109.935
  f1=13484.0400 f2=107.951
  f1=13515.0400 f2=106.031
  f1=13547.0400 f2=104.06
  f1=13579.0400 f2=102.08
  f1=13611.0400 f2=100.127
  f1=13642.0400 f2=98.2317
  f1=13674.0400 f2=96.2876
  f1=13705.0400 f2=94.4032
  f1=13737.0400 f2=92.4855
  f1=13800.0400 f2=88.6983
  f1=13832.0400 f2=86.8023
  f1=13864.0400 f2=84.9355
  f1=16577.0400 f2=0
