Set parameter WLSAccessID
Set parameter WLSSecret
Set parameter LicenseID to value 2669763
Academic license 2669763 - for non-commercial use only - registered to bg___@id.uff.br
jobs=964 types=29  time_budget=3600.0s  per_solve_time_limit=200.0s  n_seed_retries=3  checkpoint=pareto_runs/fedhpc_10min_map_checkpoint.json
pareto-map: resumed from checkpoint — 77 points, 71 box(es) open, 172 prior solves
Set parameter OutputFlag to value 1
Set parameter TimeLimit to value 200
Gurobi Optimizer version 13.0.1 build v13.0.1rc0 (linux64 - "CachyOS")

CPU model: Intel(R) Core(TM) i7-14700KF, instruction set [SSE2|AVX|AVX2]
Thread count: 28 physical cores, 28 logical processors, using up to 28 threads

Non-default parameters:
TimeLimit  200
IntFeasTol  1e-09
MIPGap  1e-09

Academic license 2669763 - for non-commercial use only - registered to bg___@id.uff.br
Optimize a model with 9376 rows, 7653711 columns and 36925802 nonzeros (Min)
Model fingerprint: 0x43e39daa
Model has 6327720 linear objective coefficients
Variable types: 0 continuous, 7653711 integer (7645330 binary)
Coefficient statistics:
  Matrix range     [1e-02, 3e+02]
  Objective range  [1e-02, 1e+02]
  Bounds range     [1e+00, 1e+00]
  RHS range        [1e+00, 1e+09]

Presolve removed 52 rows and 20758 columns (presolve time = 5s)...
Presolve removed 137 rows and 20843 columns (presolve time = 10s)...
Presolve removed 137 rows and 29747 columns (presolve time = 16s)...
Presolve removed 137 rows and 29835 columns (presolve time = 20s)...
Presolve removed 137 rows and 29835 columns (presolve time = 25s)...
Presolve removed 137 rows and 29835 columns (presolve time = 30s)...
Presolve removed 137 rows and 29835 columns (presolve time = 35s)...
Presolve removed 137 rows and 29835 columns
Presolve time: 39.74s
Presolved: 9239 rows, 7623876 columns, 30455992 nonzeros
Variable types: 0 continuous, 7623876 integer (7615633 binary)
Found heuristic solution: objective 361.9629500
Deterministic concurrent LP optimizer: primal simplex, dual simplex, and barrier
Showing barrier log only...

Root barrier log...

Ordering time: 0.52s

Barrier statistics:
 AA' NZ     : 8.221e+06
 Factor NZ  : 4.087e+07 (roughly 3.4 GB of memory)
 Factor Ops : 2.440e+11 (roughly 1 second per iteration)
 Threads    : 26

                  Objective                Residual
Iter       Primal          Dual         Primal    Dual     Compl     Time
   0   9.97948303e+10 -4.82898952e+08  6.96e+10 0.00e+00  2.99e+04    74s
   1   5.37883183e+10 -3.59564173e+08  3.75e+10 1.81e+00  1.62e+04    75s
   2   3.68920815e+10 -3.05511049e+08  2.57e+10 8.72e-01  1.13e+04    78s
   3   5.27719205e+09 -1.10923528e+08  3.70e+09 1.19e-01  1.66e+03    81s
   4   2.21322397e+09 -5.90227404e+07  1.55e+09 4.18e-02  7.05e+02    84s
   5   5.91713291e+08 -4.63028972e+07  4.17e+08 2.40e-02  1.92e+02    86s

Barrier performed 5 iterations in 86.12 seconds (179.65 work units)
Barrier solve interrupted - model solved by another algorithm

Concurrent spin time: 0.42s

Solved with primal simplex

Root simplex log...

Iteration    Objective       Primal Inf.    Dual Inf.      Time
   53165    1.2086688e+02   0.000000e+00   0.000000e+00     86s

Root relaxation: objective 1.208669e+02, 53165 iterations, 24.43 seconds (25.27 work units)

    Nodes    |    Current Node    |     Objective Bounds      |     Work
 Expl Unexpl |  Obj  Depth IntInf | Incumbent    BestBd   Gap | It/Node Time

     0     0  120.86688    0   12  361.96295  120.86688  66.6%     -   88s
H    0     0                     121.3767195  120.86688  0.42%     -   96s
H    0     0                     121.1980889  120.86688  0.27%     -   97s
H    0     0                     121.1365639  120.86688  0.22%     -   98s
H    0     0                     121.1285389  120.86688  0.22%     -   99s
H    0     0                     120.9793333  120.86688  0.09%     -  101s
H    0     0                     120.9365333  120.86688  0.06%     -  103s
H    0     0                     120.9320750  120.86688  0.05%     -  103s
H    0     0                     120.9294000  120.86688  0.05%     -  104s
H    0     0                     120.9195917  120.86688  0.04%     -  104s
H    0     0                     120.8955167  120.86688  0.02%     -  107s
H    0     0                     120.8836278  120.86688  0.01%     -  112s
H    0     0                     120.8791695  120.86688  0.01%     -  113s
     0     0  120.86688    0   20  120.87917  120.86688  0.01%     -  126s
     0     0  120.86688    0    8  120.87917  120.86688  0.01%     -  132s
     0     0  120.87902    0   12  120.87917  120.87902  0.00%     -  132s
     0     0 infeasible    0       120.87917  120.87917  0.00%     -  132s

Cutting planes:
  Gomory: 1

Explored 1 nodes (56981 simplex iterations) in 133.01 seconds (216.61 work units)
Thread count was 28 (of 28 available processors)

Solution count 10: 120.879 120.884 120.896 ... 121.137

Optimal solution found (tolerance 1.00e-09)
Best objective 1.208791694547e+02, best bound 1.208791694547e+02, gap 0.0000%
Set parameter Seed to value 0
Gurobi Optimizer version 13.0.1 build v13.0.1rc0 (linux64 - "CachyOS")

CPU model: Intel(R) Core(TM) i7-14700KF, instruction set [SSE2|AVX|AVX2]
Thread count: 28 physical cores, 28 logical processors, using up to 28 threads

Non-default parameters:
TimeLimit  200
IntFeasTol  1e-09
MIPGap  1e-09

Academic license 2669763 - for non-commercial use only - registered to bg___@id.uff.br
Optimize a model with 9377 rows, 7653711 columns and 43253522 nonzeros (Min)
Model fingerprint: 0x4413453d
Model has 7645330 linear objective coefficients
Variable types: 0 continuous, 7653711 integer (7645330 binary)
Coefficient statistics:
  Matrix range     [1e-02, 3e+02]
  Objective range  [1e+00, 3e+02]
  Bounds range     [1e+00, 1e+00]
  RHS range        [1e+00, 1e+09]

Loaded MIP start from previous solve with objective 13278

Presolve removed 52 rows and 20749 columns (presolve time = 5s)...
Presolve removed 137 rows and 20834 columns (presolve time = 10s)...
Presolve removed 137 rows and 20834 columns (presolve time = 15s)...
Presolve removed 137 rows and 21602 columns (presolve time = 20s)...
Presolve removed 137 rows and 21602 columns (presolve time = 25s)...
Presolve removed 137 rows and 21602 columns (presolve time = 31s)...
Presolve removed 137 rows and 21602 columns (presolve time = 35s)...
Presolve removed 137 rows and 21602 columns (presolve time = 40s)...
Presolve removed 137 rows and 21602 columns (presolve time = 50s)...
Presolve removed 137 rows and 21602 columns
Presolve time: 52.63s
Presolved: 9240 rows, 7632109 columns, 36797292 nonzeros
Variable types: 0 continuous, 7632109 integer (7623866 binary)
Deterministic concurrent LP optimizer: primal simplex, dual simplex, and barrier
Showing barrier log only...

Root barrier log...

Ordering time: 0.48s

Barrier statistics:
 AA' NZ     : 8.229e+06
 Factor NZ  : 4.088e+07 (roughly 3.4 GB of memory)
 Factor Ops : 2.441e+11 (roughly 1 second per iteration)
 Threads    : 26

                  Objective                Residual
Iter       Primal          Dual         Primal    Dual     Compl     Time
   0   1.26922038e+12 -1.64797891e+09  6.78e+10 0.00e+00  1.26e+05    71s
   1   6.20288962e+11 -1.06310889e+09  3.31e+10 3.83e+00  6.18e+04    73s
   2   1.34338949e+11 -3.11802221e+08  7.17e+09 1.45e-12  1.35e+04    75s

Barrier performed 2 iterations in 75.38 seconds (495.28 work units)
Barrier solve interrupted - model solved by another algorithm

Concurrent spin time: 3.20s (can be avoided by choosing Method=3)

Solved with dual simplex

Root simplex log...

Iteration    Objective       Primal Inf.    Dual Inf.      Time
   12589    1.3277846e+04   0.000000e+00   0.000000e+00     76s

Root relaxation: objective 1.327785e+04, 12589 iterations, 21.11 seconds (29.38 work units)

    Nodes    |    Current Node    |     Objective Bounds      |     Work
 Expl Unexpl |  Obj  Depth IntInf | Incumbent    BestBd   Gap | It/Node Time

     0     0 13277.8457    0   98 13278.0400 13277.8457  0.00%     -   80s
     0     0 13277.8480    0   89 13278.0400 13277.8480  0.00%     -  102s
     0     0 13277.8480    0    6 13278.0400 13277.8480  0.00%     -  108s
     0     0 13277.8480    0   10 13278.0400 13277.8480  0.00%     -  108s
     0     0 13277.8554    0   32 13278.0400 13277.8554  0.00%     -  108s
     0     0 13277.8554    0   32 13278.0400 13277.8554  0.00%     -  108s
     0     0 13277.8587    0   30 13278.0400 13277.8587  0.00%     -  108s
     0     0 13277.8587    0   34 13278.0400 13277.8587  0.00%     -  108s
     0     0 13277.8588    0   36 13278.0400 13277.8588  0.00%     -  108s
     0     0 13277.8588    0   36 13278.0400 13277.8588  0.00%     -  108s
     0     0 13277.8588    0   15 13278.0400 13277.8588  0.00%     -  108s
     0     2 13277.8588    0   15 13278.0400 13277.8588  0.00%     -  108s

Cutting planes:
  Cover: 33
  MIR: 5
  StrongCG: 4
  Inf proof: 21
  RLT: 1

Explored 1734 nodes (34035 simplex iterations) in 109.58 seconds (523.00 work units)
Thread count was 28 (of 28 available processors)

Solution count 1: 13278 

Optimal solution found (tolerance 1.00e-09)
Best objective 1.327803999976e+04, best bound 1.327803999976e+04, gap 0.0000%
pareto-map: box [13262.0400,13294.0400] (f1, f1<=13278)  → new point f1=13278.0400 f2=120.879
Set parameter OutputFlag to value 1
Set parameter TimeLimit to value 200
Gurobi Optimizer version 13.0.1 build v13.0.1rc0 (linux64 - "CachyOS")

CPU model: Intel(R) Core(TM) i7-14700KF, instruction set [SSE2|AVX|AVX2]
Thread count: 28 physical cores, 28 logical processors, using up to 28 threads

Non-default parameters:
TimeLimit  200
IntFeasTol  1e-09
MIPGap  1e-09

Academic license 2669763 - for non-commercial use only - registered to bg___@id.uff.br
Optimize a model with 9376 rows, 7653711 columns and 35608192 nonzeros (Min)
Model fingerprint: 0xae805f86
Model has 7645330 linear objective coefficients
Variable types: 0 continuous, 7653711 integer (7645330 binary)
Coefficient statistics:
  Matrix range     [1e-02, 1e+02]
  Objective range  [1e+00, 3e+02]
  Bounds range     [1e+00, 1e+00]
  RHS range        [1e+00, 1e+09]

Presolve removed 52 rows and 20749 columns (presolve time = 5s)...
Presolve removed 137 rows and 20834 columns (presolve time = 10s)...
Presolve removed 137 rows and 25190 columns (presolve time = 15s)...
Presolve removed 137 rows and 25190 columns (presolve time = 21s)...
Presolve removed 137 rows and 25190 columns (presolve time = 25s)...
Presolve removed 137 rows and 25190 columns (presolve time = 30s)...
Presolve removed 137 rows and 25190 columns (presolve time = 35s)...
Presolve removed 137 rows and 25190 columns
Presolve time: 39.83s
Presolved: 9239 rows, 7628521 columns, 29190794 nonzeros
Variable types: 0 continuous, 7628521 integer (7620278 binary)
Deterministic concurrent LP optimizer: primal simplex, dual simplex, and barrier
Showing barrier log only...

Root barrier log...

Ordering time: 0.59s

Barrier statistics:
 AA' NZ     : 8.220e+06
 Factor NZ  : 4.087e+07 (roughly 3.4 GB of memory)
 Factor Ops : 2.440e+11 (roughly 1 second per iteration)
 Threads    : 26

                  Objective                Residual
Iter       Primal          Dual         Primal    Dual     Compl     Time
   0   1.85519235e+13 -8.86854395e+09  2.40e+10 0.00e+00  1.52e+06    82s
   1   8.72935488e+12 -7.60164258e+09  1.18e+10 9.48e+01  7.60e+05    83s
   2   1.79299289e+12 -2.97685875e+09  2.58e+09 1.47e-10  1.71e+05    86s

Barrier performed 2 iterations in 85.82 seconds (169.52 work units)
Barrier solve interrupted - model solved by another algorithm

Concurrent spin time: 1.11s (can be avoided by choosing Method=3)

Solved with dual simplex

Root simplex log...

Iteration    Objective       Primal Inf.    Dual Inf.      Time
   10980    1.1270895e+04   0.000000e+00   0.000000e+00     86s

Root relaxation: objective 1.127090e+04, 10980 iterations, 16.92 seconds (19.06 work units)

    Nodes    |    Current Node    |     Objective Bounds      |     Work
 Expl Unexpl |  Obj  Depth IntInf | Incumbent    BestBd   Gap | It/Node Time

     0     0 11270.8951    0   24          - 11270.8951      -     -   88s
H    0     0                    11275.040000 11270.8951  0.04%     -  103s
H    0     0                    11272.040000 11270.8951  0.01%     -  108s
     0     0 11270.9161    0   26 11272.0400 11270.9161  0.01%     -  125s
     0     0 11270.9161    0    7 11272.0400 11270.9161  0.01%     -  130s
H    0     0                    11271.040000 11270.9161  0.00%     -  130s
     0     0 11270.9501    0   12 11271.0400 11270.9501  0.00%     -  130s
     0     0     cutoff    0      11271.0400 11271.0400  0.00%     -  131s

Explored 1 nodes (12173 simplex iterations) in 131.41 seconds (196.57 work units)
Thread count was 28 (of 28 available processors)

Solution count 6: 11271 11271 11272 ... 11275

Optimal solution found (tolerance 1.00e-09)
Best objective 1.127103999976e+04, best bound 1.127103999976e+04, gap 0.0000%
Set parameter Seed to value 0
Gurobi Optimizer version 13.0.1 build v13.0.1rc0 (linux64 - "CachyOS")

CPU model: Intel(R) Core(TM) i7-14700KF, instruction set [SSE2|AVX|AVX2]
Thread count: 28 physical cores, 28 logical processors, using up to 28 threads

Non-default parameters:
TimeLimit  200
IntFeasTol  1e-09
MIPGap  1e-09

Academic license 2669763 - for non-commercial use only - registered to bg___@id.uff.br
Optimize a model with 9377 rows, 7653711 columns and 43253522 nonzeros (Min)
Model fingerprint: 0xfe2a8b75
Model has 6327720 linear objective coefficients
Variable types: 0 continuous, 7653711 integer (7645330 binary)
Coefficient statistics:
  Matrix range     [1e-02, 3e+02]
  Objective range  [1e-02, 1e+02]
  Bounds range     [1e+00, 1e+00]
  RHS range        [1e+00, 1e+09]

Loaded MIP start from previous solve with objective 317.079

Presolve removed 52 rows and 20749 columns (presolve time = 5s)...
Presolve removed 4666 rows and 25363 columns (presolve time = 11s)...
Presolve removed 4666 rows and 4297092 columns (presolve time = 15s)...
Presolve removed 4671 rows and 4297572 columns (presolve time = 20s)...
Presolve removed 4671 rows and 4297579 columns (presolve time = 25s)...
Presolve removed 4671 rows and 4297579 columns (presolve time = 31s)...
Presolve removed 4671 rows and 4297579 columns (presolve time = 36s)...
Presolve removed 4671 rows and 4297579 columns (presolve time = 41s)...
Presolve removed 4671 rows and 4297579 columns (presolve time = 46s)...
Presolve removed 4671 rows and 4297579 columns (presolve time = 52s)...
Presolve removed 4671 rows and 4297579 columns
Presolve time: 53.20s
Presolved: 4706 rows, 3356132 columns, 16177122 nonzeros
Variable types: 0 continuous, 3356132 integer (3352423 binary)
Deterministic concurrent LP optimizer: primal simplex, dual simplex, and barrier
Showing barrier log only...

Root barrier log...

Ordering time: 0.18s

Barrier statistics:
 AA' NZ     : 3.546e+06
 Factor NZ  : 1.000e+07 (roughly 1.4 GB of memory)
 Factor Ops : 2.916e+10 (less than 1 second per iteration)
 Threads    : 26

                  Objective                Residual
Iter       Primal          Dual         Primal    Dual     Compl     Time
   0   2.34225493e+10 -5.59317255e+07  1.23e+10 4.44e-16  9.02e+03    60s
   1   1.31569524e+10 -3.82389308e+07  6.93e+09 1.08e+00  5.07e+03    61s
   2   3.00634155e+09 -2.69020288e+07  1.59e+09 7.84e-01  1.19e+03    62s
   3   7.00829114e+08 -7.44345052e+06  3.71e+08 1.41e-01  2.79e+02    63s
   4   7.53066803e+07 -3.37804468e+06  4.04e+07 4.23e-02  3.09e+01    64s
   5   4.87018897e+07 -3.01767824e+06  2.63e+07 3.89e-02  2.02e+01    65s
   6   3.92650448e+07 -2.69781905e+06  2.12e+07 4.28e-02  1.64e+01    65s
   7   2.90620419e+07 -2.15533387e+06  1.57e+07 2.68e-02  1.22e+01    66s
   8   1.98562312e+07 -1.94590140e+06  1.08e+07 2.41e-02  8.45e+00    66s
   9   1.10383539e+07 -1.30378286e+06  6.03e+06 1.53e-02  4.80e+00    67s

Barrier performed 9 iterations in 66.86 seconds (144.47 work units)
Barrier solve interrupted - model solved by another algorithm

Concurrent spin time: 2.93s (can be avoided by choosing Method=3)

Solved with primal simplex

Root simplex log...

Iteration    Objective       Primal Inf.    Dual Inf.      Time
   30992    3.1706453e+02   0.000000e+00   0.000000e+00     67s

Root relaxation: objective 3.170645e+02, 30992 iterations, 12.17 seconds (13.88 work units)

    Nodes    |    Current Node    |     Objective Bounds      |     Work
 Expl Unexpl |  Obj  Depth IntInf | Incumbent    BestBd   Gap | It/Node Time

     0     0  317.06453    0   24  317.07942  317.06453  0.00%     -   68s
     0     0  317.07939    0   12  317.07942  317.07939  0.00%     -   77s

Cutting planes:
  MIR: 1

Explored 1 nodes (31144 simplex iterations) in 79.28 seconds (154.35 work units)
Thread count was 28 (of 28 available processors)

Solution count 1: 317.079 

Optimal solution found (tolerance 1.00e-09)
Best objective 3.170794222146e+02, best bound 3.170794222146e+02, gap 0.0000%
pareto-map: box [11267.0400,11275.0400] (f2, f2<=317.1)  → new point f1=11271.0400 f2=317.079
Set parameter OutputFlag to value 1
Set parameter TimeLimit to value 200
Gurobi Optimizer version 13.0.1 build v13.0.1rc0 (linux64 - "CachyOS")

CPU model: Intel(R) Core(TM) i7-14700KF, instruction set [SSE2|AVX|AVX2]
Thread count: 28 physical cores, 28 logical processors, using up to 28 threads

Non-default parameters:
TimeLimit  200
IntFeasTol  1e-09
MIPGap  1e-09

Academic license 2669763 - for non-commercial use only - registered to bg___@id.uff.br
Optimize a model with 9376 rows, 7653711 columns and 36925802 nonzeros (Min)
Model fingerprint: 0x664e7069
Model has 6327720 linear objective coefficients
Variable types: 0 continuous, 7653711 integer (7645330 binary)
Coefficient statistics:
  Matrix range     [1e-02, 3e+02]
  Objective range  [1e-02, 1e+02]
  Bounds range     [1e+00, 1e+00]
  RHS range        [1e+00, 1e+09]

Presolve removed 52 rows and 20758 columns (presolve time = 5s)...
Presolve removed 137 rows and 20843 columns (presolve time = 10s)...
Presolve removed 137 rows and 29747 columns (presolve time = 15s)...
Presolve removed 137 rows and 29835 columns (presolve time = 20s)...
Presolve removed 137 rows and 29835 columns (presolve time = 25s)...
Presolve removed 137 rows and 29835 columns (presolve time = 30s)...
Presolve removed 137 rows and 29835 columns (presolve time = 35s)...
Presolve removed 137 rows and 29835 columns (presolve time = 40s)...
Presolve removed 137 rows and 29835 columns
Presolve time: 41.84s
Presolved: 9239 rows, 7623876 columns, 30455992 nonzeros
Variable types: 0 continuous, 7623876 integer (7615633 binary)
Found heuristic solution: objective 361.9629500
Deterministic concurrent LP optimizer: primal simplex, dual simplex, and barrier
Showing barrier log only...

Root barrier log...

Ordering time: 0.58s

Barrier statistics:
 AA' NZ     : 8.221e+06
 Factor NZ  : 4.087e+07 (roughly 3.4 GB of memory)
 Factor Ops : 2.440e+11 (roughly 1 second per iteration)
 Threads    : 26

                  Objective                Residual
Iter       Primal          Dual         Primal    Dual     Compl     Time
   0   9.97948300e+10 -4.82898952e+08  6.96e+10 0.00e+00  2.99e+04    75s
   1   5.37857922e+10 -3.59550241e+08  3.75e+10 1.81e+00  1.62e+04    77s
   2   3.68927050e+10 -3.05493400e+08  2.57e+10 8.73e-01  1.13e+04    80s
   3   5.27656514e+09 -1.10914832e+08  3.70e+09 1.19e-01  1.66e+03    84s
   4   2.21270084e+09 -5.90249615e+07  1.55e+09 4.20e-02  7.05e+02    86s

Barrier performed 4 iterations in 86.45 seconds (178.25 work units)
Barrier solve interrupted - model solved by another algorithm

Concurrent spin time: 3.89s (can be avoided by choosing Method=3)

Solved with primal simplex

Root simplex log...

Iteration    Objective       Primal Inf.    Dual Inf.      Time
   61819    1.1285476e+02   0.000000e+00   0.000000e+00     87s

Root relaxation: objective 1.128548e+02, 61819 iterations, 23.03 seconds (24.65 work units)

    Nodes    |    Current Node    |     Objective Bounds      |     Work
 Expl Unexpl |  Obj  Depth IntInf | Incumbent    BestBd   Gap | It/Node Time

*    0     0               0     112.8547639  112.85476  0.00%     -   87s

Explored 1 nodes (61819 simplex iterations) in 87.57 seconds (179.73 work units)
Thread count was 28 (of 28 available processors)

Solution count 2: 112.855 361.963 

Optimal solution found (tolerance 1.00e-09)
Best objective 1.128547638973e+02, best bound 1.128547638973e+02, gap 0.0000%
Set parameter Seed to value 0
Gurobi Optimizer version 13.0.1 build v13.0.1rc0 (linux64 - "CachyOS")

CPU model: Intel(R) Core(TM) i7-14700KF, instruction set [SSE2|AVX|AVX2]
Thread count: 28 physical cores, 28 logical processors, using up to 28 threads

Non-default parameters:
TimeLimit  200
IntFeasTol  1e-09
MIPGap  1e-09

Academic license 2669763 - for non-commercial use only - registered to bg___@id.uff.br
Optimize a model with 9377 rows, 7653711 columns and 43253522 nonzeros (Min)
Model fingerprint: 0x2cb6b0f8
Model has 7645330 linear objective coefficients
Variable types: 0 continuous, 7653711 integer (7645330 binary)
Coefficient statistics:
  Matrix range     [1e-02, 3e+02]
  Objective range  [1e+00, 3e+02]
  Bounds range     [1e+00, 1e+00]
  RHS range        [1e+00, 1e+09]

Loaded MIP start from previous solve with objective 13405

Presolve removed 52 rows and 20749 columns (presolve time = 5s)...
Presolve removed 137 rows and 20834 columns (presolve time = 10s)...
Presolve removed 137 rows and 20834 columns (presolve time = 15s)...
Presolve removed 137 rows and 21602 columns (presolve time = 20s)...
Presolve removed 137 rows and 21602 columns (presolve time = 26s)...
Presolve removed 137 rows and 21602 columns (presolve time = 30s)...
Presolve removed 137 rows and 21602 columns (presolve time = 35s)...
Presolve removed 137 rows and 21602 columns (presolve time = 40s)...
Presolve removed 137 rows and 21602 columns (presolve time = 49s)...
Presolve removed 137 rows and 21602 columns (presolve time = 58s)...
Presolve removed 137 rows and 21602 columns
Presolve time: 59.90s
Presolved: 9240 rows, 7632109 columns, 36797292 nonzeros
Variable types: 0 continuous, 7632109 integer (7623866 binary)
Deterministic concurrent LP optimizer: primal simplex, dual simplex, and barrier
Showing barrier log only...

Root barrier log...

Ordering time: 0.53s

Barrier statistics:
 AA' NZ     : 8.229e+06
 Factor NZ  : 4.088e+07 (roughly 3.4 GB of memory)
 Factor Ops : 2.441e+11 (roughly 1 second per iteration)
 Threads    : 26

                  Objective                Residual
Iter       Primal          Dual         Primal    Dual     Compl     Time
   0   1.26922027e+12 -1.64797961e+09  6.78e+10 0.00e+00  1.26e+05    78s
   1   6.20293487e+11 -1.06310739e+09  3.31e+10 3.83e+00  6.18e+04    80s

Barrier performed 1 iterations in 80.13 seconds (671.60 work units)
Barrier solve interrupted - model solved by another algorithm

Concurrent spin time: 1.81s (can be avoided by choosing Method=3)

Solved with dual simplex

Root simplex log...

Iteration    Objective       Primal Inf.    Dual Inf.      Time
   13430    1.3405038e+04   0.000000e+00   0.000000e+00     81s

Root relaxation: objective 1.340504e+04, 13430 iterations, 18.65 seconds (28.47 work units)

    Nodes    |    Current Node    |     Objective Bounds      |     Work
 Expl Unexpl |  Obj  Depth IntInf | Incumbent    BestBd   Gap | It/Node Time

     0     0 13405.0384    0   12 13405.0400 13405.0384  0.00%     -   85s
     0     0     cutoff    0      13405.0400 13405.0400  0.00%     -   85s

Explored 1 nodes (13900 simplex iterations) in 85.61 seconds (679.30 work units)
Thread count was 28 (of 28 available processors)

Solution count 1: 13405 

Optimal solution found (tolerance 1.00e-09)
Best objective 1.340503999976e+04, best bound 1.340503999976e+04, gap 0.0000%
pareto-map: box [13389.0400,13421.0400] (f1, f1<=13405)  → new point f1=13405.0400 f2=112.855
Set parameter OutputFlag to value 1
Set parameter TimeLimit to value 200
Gurobi Optimizer version 13.0.1 build v13.0.1rc0 (linux64 - "CachyOS")

CPU model: Intel(R) Core(TM) i7-14700KF, instruction set [SSE2|AVX|AVX2]
Thread count: 28 physical cores, 28 logical processors, using up to 28 threads

Non-default parameters:
TimeLimit  200
IntFeasTol  1e-09
MIPGap  1e-09

Academic license 2669763 - for non-commercial use only - registered to bg___@id.uff.br
Optimize a model with 9376 rows, 7653711 columns and 35608192 nonzeros (Min)
Model fingerprint: 0x7c5dfad5
Model has 7645330 linear objective coefficients
Variable types: 0 continuous, 7653711 integer (7645330 binary)
Coefficient statistics:
  Matrix range     [1e-02, 1e+02]
  Objective range  [1e+00, 3e+02]
  Bounds range     [1e+00, 1e+00]
  RHS range        [1e+00, 1e+09]

Presolve removed 52 rows and 20749 columns (presolve time = 5s)...
Presolve removed 137 rows and 20834 columns (presolve time = 10s)...
Presolve removed 137 rows and 25190 columns (presolve time = 15s)...
Presolve removed 137 rows and 25190 columns (presolve time = 20s)...
Presolve removed 137 rows and 25190 columns (presolve time = 25s)...
Presolve removed 137 rows and 25190 columns (presolve time = 30s)...
Presolve removed 137 rows and 25190 columns (presolve time = 37s)...
Presolve removed 137 rows and 25190 columns
Presolve time: 38.40s
Presolved: 9239 rows, 7628521 columns, 29190794 nonzeros
Variable types: 0 continuous, 7628521 integer (7620278 binary)
Deterministic concurrent LP optimizer: primal simplex, dual simplex, and barrier
Showing barrier log only...

Root barrier log...

Ordering time: 0.54s

Barrier statistics:
 AA' NZ     : 8.220e+06
 Factor NZ  : 4.087e+07 (roughly 3.4 GB of memory)
 Factor Ops : 2.440e+11 (roughly 1 second per iteration)
 Threads    : 26

                  Objective                Residual
Iter       Primal          Dual         Primal    Dual     Compl     Time
   0   1.85519238e+13 -8.86854395e+09  2.40e+10 0.00e+00  1.52e+06    81s
   1   8.72994625e+12 -7.60187520e+09  1.18e+10 9.48e+01  7.60e+05    82s
   2   1.79314737e+12 -2.97714734e+09  2.58e+09 1.22e-10  1.71e+05    85s

Barrier performed 2 iterations in 85.33 seconds (169.61 work units)
Barrier solve interrupted - model solved by another algorithm

Concurrent spin time: 1.90s (can be avoided by choosing Method=3)

Solved with dual simplex

Root simplex log...

Iteration    Objective       Primal Inf.    Dual Inf.      Time
   10862    1.1302530e+04   0.000000e+00   0.000000e+00     85s

Root relaxation: objective 1.130253e+04, 10862 iterations, 17.44 seconds (18.97 work units)

    Nodes    |    Current Node    |     Objective Bounds      |     Work
 Expl Unexpl |  Obj  Depth IntInf | Incumbent    BestBd   Gap | It/Node Time

     0     0 11302.5300    0   18          - 11302.5300      -     -   87s
H    0     0                    11307.040000 11302.5300  0.04%     -  103s
H    0     0                    11303.040000 11302.5300  0.00%     -  107s
     0     0 11302.5380    0   10 11303.0400 11302.5380  0.00%     -  124s
     0     0 11302.5380    0    7 11303.0400 11302.5380  0.00%     -  129s
     0     0 11302.5380    0    4 11303.0400 11302.5380  0.00%     -  129s
     0     0 11302.5761    0   11 11303.0400 11302.5761  0.00%     -  129s
     0     0     cutoff    0      11303.0400 11303.0400  0.00%     -  129s

Cutting planes:
  Gomory: 1
  Cover: 1
  MIR: 1

Explored 1 nodes (11229 simplex iterations) in 129.88 seconds (196.28 work units)
Thread count was 28 (of 28 available processors)

Solution count 4: 11303 11303 11307 11307 

Optimal solution found (tolerance 1.00e-09)
Best objective 1.130303999976e+04, best bound 1.130303999976e+04, gap 0.0000%
Set parameter Seed to value 0
Gurobi Optimizer version 13.0.1 build v13.0.1rc0 (linux64 - "CachyOS")

CPU model: Intel(R) Core(TM) i7-14700KF, instruction set [SSE2|AVX|AVX2]
Thread count: 28 physical cores, 28 logical processors, using up to 28 threads

Non-default parameters:
TimeLimit  200
IntFeasTol  1e-09
MIPGap  1e-09

Academic license 2669763 - for non-commercial use only - registered to bg___@id.uff.br
Optimize a model with 9377 rows, 7653711 columns and 43253522 nonzeros (Min)
Model fingerprint: 0x85ccd7cb
Model has 6327720 linear objective coefficients
Variable types: 0 continuous, 7653711 integer (7645330 binary)
Coefficient statistics:
  Matrix range     [1e-02, 3e+02]
  Objective range  [1e-02, 1e+02]
  Bounds range     [1e+00, 1e+00]
  RHS range        [1e+00, 1e+09]

Loaded MIP start from previous solve with objective 308.333

Presolve removed 52 rows and 20749 columns (presolve time = 5s)...
Presolve removed 3738 rows and 3403972 columns (presolve time = 10s)...
Presolve removed 3738 rows and 3404043 columns (presolve time = 15s)...
Presolve removed 3739 rows and 3404448 columns (presolve time = 20s)...
Presolve removed 3739 rows and 3404448 columns (presolve time = 25s)...
Presolve removed 3739 rows and 3404448 columns (presolve time = 30s)...
Presolve removed 3739 rows and 3404448 columns (presolve time = 40s)...
Presolve removed 3739 rows and 3404448 columns (presolve time = 46s)...
Presolve removed 3739 rows and 3404448 columns (presolve time = 52s)...
Presolve removed 3739 rows and 3404448 columns
Presolve time: 53.60s
Presolved: 5638 rows, 4249263 columns, 20486263 nonzeros
Variable types: 0 continuous, 4249263 integer (4244622 binary)
Deterministic concurrent LP optimizer: primal simplex, dual simplex, and barrier
Showing barrier log only...

Root barrier log...

Ordering time: 0.29s

Barrier statistics:
 AA' NZ     : 4.483e+06
 Factor NZ  : 1.427e+07 (roughly 1.8 GB of memory)
 Factor Ops : 4.963e+10 (less than 1 second per iteration)
 Threads    : 26

                  Objective                Residual
Iter       Primal          Dual         Primal    Dual     Compl     Time
   0   4.33976185e+10 -8.34544474e+07  2.60e+10 4.44e-16  1.40e+04    63s
   1   2.97812924e+10 -7.27188885e+07  1.78e+10 1.88e+00  9.61e+03    64s
   2   2.26016488e+10 -6.37285316e+07  1.35e+10 1.69e+00  7.26e+03    66s
   3   1.21590400e+10 -3.13105115e+07  7.29e+09 4.13e-12  4.13e+03    67s
   4   3.11519730e+09 -1.44016404e+07  1.87e+09 4.08e-12  1.06e+03    68s

Barrier performed 4 iterations in 68.03 seconds (157.01 work units)
Barrier solve interrupted - model solved by another algorithm

Concurrent spin time: 1.60s (can be avoided by choosing Method=3)

Solved with primal simplex

Root simplex log...

Iteration    Objective       Primal Inf.    Dual Inf.      Time
   32226    3.0831592e+02   0.000000e+00   0.000000e+00     68s

Root relaxation: objective 3.083159e+02, 32226 iterations, 12.63 seconds (13.84 work units)

    Nodes    |    Current Node    |     Objective Bounds      |     Work
 Expl Unexpl |  Obj  Depth IntInf | Incumbent    BestBd   Gap | It/Node Time

     0     0  308.31592    0   18  308.33306  308.31592  0.01%     -   70s
     0     0  308.31773    0   14  308.33306  308.31773  0.00%     -   80s
     0     0  308.31773    0    4  308.33306  308.31773  0.00%     -   83s
H    0     0                     308.3211750  308.31773  0.00%     -   84s

Cutting planes:
  MIR: 1

Explored 1 nodes (32691 simplex iterations) in 84.30 seconds (169.34 work units)
Thread count was 28 (of 28 available processors)

Solution count 3: 308.321 308.333 308.333 

Optimal solution found (tolerance 1.00e-09)
Best objective 3.083211750025e+02, best bound 3.083211750025e+02, gap 0.0000%
pareto-map: box [11298.0400,11307.0400] (f2, f2<=308.4)  → new point f1=11303.0400 f2=308.321
Set parameter OutputFlag to value 1
Set parameter TimeLimit to value 200
Gurobi Optimizer version 13.0.1 build v13.0.1rc0 (linux64 - "CachyOS")

CPU model: Intel(R) Core(TM) i7-14700KF, instruction set [SSE2|AVX|AVX2]
Thread count: 28 physical cores, 28 logical processors, using up to 28 threads

Non-default parameters:
TimeLimit  200
IntFeasTol  1e-09
MIPGap  1e-09

Academic license 2669763 - for non-commercial use only - registered to bg___@id.uff.br
Optimize a model with 9376 rows, 7653711 columns and 36925802 nonzeros (Min)
Model fingerprint: 0x829ea8d4
Model has 6327720 linear objective coefficients
Variable types: 0 continuous, 7653711 integer (7645330 binary)
Coefficient statistics:
  Matrix range     [1e-02, 3e+02]
  Objective range  [1e-02, 1e+02]
  Bounds range     [1e+00, 1e+00]
  RHS range        [1e+00, 1e+09]

Presolve removed 52 rows and 20758 columns (presolve time = 5s)...
Presolve removed 137 rows and 20843 columns (presolve time = 10s)...
Presolve removed 137 rows and 29747 columns (presolve time = 15s)...
Presolve removed 137 rows and 29835 columns (presolve time = 20s)...
Presolve removed 137 rows and 29835 columns (presolve time = 25s)...
Presolve removed 137 rows and 29835 columns (presolve time = 30s)...
Presolve removed 137 rows and 29835 columns (presolve time = 35s)...
Presolve removed 137 rows and 29835 columns (presolve time = 40s)...
Presolve removed 137 rows and 29835 columns
Presolve time: 40.70s
Presolved: 9239 rows, 7623876 columns, 30455992 nonzeros
Variable types: 0 continuous, 7623876 integer (7615633 binary)
Found heuristic solution: objective 361.9629500
Deterministic concurrent LP optimizer: primal simplex, dual simplex, and barrier
Showing barrier log only...

Root barrier log...

Ordering time: 0.51s

Barrier statistics:
 AA' NZ     : 8.221e+06
 Factor NZ  : 4.087e+07 (roughly 3.4 GB of memory)
 Factor Ops : 2.440e+11 (roughly 1 second per iteration)
 Threads    : 26

                  Objective                Residual
Iter       Primal          Dual         Primal    Dual     Compl     Time
   0   9.97948298e+10 -4.82898952e+08  6.96e+10 0.00e+00  2.99e+04    75s
   1   5.37861568e+10 -3.59552521e+08  3.75e+10 1.81e+00  1.62e+04    77s
   2   3.68925718e+10 -3.05496183e+08  2.57e+10 8.73e-01  1.13e+04    80s
   3   5.27667965e+09 -1.10916302e+08  3.70e+09 1.19e-01  1.66e+03    83s
   4   2.21279307e+09 -5.90246439e+07  1.55e+09 4.19e-02  7.05e+02    86s

Barrier performed 4 iterations in 85.98 seconds (178.29 work units)
Barrier solve interrupted - model solved by another algorithm

Concurrent spin time: 0.74s

Solved with primal simplex

Root simplex log...

Iteration    Objective       Primal Inf.    Dual Inf.      Time
   59714    1.0893024e+02   0.000000e+00   0.000000e+00     86s

Root relaxation: objective 1.089302e+02, 59714 iterations, 23.78 seconds (25.41 work units)

    Nodes    |    Current Node    |     Objective Bounds      |     Work
 Expl Unexpl |  Obj  Depth IntInf | Incumbent    BestBd   Gap | It/Node Time

*    0     0               0     108.9302417  108.93024  0.00%     -   86s

Explored 1 nodes (59714 simplex iterations) in 86.74 seconds (180.53 work units)
Thread count was 28 (of 28 available processors)

Solution count 2: 108.93 361.963 

Optimal solution found (tolerance 1.00e-09)
Best objective 1.089302416647e+02, best bound 1.089302416647e+02, gap 0.0000%
Set parameter Seed to value 0
Gurobi Optimizer version 13.0.1 build v13.0.1rc0 (linux64 - "CachyOS")

CPU model: Intel(R) Core(TM) i7-14700KF, instruction set [SSE2|AVX|AVX2]
Thread count: 28 physical cores, 28 logical processors, using up to 28 threads

Non-default parameters:
TimeLimit  200
IntFeasTol  1e-09
MIPGap  1e-09

Academic license 2669763 - for non-commercial use only - registered to bg___@id.uff.br
Optimize a model with 9377 rows, 7653711 columns and 43253522 nonzeros (Min)
Model fingerprint: 0x473ea07b
Model has 7645330 linear objective coefficients
Variable types: 0 continuous, 7653711 integer (7645330 binary)
Coefficient statistics:
  Matrix range     [1e-02, 3e+02]
  Objective range  [1e+00, 3e+02]
  Bounds range     [1e+00, 1e+00]
  RHS range        [1e+00, 1e+09]

Loaded MIP start from previous solve with objective 13468

Presolve removed 52 rows and 21386 columns (presolve time = 5s)...
Presolve removed 137 rows and 21471 columns (presolve time = 10s)...
Presolve removed 137 rows and 21471 columns (presolve time = 15s)...
Presolve removed 137 rows and 22239 columns (presolve time = 20s)...
Presolve removed 137 rows and 22239 columns (presolve time = 25s)...
Presolve removed 137 rows and 22239 columns (presolve time = 30s)...
Presolve removed 137 rows and 22239 columns (presolve time = 35s)...
Presolve removed 137 rows and 22239 columns (presolve time = 40s)...
Presolve removed 137 rows and 22239 columns (presolve time = 52s)...
Presolve removed 137 rows and 22239 columns (presolve time = 63s)...
Presolve removed 137 rows and 22239 columns (presolve time = 65s)...
Presolve removed 137 rows and 22239 columns
Presolve time: 65.27s
Presolved: 9240 rows, 7631472 columns, 36794110 nonzeros
Variable types: 0 continuous, 7631472 integer (7623229 binary)
Deterministic concurrent LP optimizer: primal simplex, dual simplex, and barrier
Showing barrier log only...

Root barrier log...

Ordering time: 0.57s

Barrier statistics:
 AA' NZ     : 8.228e+06
 Factor NZ  : 4.088e+07 (roughly 3.4 GB of memory)
 Factor Ops : 2.441e+11 (roughly 1 second per iteration)
 Threads    : 26

                  Objective                Residual
Iter       Primal          Dual         Primal    Dual     Compl     Time
   0   1.26861879e+12 -1.64791976e+09  6.77e+10 0.00e+00  1.26e+05    84s
   1   6.22798191e+11 -1.06315255e+09  3.32e+10 3.83e+00  6.21e+04    85s
   2   1.34782653e+11 -3.11103912e+08  7.20e+09 1.18e-11  1.36e+04    88s

Barrier performed 2 iterations in 87.88 seconds (802.19 work units)
Barrier solve interrupted - model solved by another algorithm

Concurrent spin time: 2.13s (can be avoided by choosing Method=3)

Solved with dual simplex

Root simplex log...

Iteration    Objective       Primal Inf.    Dual Inf.      Time
   11740    1.3468038e+04   0.000000e+00   0.000000e+00     90s

Root relaxation: objective 1.346804e+04, 11740 iterations, 22.08 seconds (29.56 work units)

    Nodes    |    Current Node    |     Objective Bounds      |     Work
 Expl Unexpl |  Obj  Depth IntInf | Incumbent    BestBd   Gap | It/Node Time

     0     0 13468.0384    0   90 13468.0400 13468.0384  0.00%     -   94s
     0     0     cutoff    0      13468.0400 13468.0400  0.00%     -   94s

Explored 1 nodes (12397 simplex iterations) in 94.87 seconds (810.40 work units)
Thread count was 28 (of 28 available processors)

Solution count 1: 13468 

Optimal solution found (tolerance 1.00e-09)
Best objective 1.346803999976e+04, best bound 1.346803999976e+04, gap 0.0000%
pareto-map: box [13452.0400,13484.0400] (f1, f1<=13468)  → new point f1=13468.0400 f2=108.93
Set parameter OutputFlag to value 1
Set parameter TimeLimit to value 200
Gurobi Optimizer version 13.0.1 build v13.0.1rc0 (linux64 - "CachyOS")

CPU model: Intel(R) Core(TM) i7-14700KF, instruction set [SSE2|AVX|AVX2]
Thread count: 28 physical cores, 28 logical processors, using up to 28 threads

Non-default parameters:
TimeLimit  200
IntFeasTol  1e-09
MIPGap  1e-09

Academic license 2669763 - for non-commercial use only - registered to bg___@id.uff.br
Optimize a model with 9376 rows, 7653711 columns and 35608192 nonzeros (Min)
Model fingerprint: 0x33dced79
Model has 7645330 linear objective coefficients
Variable types: 0 continuous, 7653711 integer (7645330 binary)
Coefficient statistics:
  Matrix range     [1e-02, 1e+02]
  Objective range  [1e+00, 3e+02]
  Bounds range     [1e+00, 1e+00]
  RHS range        [1e+00, 1e+09]

Presolve removed 52 rows and 20749 columns (presolve time = 5s)...
Presolve removed 137 rows and 20834 columns (presolve time = 10s)...
Presolve removed 137 rows and 25190 columns (presolve time = 15s)...
Presolve removed 137 rows and 25190 columns (presolve time = 20s)...
Presolve removed 137 rows and 25190 columns (presolve time = 26s)...
Presolve removed 137 rows and 25190 columns (presolve time = 30s)...
Presolve removed 137 rows and 25190 columns (presolve time = 35s)...
Presolve removed 137 rows and 25190 columns
Presolve time: 39.43s
Presolved: 9239 rows, 7628521 columns, 29190794 nonzeros
Variable types: 0 continuous, 7628521 integer (7620278 binary)
Deterministic concurrent LP optimizer: primal simplex, dual simplex, and barrier
Showing barrier log only...

Root barrier log...

Ordering time: 0.52s

Barrier statistics:
 AA' NZ     : 8.220e+06
 Factor NZ  : 4.087e+07 (roughly 3.4 GB of memory)
 Factor Ops : 2.440e+11 (roughly 1 second per iteration)
 Threads    : 26

                  Objective                Residual
Iter       Primal          Dual         Primal    Dual     Compl     Time
   0   1.85519241e+13 -8.86854395e+09  2.40e+10 0.00e+00  1.52e+06    82s
   1   8.73075567e+12 -7.60240935e+09  1.18e+10 9.48e+01  7.60e+05    83s
   2   1.79345326e+12 -2.97739754e+09  2.58e+09 4.68e-11  1.71e+05    86s

Barrier performed 2 iterations in 86.15 seconds (169.67 work units)
Barrier solve interrupted - model solved by another algorithm

Concurrent spin time: 3.16s (can be avoided by choosing Method=3)

Solved with dual simplex

Root simplex log...

Iteration    Objective       Primal Inf.    Dual Inf.      Time
   10916    1.1354000e+04   0.000000e+00   0.000000e+00     86s

Root relaxation: objective 1.135400e+04, 10916 iterations, 17.32 seconds (19.03 work units)

    Nodes    |    Current Node    |     Objective Bounds      |     Work
 Expl Unexpl |  Obj  Depth IntInf | Incumbent    BestBd   Gap | It/Node Time

     0     0 11354.0004    0   16          - 11354.0004      -     -   88s
H    0     0                    11907.040000 11354.0004  4.64%     -  109s
H    0     0                    11366.040000 11354.0004  0.11%     -  112s
H    0     0                    11354.040000 11354.0004  0.00%     -  113s
     0     0 11354.0005    0   10 11354.0400 11354.0005  0.00%     -  130s
     0     0 11354.0017    0    9 11354.0400 11354.0017  0.00%     -  135s

Explored 1 nodes (11270 simplex iterations) in 136.10 seconds (198.93 work units)
Thread count was 28 (of 28 available processors)

Solution count 4: 11354 11354 11366 11907 

Optimal solution found (tolerance 1.00e-09)
Best objective 1.135403999976e+04, best bound 1.135403999976e+04, gap 0.0000%
Set parameter Seed to value 0
Gurobi Optimizer version 13.0.1 build v13.0.1rc0 (linux64 - "CachyOS")

CPU model: Intel(R) Core(TM) i7-14700KF, instruction set [SSE2|AVX|AVX2]
Thread count: 28 physical cores, 28 logical processors, using up to 28 threads

Non-default parameters:
TimeLimit  200
IntFeasTol  1e-09
MIPGap  1e-09

Academic license 2669763 - for non-commercial use only - registered to bg___@id.uff.br
Optimize a model with 9377 rows, 7653711 columns and 43253522 nonzeros (Min)
Model fingerprint: 0xfd8d220b
Model has 6327720 linear objective coefficients
Variable types: 0 continuous, 7653711 integer (7645330 binary)
Coefficient statistics:
  Matrix range     [1e-02, 3e+02]
  Objective range  [1e-02, 1e+02]
  Bounds range     [1e+00, 1e+00]
  RHS range        [1e+00, 1e+09]

Loaded MIP start from previous solve with objective 295.485

Presolve removed 52 rows and 20749 columns (presolve time = 5s)...
Presolve removed 2259 rows and 1980562 columns (presolve time = 10s)...
Presolve removed 2259 rows and 1980633 columns (presolve time = 15s)...
Presolve removed 2259 rows and 1981037 columns (presolve time = 20s)...
Presolve removed 2259 rows and 1981037 columns (presolve time = 25s)...
Presolve removed 2259 rows and 1981037 columns (presolve time = 38s)...
Presolve removed 2259 rows and 1981037 columns (presolve time = 42s)...
Presolve removed 2259 rows and 1981037 columns
Presolve time: 44.06s
Presolved: 7118 rows, 5672674 columns, 27353837 nonzeros
Variable types: 0 continuous, 5672674 integer (5666553 binary)
Deterministic concurrent LP optimizer: primal simplex, dual simplex, and barrier
Showing barrier log only...

Root barrier log...

Ordering time: 0.34s

Barrier statistics:
 AA' NZ     : 5.974e+06
 Factor NZ  : 2.288e+07 (roughly 2.5 GB of memory)
 Factor Ops : 1.013e+11 (less than 1 second per iteration)
 Threads    : 26

                  Objective                Residual
Iter       Primal          Dual         Primal    Dual     Compl     Time
   0   7.62931840e+10 -1.36295554e+08  5.47e+10 4.44e-16  1.97e+04    57s
   1   5.01654949e+10 -1.09444104e+08  3.60e+10 1.32e+00  1.30e+04    58s
   2   3.32092761e+10 -1.01586672e+08  2.38e+10 1.50e+00  8.60e+03    59s
   3   1.04848475e+10 -3.53780974e+07  7.53e+09 8.17e-13  2.84e+03    61s
   4   2.21644060e+09 -1.68578826e+07  1.60e+09 1.13e-12  6.06e+02    62s

Barrier performed 4 iterations in 62.13 seconds (160.60 work units)
Barrier solve interrupted - model solved by another algorithm

Concurrent spin time: 0.44s

Solved with primal simplex

Root simplex log...

Iteration    Objective       Primal Inf.    Dual Inf.      Time
   14188    2.9548472e+02   0.000000e+00   0.000000e+00     62s

Root relaxation: objective 2.954847e+02, 14188 iterations, 15.62 seconds (18.72 work units)

    Nodes    |    Current Node    |     Objective Bounds      |     Work
 Expl Unexpl |  Obj  Depth IntInf | Incumbent    BestBd   Gap | It/Node Time

     0     0 infeasible    0       295.48474  295.48474  0.00%     -   64s

Explored 1 nodes (14312 simplex iterations) in 64.44 seconds (162.07 work units)
Thread count was 28 (of 28 available processors)

Solution count 1: 295.485 

Optimal solution found (tolerance 1.00e-09)
Best objective 2.954847416814e+02, best bound 2.954847416814e+02, gap 0.0000%
pareto-map: box [11349.0400,11359.0400] (f2, f2<=295.5)  → new point f1=11354.0400 f2=295.485
Set parameter OutputFlag to value 1
Set parameter TimeLimit to value 200
Gurobi Optimizer version 13.0.1 build v13.0.1rc0 (linux64 - "CachyOS")

CPU model: Intel(R) Core(TM) i7-14700KF, instruction set [SSE2|AVX|AVX2]
Thread count: 28 physical cores, 28 logical processors, using up to 28 threads

Non-default parameters:
TimeLimit  200
IntFeasTol  1e-09
MIPGap  1e-09

Academic license 2669763 - for non-commercial use only - registered to bg___@id.uff.br
Optimize a model with 9376 rows, 7653711 columns and 36925802 nonzeros (Min)
Model fingerprint: 0x6b76e05b
Model has 6327720 linear objective coefficients
Variable types: 0 continuous, 7653711 integer (7645330 binary)
Coefficient statistics:
  Matrix range     [1e-02, 3e+02]
  Objective range  [1e-02, 1e+02]
  Bounds range     [1e+00, 1e+00]
  RHS range        [1e+00, 1e+09]

Presolve removed 52 rows and 20758 columns (presolve time = 6s)...
Presolve removed 137 rows and 20843 columns (presolve time = 10s)...
Presolve removed 137 rows and 29747 columns (presolve time = 15s)...
Presolve removed 137 rows and 29835 columns (presolve time = 21s)...
Presolve removed 137 rows and 29835 columns (presolve time = 25s)...
Presolve removed 137 rows and 29835 columns (presolve time = 30s)...
Presolve removed 137 rows and 29835 columns (presolve time = 35s)...
Presolve removed 137 rows and 29835 columns (presolve time = 40s)...
Presolve removed 137 rows and 29835 columns
Presolve time: 44.22s
Presolved: 9239 rows, 7623876 columns, 30455992 nonzeros
Variable types: 0 continuous, 7623876 integer (7615633 binary)
Found heuristic solution: objective 361.9629500
Deterministic concurrent LP optimizer: primal simplex, dual simplex, and barrier
Showing barrier log only...

Root barrier log...

Ordering time: 0.56s

Barrier statistics:
 AA' NZ     : 8.221e+06
 Factor NZ  : 4.087e+07 (roughly 3.4 GB of memory)
 Factor Ops : 2.440e+11 (roughly 1 second per iteration)
 Threads    : 26

                  Objective                Residual
Iter       Primal          Dual         Primal    Dual     Compl     Time
   0   9.97948293e+10 -4.82898952e+08  6.96e+10 0.00e+00  2.99e+04    79s
   1   5.37871070e+10 -3.59557997e+08  3.75e+10 1.81e+00  1.62e+04    81s
   2   3.68922907e+10 -3.05503181e+08  2.57e+10 8.72e-01  1.13e+04    83s
   3   5.27694692e+09 -1.10919901e+08  3.70e+09 1.19e-01  1.66e+03    86s

Barrier performed 3 iterations in 86.39 seconds (176.35 work units)
Barrier solve interrupted - model solved by another algorithm

Concurrent spin time: 1.23s

Solved with primal simplex

Root simplex log...

Iteration    Objective       Primal Inf.    Dual Inf.      Time
   45780    9.7246387e+01   0.000000e+00   0.000000e+00     87s

Root relaxation: objective 9.724639e+01, 45780 iterations, 20.49 seconds (23.67 work units)

    Nodes    |    Current Node    |     Objective Bounds      |     Work
 Expl Unexpl |  Obj  Depth IntInf | Incumbent    BestBd   Gap | It/Node Time

     0     0   97.24639    0   18  361.96295   97.24639  73.1%     -   89s
H    0     0                      97.8554445   97.24639  0.62%     -   96s
H    0     0                      97.3162833   97.24639  0.07%     -   98s
H    0     0                      97.2657556   97.24639  0.02%     -   98s
H    0     0                      97.2648639   97.24639  0.02%     -  107s
     0     0   97.24639    0  108   97.26486   97.24639  0.02%     -  121s
     0     0   97.24639    0    6   97.26486   97.24639  0.02%     -  127s
     0     0   97.26234    0   20   97.26486   97.26234  0.00%     -  127s
     0     0   97.26234    0   24   97.26486   97.26234  0.00%     -  127s
     0     0   97.26234    0   31   97.26486   97.26234  0.00%     -  127s
     0     0   97.26234    0    4   97.26486   97.26234  0.00%     -  127s
     0     0   97.26249    0    9   97.26486   97.26249  0.00%     -  127s
     0     0   97.26249    0    8   97.26486   97.26249  0.00%     -  127s
     0     0   97.26249    0    8   97.26486   97.26249  0.00%     -  127s
     0     2   97.26249    0    8   97.26486   97.26249  0.00%     -  127s

Cutting planes:
  Gomory: 3
  MIR: 1
  GUB cover: 1
  Mod-K: 1

Explored 5 nodes (54590 simplex iterations) in 127.84 seconds (209.67 work units)
Thread count was 28 (of 28 available processors)

Solution count 6: 97.2649 97.2649 97.2658 ... 361.963

Optimal solution found (tolerance 1.00e-09)
Best objective 9.726486390655e+01, best bound 9.726486390655e+01, gap 0.0000%
Set parameter Seed to value 0
Gurobi Optimizer version 13.0.1 build v13.0.1rc0 (linux64 - "CachyOS")

CPU model: Intel(R) Core(TM) i7-14700KF, instruction set [SSE2|AVX|AVX2]
Thread count: 28 physical cores, 28 logical processors, using up to 28 threads

Non-default parameters:
TimeLimit  200
IntFeasTol  1e-09
MIPGap  1e-09

Academic license 2669763 - for non-commercial use only - registered to bg___@id.uff.br
Optimize a model with 9377 rows, 7653711 columns and 43253522 nonzeros (Min)
Model fingerprint: 0x28bc3322
Model has 7645330 linear objective coefficients
Variable types: 0 continuous, 7653711 integer (7645330 binary)
Coefficient statistics:
  Matrix range     [1e-02, 3e+02]
  Objective range  [1e+00, 3e+02]
  Bounds range     [1e+00, 1e+00]
  RHS range        [1e+00, 1e+09]

Loaded MIP start from previous solve with objective 13658

Presolve removed 52 rows and 26789 columns (presolve time = 6s)...
Presolve removed 137 rows and 26874 columns (presolve time = 10s)...
Presolve removed 137 rows and 26874 columns (presolve time = 15s)...
Presolve removed 137 rows and 27642 columns (presolve time = 21s)...
Presolve removed 137 rows and 27642 columns (presolve time = 25s)...
Presolve removed 137 rows and 27642 columns (presolve time = 30s)...
Presolve removed 137 rows and 27642 columns (presolve time = 35s)...
Presolve removed 137 rows and 27642 columns (presolve time = 40s)...
Presolve removed 137 rows and 27642 columns (presolve time = 52s)...
Presolve removed 137 rows and 27642 columns (presolve time = 57s)...
Presolve removed 137 rows and 27642 columns (presolve time = 62s)...
Presolve removed 137 rows and 27642 columns (presolve time = 70s)...
Presolve removed 137 rows and 27642 columns (presolve time = 71s)...
Presolve removed 137 rows and 27642 columns
Presolve time: 72.75s
Presolved: 9240 rows, 7626069 columns, 36767120 nonzeros
Variable types: 0 continuous, 7626069 integer (7617826 binary)
Deterministic concurrent LP optimizer: primal simplex, dual simplex, and barrier
Showing barrier log only...

Root barrier log...

Ordering time: 0.56s

Barrier statistics:
 AA' NZ     : 8.219e+06
 Factor NZ  : 4.088e+07 (roughly 3.4 GB of memory)
 Factor Ops : 2.441e+11 (roughly 1 second per iteration)
 Threads    : 26

                  Objective                Residual
Iter       Primal          Dual         Primal    Dual     Compl     Time
   0   1.26871738e+12 -1.64737736e+09  6.77e+10 0.00e+00  1.27e+05    92s
   1   6.47445174e+11 -1.06358795e+09  3.46e+10 3.83e+00  6.45e+04    94s
   2   1.41090804e+11 -3.12558292e+08  7.53e+09 5.85e-12  1.42e+04    97s

Barrier performed 2 iterations in 97.09 seconds (1075.05 work units)
Barrier solve interrupted - model solved by another algorithm

Concurrent spin time: 3.32s (can be avoided by choosing Method=3)

Solved with dual simplex

Root simplex log...

Iteration    Objective       Primal Inf.    Dual Inf.      Time
   11757    1.3657735e+04   0.000000e+00   0.000000e+00     99s

Root relaxation: objective 1.365773e+04, 11757 iterations, 22.91 seconds (29.51 work units)

    Nodes    |    Current Node    |     Objective Bounds      |     Work
 Expl Unexpl |  Obj  Depth IntInf | Incumbent    BestBd   Gap | It/Node Time

     0     0 13657.7350    0   16 13658.0400 13657.7350  0.00%     -  101s
     0     0 13657.7511    0   24 13658.0400 13657.7511  0.00%     -  123s
     0     0 13657.7511    0    4 13658.0400 13657.7511  0.00%     -  130s
     0     0 13657.7511    0   35 13658.0400 13657.7511  0.00%     -  130s
     0     0 13657.7511    0   35 13658.0400 13657.7511  0.00%     -  130s
     0     0 13657.7511    0   16 13658.0400 13657.7511  0.00%     -  130s
     0     0 13657.7570    0   45 13658.0400 13657.7570  0.00%     -  130s
     0     0 13657.7620    0   44 13658.0400 13657.7620  0.00%     -  130s
     0     0 13657.7638    0   49 13658.0400 13657.7638  0.00%     -  130s
     0     0 13657.7638    0   21 13658.0400 13657.7638  0.00%     -  130s
     0     0 13657.7645    0   44 13658.0400 13657.7645  0.00%     -  130s
     0     0 13657.7645    0   44 13658.0400 13657.7645  0.00%     -  130s
     0     0 13657.7645    0   18 13658.0400 13657.7645  0.00%     -  130s
     0     2 13657.7698    0   18 13658.0400 13657.7698  0.00%     -  130s

Cutting planes:
  Cover: 6
  MIR: 6
  StrongCG: 3

Explored 1658 nodes (35067 simplex iterations) in 131.38 seconds (1100.87 work units)
Thread count was 28 (of 28 available processors)

Solution count 2: 13658 13658 

Optimal solution found (tolerance 1.00e-09)
Best objective 1.365803999976e+04, best bound 1.365803999976e+04, gap 0.0000%
pareto-map: box [13642.0400,13674.0400] (f1, f1<=13658)  → new point f1=13658.0400 f2=97.2649
Set parameter OutputFlag to value 1
Set parameter TimeLimit to value 200
Gurobi Optimizer version 13.0.1 build v13.0.1rc0 (linux64 - "CachyOS")

CPU model: Intel(R) Core(TM) i7-14700KF, instruction set [SSE2|AVX|AVX2]
Thread count: 28 physical cores, 28 logical processors, using up to 28 threads

Non-default parameters:
TimeLimit  200
IntFeasTol  1e-09
MIPGap  1e-09

Academic license 2669763 - for non-commercial use only - registered to bg___@id.uff.br
Optimize a model with 9376 rows, 7653711 columns and 35608192 nonzeros (Min)
Model fingerprint: 0x99e7bd35
Model has 7645330 linear objective coefficients
Variable types: 0 continuous, 7653711 integer (7645330 binary)
Coefficient statistics:
  Matrix range     [1e-02, 1e+02]
  Objective range  [1e+00, 3e+02]
  Bounds range     [1e+00, 1e+00]
  RHS range        [1e+00, 1e+09]

Presolve removed 52 rows and 20749 columns (presolve time = 5s)...
Presolve removed 137 rows and 20834 columns (presolve time = 10s)...
Presolve removed 137 rows and 25190 columns (presolve time = 15s)...
Presolve removed 137 rows and 25190 columns (presolve time = 20s)...
Presolve removed 137 rows and 25190 columns (presolve time = 25s)...
Presolve removed 137 rows and 25190 columns (presolve time = 30s)...
Presolve removed 137 rows and 25190 columns (presolve time = 35s)...
Presolve removed 137 rows and 25190 columns (presolve time = 40s)...
Presolve removed 137 rows and 25190 columns
Presolve time: 40.13s
Presolved: 9239 rows, 7628521 columns, 29190794 nonzeros
Variable types: 0 continuous, 7628521 integer (7620278 binary)
Deterministic concurrent LP optimizer: primal simplex, dual simplex, and barrier
Showing barrier log only...

Root barrier log...

Ordering time: 0.52s

Barrier statistics:
 AA' NZ     : 8.220e+06
 Factor NZ  : 4.087e+07 (roughly 3.4 GB of memory)
 Factor Ops : 2.440e+11 (roughly 1 second per iteration)
 Threads    : 26

                  Objective                Residual
Iter       Primal          Dual         Primal    Dual     Compl     Time
   0   1.85519239e+13 -8.86854395e+09  2.40e+10 0.00e+00  1.52e+06    82s
   1   8.72971974e+12 -7.60187354e+09  1.18e+10 9.48e+01  7.60e+05    83s
   2   1.79312476e+12 -2.97699712e+09  2.58e+09 1.10e-09  1.71e+05    86s

Barrier performed 2 iterations in 86.20 seconds (169.21 work units)
Barrier solve interrupted - model solved by another algorithm

Concurrent spin time: 3.45s (can be avoided by choosing Method=3)

Solved with dual simplex

Root simplex log...

Iteration    Objective       Primal Inf.    Dual Inf.      Time
   11139    1.1319516e+04   0.000000e+00   0.000000e+00     86s

Root relaxation: objective 1.131952e+04, 11139 iterations, 17.66 seconds (19.06 work units)

    Nodes    |    Current Node    |     Objective Bounds      |     Work
 Expl Unexpl |  Obj  Depth IntInf | Incumbent    BestBd   Gap | It/Node Time

     0     0 11319.5164    0   10          - 11319.5164      -     -   88s
H    0     0                    11868.040000 11319.5164  4.62%     -  109s
H    0     0                    11329.040000 11319.5164  0.08%     -  112s
H    0     0                    11320.040000 11319.5164  0.00%     -  112s
     0     0 11319.5186    0    8 11320.0400 11319.5186  0.00%     -  131s
     0     0 11319.5186    0    4 11320.0400 11319.5186  0.00%     -  136s
     0     0 11319.5186    0    4 11320.0400 11319.5186  0.00%     -  136s
     0     0 11319.5577    0   10 11320.0400 11319.5577  0.00%     -  136s

Cutting planes:
  MIR: 1
  StrongCG: 1

Explored 1 nodes (11533 simplex iterations) in 136.34 seconds (198.18 work units)
Thread count was 28 (of 28 available processors)

Solution count 4: 11320 11320 11329 11868 

Optimal solution found (tolerance 1.00e-09)
Best objective 1.132003999976e+04, best bound 1.132003999976e+04, gap 0.0000%
Set parameter Seed to value 0
Gurobi Optimizer version 13.0.1 build v13.0.1rc0 (linux64 - "CachyOS")

CPU model: Intel(R) Core(TM) i7-14700KF, instruction set [SSE2|AVX|AVX2]
Thread count: 28 physical cores, 28 logical processors, using up to 28 threads

Non-default parameters:
TimeLimit  200
IntFeasTol  1e-09
MIPGap  1e-09

Academic license 2669763 - for non-commercial use only - registered to bg___@id.uff.br
Optimize a model with 9377 rows, 7653711 columns and 43253522 nonzeros (Min)
Model fingerprint: 0x29e8ae7d
Model has 6327720 linear objective coefficients
Variable types: 0 continuous, 7653711 integer (7645330 binary)
Coefficient statistics:
  Matrix range     [1e-02, 3e+02]
  Objective range  [1e-02, 1e+02]
  Bounds range     [1e+00, 1e+00]
  RHS range        [1e+00, 1e+09]

Loaded MIP start from previous solve with objective 303.921

Presolve removed 52 rows and 20749 columns (presolve time = 5s)...
Presolve removed 3245 rows and 2929502 columns (presolve time = 10s)...
Presolve removed 3245 rows and 2929573 columns (presolve time = 15s)...
Presolve removed 3245 rows and 2929977 columns (presolve time = 20s)...
Presolve removed 3245 rows and 2929977 columns (presolve time = 25s)...
Presolve removed 3245 rows and 2929977 columns (presolve time = 33s)...
Presolve removed 3245 rows and 2929977 columns (presolve time = 35s)...
Presolve removed 3245 rows and 2929977 columns
Presolve time: 36.45s
Presolved: 6132 rows, 4723734 columns, 22775465 nonzeros
Variable types: 0 continuous, 4723734 integer (4718599 binary)
Deterministic concurrent LP optimizer: primal simplex, dual simplex, and barrier
Showing barrier log only...

Root barrier log...

Ordering time: 0.32s

Barrier statistics:
 AA' NZ     : 4.980e+06
 Factor NZ  : 1.694e+07 (roughly 2.0 GB of memory)
 Factor Ops : 6.435e+10 (less than 1 second per iteration)
 Threads    : 26

                  Objective                Residual
Iter       Primal          Dual         Primal    Dual     Compl     Time
   0   4.72341858e+10 -9.97645272e+07  3.00e+10 4.44e-16  1.40e+04    47s
   1   3.31288255e+10 -8.63228831e+07  2.10e+10 1.72e+00  9.86e+03    48s
   2   2.38380454e+10 -7.73836461e+07  1.51e+10 1.11e+00  7.08e+03    49s
   3   1.09402436e+10 -3.65630456e+07  6.96e+09 1.22e-12  3.39e+03    50s

Barrier performed 3 iterations in 50.43 seconds (145.20 work units)
Barrier solve interrupted - model solved by another algorithm

Concurrent spin time: 1.67s (can be avoided by choosing Method=3)

Solved with primal simplex

Root simplex log...

Iteration    Objective       Primal Inf.    Dual Inf.      Time
   22009    3.0392107e+02   0.000000e+00   0.000000e+00     50s

Root relaxation: objective 3.039211e+02, 22009 iterations, 11.97 seconds (14.64 work units)

    Nodes    |    Current Node    |     Objective Bounds      |     Work
 Expl Unexpl |  Obj  Depth IntInf | Incumbent    BestBd   Gap | It/Node Time

     0     0 infeasible    0       303.92110  303.92110  0.00%     -   52s

Explored 1 nodes (22184 simplex iterations) in 52.35 seconds (146.80 work units)
Thread count was 28 (of 28 available processors)

Solution count 1: 303.921 

Optimal solution found (tolerance 1.00e-09)
Best objective 3.039210972348e+02, best bound 3.039210972348e+02, gap 0.0000%
pareto-map: box [11315.0400,11324.0400] (f2, f2<=304.1)  → new point f1=11320.0400 f2=303.921
Set parameter OutputFlag to value 1
Set parameter TimeLimit to value 200
Gurobi Optimizer version 13.0.1 build v13.0.1rc0 (linux64 - "CachyOS")

CPU model: Intel(R) Core(TM) i7-14700KF, instruction set [SSE2|AVX|AVX2]
Thread count: 28 physical cores, 28 logical processors, using up to 28 threads

Non-default parameters:
TimeLimit  200
IntFeasTol  1e-09
MIPGap  1e-09

Academic license 2669763 - for non-commercial use only - registered to bg___@id.uff.br
Optimize a model with 9376 rows, 7653711 columns and 36925802 nonzeros (Min)
Model fingerprint: 0x4f74ef04
Model has 6327720 linear objective coefficients
Variable types: 0 continuous, 7653711 integer (7645330 binary)
Coefficient statistics:
  Matrix range     [1e-02, 3e+02]
  Objective range  [1e-02, 1e+02]
  Bounds range     [1e+00, 1e+00]
  RHS range        [1e+00, 1e+09]

Presolve removed 52 rows and 20758 columns (presolve time = 5s)...
Presolve removed 137 rows and 20843 columns (presolve time = 10s)...
Presolve removed 137 rows and 20929 columns (presolve time = 15s)...
Presolve removed 137 rows and 29835 columns (presolve time = 20s)...
Presolve removed 137 rows and 29835 columns (presolve time = 25s)...
Presolve removed 137 rows and 29835 columns (presolve time = 30s)...
Presolve removed 137 rows and 29835 columns (presolve time = 35s)...
Presolve removed 137 rows and 29835 columns (presolve time = 40s)...
Presolve removed 137 rows and 29835 columns
Presolve time: 42.52s
Presolved: 9239 rows, 7623876 columns, 30455992 nonzeros
Variable types: 0 continuous, 7623876 integer (7615633 binary)
Found heuristic solution: objective 361.9629500
Deterministic concurrent LP optimizer: primal simplex, dual simplex, and barrier
Showing barrier log only...

Root barrier log...

Ordering time: 0.59s

Barrier statistics:
 AA' NZ     : 8.221e+06
 Factor NZ  : 4.087e+07 (roughly 3.4 GB of memory)
 Factor Ops : 2.440e+11 (roughly 1 second per iteration)
 Threads    : 26

                  Objective                Residual
Iter       Primal          Dual         Primal    Dual     Compl     Time
   0   9.97948291e+10 -4.82898952e+08  6.96e+10 0.00e+00  2.99e+04    77s
   1   5.37863331e+10 -3.59553388e+08  3.75e+10 1.81e+00  1.62e+04    78s
   2   3.68925457e+10 -3.05497488e+08  2.57e+10 8.73e-01  1.13e+04    80s
   3   5.27671309e+09 -1.10916991e+08  3.70e+09 1.19e-01  1.66e+03    83s
   4   2.21282431e+09 -5.90246833e+07  1.55e+09 4.19e-02  7.05e+02    86s
   5   5.91686575e+08 -4.63068552e+07  4.17e+08 2.42e-02  1.92e+02    89s

Barrier performed 5 iterations in 88.74 seconds (179.75 work units)
Barrier solve interrupted - model solved by another algorithm

Concurrent spin time: 0.40s

Solved with primal simplex

Root simplex log...

Iteration    Objective       Primal Inf.    Dual Inf.      Time
   60502    9.3431614e+01   0.000000e+00   0.000000e+00     89s

Root relaxation: objective 9.343161e+01, 60502 iterations, 24.55 seconds (26.25 work units)

    Nodes    |    Current Node    |     Objective Bounds      |     Work
 Expl Unexpl |  Obj  Depth IntInf | Incumbent    BestBd   Gap | It/Node Time

     0     0   93.43161    0   10  361.96295   93.43161  74.2%     -   91s
H    0     0                      93.4919250   93.43161  0.06%     -   94s
H    0     0                      93.4506111   93.43161  0.02%     -   96s
H    0     0                      93.4494222   93.43161  0.02%     -   98s
H    0     0                      93.4428834   93.43161  0.01%     -   98s
     0     0   93.43161    0  103   93.44288   93.43161  0.01%     -  118s
     0     0   93.43161    0    2   93.44288   93.43161  0.01%     -  124s
     0     0   93.44288    0   28   93.44288   93.44288  0.00%     -  124s

Cutting planes:
  Gomory: 3
  Zero half: 1
  RLT: 1

Explored 1 nodes (72431 simplex iterations) in 124.87 seconds (208.02 work units)
Thread count was 28 (of 28 available processors)

Solution count 7: 93.4429 93.4429 93.4494 ... 361.963

Optimal solution found (tolerance 1.00e-09)
Best objective 9.344288335664e+01, best bound 9.344288333898e+01, gap 0.0000%
Set parameter Seed to value 0
Gurobi Optimizer version 13.0.1 build v13.0.1rc0 (linux64 - "CachyOS")

CPU model: Intel(R) Core(TM) i7-14700KF, instruction set [SSE2|AVX|AVX2]
Thread count: 28 physical cores, 28 logical processors, using up to 28 threads

Non-default parameters:
TimeLimit  200
IntFeasTol  1e-09
MIPGap  1e-09

Academic license 2669763 - for non-commercial use only - registered to bg___@id.uff.br
Optimize a model with 9377 rows, 7653711 columns and 43253522 nonzeros (Min)
Model fingerprint: 0x22903bc0
Model has 7645330 linear objective coefficients
Variable types: 0 continuous, 7653711 integer (7645330 binary)
Coefficient statistics:
  Matrix range     [1e-02, 3e+02]
  Objective range  [1e+00, 3e+02]
  Bounds range     [1e+00, 1e+00]
  RHS range        [1e+00, 1e+09]

Loaded MIP start from previous solve with objective 13721

Presolve removed 52 rows and 27647 columns (presolve time = 5s)...
Presolve removed 137 rows and 27732 columns (presolve time = 10s)...
Presolve removed 137 rows and 28500 columns (presolve time = 15s)...
Presolve removed 137 rows and 28500 columns (presolve time = 20s)...
Presolve removed 137 rows and 28500 columns (presolve time = 25s)...
Presolve removed 137 rows and 28500 columns (presolve time = 31s)...
Presolve removed 137 rows and 28500 columns (presolve time = 35s)...
Presolve removed 137 rows and 28500 columns (presolve time = 40s)...
Presolve removed 137 rows and 28500 columns (presolve time = 50s)...
Presolve removed 137 rows and 28500 columns (presolve time = 55s)...
Presolve removed 137 rows and 28500 columns (presolve time = 60s)...
Presolve removed 137 rows and 28500 columns (presolve time = 74s)...
Presolve removed 137 rows and 28500 columns (presolve time = 76s)...
Presolve removed 137 rows and 28500 columns
Presolve time: 75.64s
Presolved: 9240 rows, 7625211 columns, 36762834 nonzeros
Variable types: 0 continuous, 7625211 integer (7616968 binary)
Deterministic concurrent LP optimizer: primal simplex, dual simplex, and barrier
Showing barrier log only...

Root barrier log...

Ordering time: 0.56s

Barrier statistics:
 AA' NZ     : 8.217e+06
 Factor NZ  : 4.088e+07 (roughly 3.4 GB of memory)
 Factor Ops : 2.441e+11 (roughly 1 second per iteration)
 Threads    : 26

                  Objective                Residual
Iter       Primal          Dual         Primal    Dual     Compl     Time
   0   1.26716411e+12 -1.64729192e+09  6.77e+10 0.00e+00  1.26e+05    94s
   1   6.47639191e+11 -1.06341617e+09  3.46e+10 3.82e+00  6.46e+04    96s
   2   1.41732099e+11 -3.12295907e+08  7.57e+09 3.68e-12  1.43e+04   100s

Barrier performed 2 iterations in 99.63 seconds (1292.25 work units)
Barrier solve interrupted - model solved by another algorithm

Concurrent spin time: 4.33s (can be avoided by choosing Method=3)

Solved with dual simplex

Root simplex log...

Iteration    Objective       Primal Inf.    Dual Inf.      Time
   12442    1.3720851e+04   0.000000e+00   0.000000e+00    101s

Root relaxation: objective 1.372085e+04, 12442 iterations, 22.73 seconds (29.34 work units)

    Nodes    |    Current Node    |     Objective Bounds      |     Work
 Expl Unexpl |  Obj  Depth IntInf | Incumbent    BestBd   Gap | It/Node Time

     0     0 13720.8515    0   12 13721.0400 13720.8515  0.00%     -  103s
     0     0 13720.8653    0  145 13721.0400 13720.8653  0.00%     -  126s
     0     0 13720.8653    0    5 13721.0400 13720.8653  0.00%     -  132s
     0     0 13720.8653    0   27 13721.0400 13720.8653  0.00%     -  132s
     0     0 13720.8653    0   27 13721.0400 13720.8653  0.00%     -  132s
     0     0 13720.8695    0   33 13721.0400 13720.8695  0.00%     -  132s
     0     0 13720.8702    0   39 13721.0400 13720.8702  0.00%     -  132s
     0     0 13720.8702    0   43 13721.0400 13720.8702  0.00%     -  132s
     0     0 13720.8702    0   43 13721.0400 13720.8702  0.00%     -  132s
     0     0 13720.8702    0   26 13721.0400 13720.8702  0.00%     -  132s
     0     2 13720.8702    0   16 13721.0400 13720.8702  0.00%     -  132s

Cutting planes:
  Cover: 13
  MIR: 3
  StrongCG: 2
  Inf proof: 2
  Zero half: 1
  RLT: 1

Explored 218 nodes (22481 simplex iterations) in 133.31 seconds (1319.76 work units)
Thread count was 28 (of 28 available processors)

Solution count 2: 13721 13721 

Optimal solution found (tolerance 1.00e-09)
Best objective 1.372103999976e+04, best bound 1.372103999976e+04, gap 0.0000%
pareto-map: box [13705.0400,13737.0400] (f1, f1<=13721)  → new point f1=13721.0400 f2=93.4429
Set parameter OutputFlag to value 1
Set parameter TimeLimit to value 200
Gurobi Optimizer version 13.0.1 build v13.0.1rc0 (linux64 - "CachyOS")

CPU model: Intel(R) Core(TM) i7-14700KF, instruction set [SSE2|AVX|AVX2]
Thread count: 28 physical cores, 28 logical processors, using up to 28 threads

Non-default parameters:
TimeLimit  200
IntFeasTol  1e-09
MIPGap  1e-09

Academic license 2669763 - for non-commercial use only - registered to bg___@id.uff.br
Optimize a model with 9376 rows, 7653711 columns and 35608192 nonzeros (Min)
Model fingerprint: 0x2854fc2f
Model has 7645330 linear objective coefficients
Variable types: 0 continuous, 7653711 integer (7645330 binary)
Coefficient statistics:
  Matrix range     [1e-02, 1e+02]
  Objective range  [1e+00, 3e+02]
  Bounds range     [1e+00, 1e+00]
  RHS range        [1e+00, 1e+09]

Presolve removed 52 rows and 20749 columns (presolve time = 5s)...
Presolve removed 137 rows and 20834 columns (presolve time = 10s)...
Presolve removed 137 rows and 25190 columns (presolve time = 15s)...
Presolve removed 137 rows and 25190 columns (presolve time = 20s)...
Presolve removed 137 rows and 25190 columns (presolve time = 25s)...
Presolve removed 137 rows and 25190 columns (presolve time = 30s)...
Presolve removed 137 rows and 25190 columns (presolve time = 35s)...
Presolve removed 137 rows and 25190 columns
Presolve time: 36.27s
Presolved: 9239 rows, 7628521 columns, 29190794 nonzeros
Variable types: 0 continuous, 7628521 integer (7620278 binary)
Deterministic concurrent LP optimizer: primal simplex, dual simplex, and barrier
Showing barrier log only...

Root barrier log...

Ordering time: 0.52s

Barrier statistics:
 AA' NZ     : 8.220e+06
 Factor NZ  : 4.087e+07 (roughly 3.4 GB of memory)
 Factor Ops : 2.440e+11 (roughly 1 second per iteration)
 Threads    : 26

                  Objective                Residual
Iter       Primal          Dual         Primal    Dual     Compl     Time
   0   1.85519234e+13 -8.86854395e+09  2.40e+10 0.00e+00  1.52e+06    78s
   1   8.72904645e+12 -7.60162903e+09  1.18e+10 9.48e+01  7.60e+05    80s
   2   1.79295198e+12 -2.97667344e+09  2.58e+09 5.17e-10  1.71e+05    83s

Barrier performed 2 iterations in 82.59 seconds (169.34 work units)
Barrier solve interrupted - model solved by another algorithm

Concurrent spin time: 3.42s (can be avoided by choosing Method=3)

Solved with dual simplex

Root simplex log...

Iteration    Objective       Primal Inf.    Dual Inf.      Time
   11766    1.1256275e+04   0.000000e+00   0.000000e+00     83s

Root relaxation: objective 1.125628e+04, 11766 iterations, 17.24 seconds (18.94 work units)

    Nodes    |    Current Node    |     Objective Bounds      |     Work
 Expl Unexpl |  Obj  Depth IntInf | Incumbent    BestBd   Gap | It/Node Time

     0     0 11256.2752    0   16          - 11256.2752      -     -   84s
H    0     0                    11260.040000 11256.2752  0.03%     -  100s
H    0     0                    11259.040000 11256.2752  0.02%     -  103s
H    0     0                    11257.040000 11256.2752  0.01%     -  104s
     0     0 11256.2909    0   20 11257.0400 11256.2909  0.01%     -  121s
     0     0 11256.2909    0    5 11257.0400 11256.2909  0.01%     -  126s
     0     0 11256.3829    0    5 11257.0400 11256.3829  0.01%     -  126s
     0     0 11256.4206    0    8 11257.0400 11256.4206  0.01%     -  126s
     0     0 11256.4566    0   16 11257.0400 11256.4566  0.01%     -  126s
     0     0 11256.4650    0   16 11257.0400 11256.4650  0.01%     -  126s
     0     0 11256.4745    0   15 11257.0400 11256.4745  0.01%     -  126s
     0     0 11256.4800    0   17 11257.0400 11256.4800  0.00%     -  126s
     0     0 11256.4800    0   21 11257.0400 11256.4800  0.00%     -  126s
     0     0 11256.4937    0   21 11257.0400 11256.4937  0.00%     -  126s
     0     0 11256.5213    0   21 11257.0400 11256.5213  0.00%     -  126s
     0     0 11256.5342    0   19 11257.0400 11256.5342  0.00%     -  126s
     0     0 11256.5414    0   19 11257.0400 11256.5414  0.00%     -  126s
     0     0 11256.5414    0   19 11257.0400 11256.5414  0.00%     -  126s
     0     0 11256.5414    0   17 11257.0400 11256.5414  0.00%     -  126s
     0     0 11256.5414    0    6 11257.0400 11256.5414  0.00%     -  126s
     0     0 11256.5414    0    5 11257.0400 11256.5414  0.00%     -  126s
     0     0 11256.5414    0    5 11257.0400 11256.5414  0.00%     -  126s
     0     0 11256.5414    0    6 11257.0400 11256.5414  0.00%     -  126s
     0     0 11256.6027    0   16 11257.0400 11256.6027  0.00%     -  126s
     0     0 11256.6201    0   16 11257.0400 11256.6201  0.00%     -  126s
     0     0 11256.6215    0   20 11257.0400 11256.6215  0.00%     -  126s
     0     0 11256.6268    0   20 11257.0400 11256.6268  0.00%     -  126s
     0     0 11256.7840    0   22 11257.0400 11256.7840  0.00%     -  126s
     0     0 11256.7840    0   22 11257.0400 11256.7840  0.00%     -  126s
     0     0 11256.7840    0   22 11257.0400 11256.7840  0.00%     -  126s
     0     0 11256.7840    0   18 11257.0400 11256.7840  0.00%     -  126s
     0     0 11256.7840    0   20 11257.0400 11256.7840  0.00%     -  126s
     0     0 11256.7840    0   20 11257.0400 11256.7840  0.00%     -  126s
     0     0 11256.7840    0   20 11257.0400 11256.7840  0.00%     -  126s
     0     0 11256.7840    0   20 11257.0400 11256.7840  0.00%     -  126s
     0     0 11256.7840    0   22 11257.0400 11256.7840  0.00%     -  126s
     0     0 11256.7840    0   12 11257.0400 11256.7840  0.00%     -  126s
     0     0 11256.7840    0   12 11257.0400 11256.7840  0.00%     -  126s
     0     0 11256.7840    0   12 11257.0400 11256.7840  0.00%     -  126s
     0     0 11256.7840    0   18 11257.0400 11256.7840  0.00%     -  126s
     0     0 11256.7840    0   12 11257.0400 11256.7840  0.00%     -  126s
     0     0 11256.7840    0   14 11257.0400 11256.7840  0.00%     -  126s
     0     0 11256.7840    0   20 11257.0400 11256.7840  0.00%     -  126s
     0     0 11256.7840    0   20 11257.0400 11256.7840  0.00%     -  126s
     0     0 11256.7840    0   14 11257.0400 11256.7840  0.00%     -  126s
     0     0 11256.7840    0   18 11257.0400 11256.7840  0.00%     -  126s
     0     0 11256.7840    0   18 11257.0400 11256.7840  0.00%     -  126s
     0     0 11256.7840    0   13 11257.0400 11256.7840  0.00%     -  126s
     0     0 11256.7840    0    5 11257.0400 11256.7840  0.00%     -  126s
     0     0 11256.7840    0   11 11257.0400 11256.7840  0.00%     -  126s
     0     0 11256.7840    0   13 11257.0400 11256.7840  0.00%     -  126s
     0     0 11256.8510    0    9 11257.0400 11256.8510  0.00%     -  126s
     0     0 11256.8521    0    9 11257.0400 11256.8521  0.00%     -  126s
     0     0 11256.8536    0   12 11257.0400 11256.8536  0.00%     -  126s

Cutting planes:
  Cover: 1
  MIR: 1
  StrongCG: 2
  RLT: 1

Explored 1 nodes (13602 simplex iterations) in 126.78 seconds (195.25 work units)
Thread count was 28 (of 28 available processors)

Solution count 6: 11257 11257 11257 ... 11260

Optimal solution found (tolerance 1.00e-09)
Best objective 1.125703999976e+04, best bound 1.125703999976e+04, gap 0.0000%
Set parameter Seed to value 0
Gurobi Optimizer version 13.0.1 build v13.0.1rc0 (linux64 - "CachyOS")

CPU model: Intel(R) Core(TM) i7-14700KF, instruction set [SSE2|AVX|AVX2]
Thread count: 28 physical cores, 28 logical processors, using up to 28 threads

Non-default parameters:
TimeLimit  200
IntFeasTol  1e-09
MIPGap  1e-09

Academic license 2669763 - for non-commercial use only - registered to bg___@id.uff.br
Optimize a model with 9377 rows, 7653711 columns and 43253522 nonzeros (Min)
Model fingerprint: 0xcfb805ed
Model has 6327720 linear objective coefficients
Variable types: 0 continuous, 7653711 integer (7645330 binary)
Coefficient statistics:
  Matrix range     [1e-02, 3e+02]
  Objective range  [1e-02, 1e+02]
  Bounds range     [1e+00, 1e+00]
  RHS range        [1e+00, 1e+09]

Loaded MIP start from previous solve with objective 321.362

Presolve removed 52 rows and 20749 columns (presolve time = 5s)...
Presolve removed 5072 rows and 25769 columns (presolve time = 10s)...
Presolve removed 5072 rows and 4687832 columns (presolve time = 15s)...
Presolve removed 5072 rows and 4688307 columns (presolve time = 20s)...
Presolve removed 5080 rows and 4688322 columns (presolve time = 25s)...
Presolve removed 5080 rows and 4688322 columns (presolve time = 31s)...
Presolve removed 5080 rows and 4688322 columns (presolve time = 37s)...
Presolve removed 5080 rows and 4688322 columns (presolve time = 42s)...
Presolve removed 5080 rows and 4688322 columns (presolve time = 46s)...
Presolve removed 5080 rows and 4688322 columns (presolve time = 54s)...
Presolve removed 5080 rows and 4688322 columns
Presolve time: 54.67s
Presolved: 4297 rows, 2965389 columns, 14291862 nonzeros
Variable types: 0 continuous, 2965389 integer (2962089 binary)
Deterministic concurrent LP optimizer: primal simplex, dual simplex, and barrier
Showing barrier log only...

Root barrier log...

Ordering time: 0.17s

Barrier statistics:
 AA' NZ     : 3.135e+06
 Factor NZ  : 8.323e+06 (roughly 1.3 GB of memory)
 Factor Ops : 2.209e+10 (less than 1 second per iteration)
 Threads    : 26

                  Objective                Residual
Iter       Primal          Dual         Primal    Dual     Compl     Time
   0   1.53258157e+10 -4.50308936e+07  7.41e+09 4.44e-16  6.53e+03    61s
   1   9.82106023e+09 -3.38689656e+07  4.75e+09 1.55e+00  4.19e+03    61s
   2   3.46076037e+09 -2.49005959e+07  1.68e+09 1.73e+00  1.52e+03    62s
   3   1.05278657e+09 -7.16331073e+06  5.11e+08 1.82e-01  4.66e+02    63s
   4   1.28204661e+08 -3.35297357e+06  6.30e+07 2.30e-02  5.80e+01    64s

Barrier performed 4 iterations in 63.62 seconds (135.75 work units)
Barrier solve interrupted - model solved by another algorithm

Concurrent spin time: 0.62s (can be avoided by choosing Method=3)

Solved with primal simplex

Root simplex log...

Iteration    Objective       Primal Inf.    Dual Inf.      Time
   13814    3.2120766e+02   0.000000e+00   0.000000e+00     64s

Root relaxation: objective 3.212077e+02, 13814 iterations, 7.52 seconds (9.56 work units)

    Nodes    |    Current Node    |     Objective Bounds      |     Work
 Expl Unexpl |  Obj  Depth IntInf | Incumbent    BestBd   Gap | It/Node Time

     0     0  321.20766    0   16  321.36210  321.20766  0.05%     -   64s
H    0     0                     321.3618000  321.20766  0.05%     -   65s
H    0     0                     321.3534778  321.20766  0.05%     -   66s
     0     0  321.21147    0   28  321.35348  321.21147  0.04%     -   72s
     0     0  321.21147    0    5  321.35348  321.21147  0.04%     -   74s
     0     0  321.25985    0   10  321.35348  321.25985  0.03%     -   74s
H    0     0                     321.3513972  321.29185  0.02%     -   74s
     0     0  321.35140    0   14  321.35140  321.35140  0.00%     -   74s

Cutting planes:
  Gomory: 2
  MIR: 1
  StrongCG: 1
  Zero half: 4

Explored 1 nodes (14209 simplex iterations) in 74.69 seconds (144.89 work units)
Thread count was 28 (of 28 available processors)

Solution count 5: 321.351 321.353 321.353 ... 321.362

Optimal solution found (tolerance 1.00e-09)
Best objective 3.213513972119e+02, best bound 3.213513972119e+02, gap 0.0000%
pareto-map: box [11253.0400,11260.0400] (f2, f2<=321.4)  → new point f1=11257.0400 f2=321.351
Set parameter OutputFlag to value 1
Set parameter TimeLimit to value 200
Gurobi Optimizer version 13.0.1 build v13.0.1rc0 (linux64 - "CachyOS")

CPU model: Intel(R) Core(TM) i7-14700KF, instruction set [SSE2|AVX|AVX2]
Thread count: 28 physical cores, 28 logical processors, using up to 28 threads

Non-default parameters:
TimeLimit  200
IntFeasTol  1e-09
MIPGap  1e-09

Academic license 2669763 - for non-commercial use only - registered to bg___@id.uff.br
Optimize a model with 9376 rows, 7653711 columns and 36925802 nonzeros (Min)
Model fingerprint: 0x887bd312
Model has 6327720 linear objective coefficients
Variable types: 0 continuous, 7653711 integer (7645330 binary)
Coefficient statistics:
  Matrix range     [1e-02, 3e+02]
  Objective range  [1e-02, 1e+02]
  Bounds range     [1e+00, 1e+00]
  RHS range        [1e+00, 1e+09]

Presolve removed 52 rows and 20758 columns (presolve time = 5s)...
Presolve removed 137 rows and 20843 columns (presolve time = 10s)...
Presolve removed 137 rows and 20929 columns (presolve time = 15s)...
Presolve removed 137 rows and 29835 columns (presolve time = 20s)...
Presolve removed 137 rows and 29835 columns (presolve time = 25s)...
Presolve removed 137 rows and 29835 columns (presolve time = 30s)...
Presolve removed 137 rows and 29835 columns (presolve time = 35s)...
Presolve removed 137 rows and 29835 columns (presolve time = 40s)...
Presolve removed 137 rows and 29835 columns
Presolve time: 42.74s
Presolved: 9239 rows, 7623876 columns, 30455992 nonzeros
Variable types: 0 continuous, 7623876 integer (7615633 binary)
Found heuristic solution: objective 361.9629500
Deterministic concurrent LP optimizer: primal simplex, dual simplex, and barrier
Showing barrier log only...

Root barrier log...

Ordering time: 0.55s

Barrier statistics:
 AA' NZ     : 8.221e+06
 Factor NZ  : 4.087e+07 (roughly 3.4 GB of memory)
 Factor Ops : 2.440e+11 (roughly 1 second per iteration)
 Threads    : 26

                  Objective                Residual
Iter       Primal          Dual         Primal    Dual     Compl     Time
   0   9.97948306e+10 -4.82898952e+08  6.96e+10 0.00e+00  2.99e+04    76s
   1   5.37870398e+10 -3.59556665e+08  3.75e+10 1.81e+00  1.62e+04    78s
   2   3.68925439e+10 -3.05501529e+08  2.57e+10 8.72e-01  1.13e+04    81s
   3   5.27685936e+09 -1.10918327e+08  3.70e+09 1.19e-01  1.66e+03    85s
   4   2.21294099e+09 -5.90234138e+07  1.55e+09 4.19e-02  7.05e+02    87s

Barrier performed 4 iterations in 87.35 seconds (178.22 work units)
Barrier solve interrupted - model solved by another algorithm

Concurrent spin time: 3.25s (can be avoided by choosing Method=3)

Solved with primal simplex

Root simplex log...

Iteration    Objective       Primal Inf.    Dual Inf.      Time
   46707    1.2893865e+02   0.000000e+00   0.000000e+00     87s

Root relaxation: objective 1.289386e+02, 46707 iterations, 23.40 seconds (23.96 work units)

    Nodes    |    Current Node    |     Objective Bounds      |     Work
 Expl Unexpl |  Obj  Depth IntInf | Incumbent    BestBd   Gap | It/Node Time

     0     0  128.93865    0   10  361.96295  128.93865  64.4%     -   90s
H    0     0                     129.3256306  128.93865  0.30%     -   93s
H    0     0                     129.0322722  128.93865  0.07%     -   96s
H    0     0                     129.0236528  128.93865  0.07%     -   96s
H    0     0                     128.9526167  128.93865  0.01%     -   97s
     0     0  128.93865    0   52  128.95262  128.93865  0.01%     -  117s
     0     0  128.93865    0    2  128.95262  128.93865  0.01%     -  123s
     0     0  128.94019    0   16  128.95262  128.94019  0.01%     -  123s
H    0     0                     128.9502389  128.94063  0.01%     -  123s
     0     0  128.94063    0   17  128.95024  128.94063  0.01%     -  123s
     0     0  128.94063    0   19  128.95024  128.94063  0.01%     -  123s
     0     0  128.94063    0   21  128.95024  128.94063  0.01%     -  123s
     0     0  128.94063    0   23  128.95024  128.94063  0.01%     -  123s
     0     0  128.94063    0   17  128.95024  128.94063  0.01%     -  123s
     0     0  128.94063    0   21  128.95024  128.94063  0.01%     -  123s
     0     0  128.94063    0   10  128.95024  128.94063  0.01%     -  123s
     0     0  128.94063    0   24  128.95024  128.94063  0.01%     -  123s
     0     0  128.94063    0   24  128.95024  128.94063  0.01%     -  123s
     0     0  128.94063    0    9  128.95024  128.94063  0.01%     -  123s
     0     0  128.94063    0   14  128.95024  128.94063  0.01%     -  123s
     0     0  128.94063    0    8  128.95024  128.94063  0.01%     -  123s
     0     0  128.94063    0   13  128.95024  128.94063  0.01%     -  124s
     0     0  128.94063    0    8  128.95024  128.94063  0.01%     -  124s
     0     0  128.94063    0   19  128.95024  128.94063  0.01%     -  124s
     0     0  128.94063    0   23  128.95024  128.94063  0.01%     -  124s
     0     0  128.94063    0    9  128.95024  128.94063  0.01%     -  124s
     0     0  128.94063    0   23  128.95024  128.94063  0.01%     -  124s
     0     0  128.94063    0    9  128.95024  128.94063  0.01%     -  124s
     0     0  128.94063    0    9  128.95024  128.94063  0.01%     -  124s
     0     2  128.94063    0    9  128.95024  128.94063  0.01%     -  124s
   649   786  128.94521   21   26  128.95024  128.94063  0.01%  15.4  125s
  7150  2786  128.94875   30   15  128.95024  128.94718  0.00%  19.0  130s

Cutting planes:
  Gomory: 3
  Cover: 13
  MIR: 4
  StrongCG: 1
  Inf proof: 13

Explored 8552 nodes (225566 simplex iterations) in 130.86 seconds (221.61 work units)
Thread count was 28 (of 28 available processors)

Solution count 8: 128.95 128.953 128.953 ... 361.963

Optimal solution found (tolerance 1.00e-09)
Best objective 1.289502388997e+02, best bound 1.289502388997e+02, gap 0.0000%
Set parameter Seed to value 0
Gurobi Optimizer version 13.0.1 build v13.0.1rc0 (linux64 - "CachyOS")

CPU model: Intel(R) Core(TM) i7-14700KF, instruction set [SSE2|AVX|AVX2]
Thread count: 28 physical cores, 28 logical processors, using up to 28 threads

Non-default parameters:
TimeLimit  200
IntFeasTol  1e-09
MIPGap  1e-09

Academic license 2669763 - for non-commercial use only - registered to bg___@id.uff.br
Optimize a model with 9377 rows, 7653711 columns and 43253522 nonzeros (Min)
Model fingerprint: 0xb504dce8
Model has 7645330 linear objective coefficients
Variable types: 0 continuous, 7653711 integer (7645330 binary)
Coefficient statistics:
  Matrix range     [1e-02, 3e+02]
  Objective range  [1e+00, 3e+02]
  Bounds range     [1e+00, 1e+00]
  RHS range        [1e+00, 1e+09]

Loaded MIP start from previous solve with objective 13152

Presolve removed 52 rows and 20749 columns (presolve time = 5s)...
Presolve removed 137 rows and 20834 columns (presolve time = 10s)...
Presolve removed 137 rows and 21602 columns (presolve time = 15s)...
Presolve removed 137 rows and 21602 columns (presolve time = 20s)...
Presolve removed 137 rows and 21602 columns (presolve time = 25s)...
Presolve removed 137 rows and 21602 columns (presolve time = 31s)...
Presolve removed 137 rows and 21602 columns (presolve time = 35s)...
Presolve removed 137 rows and 21602 columns (presolve time = 46s)...
Presolve removed 137 rows and 21602 columns
Presolve time: 48.36s
Presolved: 9240 rows, 7632109 columns, 36797292 nonzeros
Variable types: 0 continuous, 7632109 integer (7623866 binary)
Deterministic concurrent LP optimizer: primal simplex, dual simplex, and barrier
Showing barrier log only...

Root barrier log...

Ordering time: 0.50s

Barrier statistics:
 AA' NZ     : 8.229e+06
 Factor NZ  : 4.088e+07 (roughly 3.4 GB of memory)
 Factor Ops : 2.441e+11 (roughly 1 second per iteration)
 Threads    : 26

                  Objective                Residual
Iter       Primal          Dual         Primal    Dual     Compl     Time
   0   1.26921941e+12 -1.64798059e+09  6.78e+10 0.00e+00  1.26e+05    67s
   1   6.20312071e+11 -1.06315745e+09  3.31e+10 3.83e+00  6.18e+04    69s

Barrier performed 1 iterations in 69.08 seconds (386.19 work units)
Barrier solve interrupted - model solved by another algorithm

Concurrent spin time: 2.69s (can be avoided by choosing Method=3)

Solved with dual simplex

Root simplex log...

Iteration    Objective       Primal Inf.    Dual Inf.      Time
   10849    1.3151859e+04   0.000000e+00   0.000000e+00     70s

Root relaxation: objective 1.315186e+04, 10849 iterations, 19.49 seconds (28.42 work units)

    Nodes    |    Current Node    |     Objective Bounds      |     Work
 Expl Unexpl |  Obj  Depth IntInf | Incumbent    BestBd   Gap | It/Node Time

     0     0 13151.8587    0   12 13152.0400 13151.8587  0.00%     -   73s
     0     0 13151.8729    0   41 13152.0400 13151.8729  0.00%     -   93s
     0     0 13151.8729    0    9 13152.0400 13151.8729  0.00%     -   99s
     0     0 13151.8729    0   28 13152.0400 13151.8729  0.00%     -   99s
     0     0 13151.8729    0   26 13152.0400 13151.8729  0.00%     -   99s
     0     0 13151.8754    0   44 13152.0400 13151.8754  0.00%     -   99s
     0     0 13151.8754    0   40 13152.0400 13151.8754  0.00%     -   99s
     0     0 13151.8757    0   32 13152.0400 13151.8757  0.00%     -   99s
     0     0 13151.8766    0   34 13152.0400 13151.8766  0.00%     -   99s
     0     0 13151.8779    0   16 13152.0400 13151.8779  0.00%     -   99s
     0     0 13151.8779    0   39 13152.0400 13151.8779  0.00%     -   99s
     0     0 13151.8779    0   39 13152.0400 13151.8779  0.00%     -   99s
     0     0 13151.8779    0   39 13152.0400 13151.8779  0.00%     -   99s
     0     0 13151.8779    0   20 13152.0400 13151.8779  0.00%     -   99s
     0     2 13151.8779    0   20 13152.0400 13151.8779  0.00%     -   99s

Cutting planes:
  Cover: 18
  MIR: 2
  StrongCG: 3
  Inf proof: 7
  RLT: 3

Explored 1687 nodes (41679 simplex iterations) in 100.25 seconds (412.64 work units)
Thread count was 28 (of 28 available processors)

Solution count 1: 13152 

Optimal solution found (tolerance 1.00e-09)
Best objective 1.315203999976e+04, best bound 1.315203999976e+04, gap 0.0000%
pareto-map: box [13136.0400,13168.0400] (f1, f1<=13152)  → new point f1=13152.0400 f2=128.95
Set parameter OutputFlag to value 1
Set parameter TimeLimit to value 200
Gurobi Optimizer version 13.0.1 build v13.0.1rc0 (linux64 - "CachyOS")

CPU model: Intel(R) Core(TM) i7-14700KF, instruction set [SSE2|AVX|AVX2]
Thread count: 28 physical cores, 28 logical processors, using up to 28 threads

Non-default parameters:
TimeLimit  200
IntFeasTol  1e-09
MIPGap  1e-09

Academic license 2669763 - for non-commercial use only - registered to bg___@id.uff.br
Optimize a model with 9376 rows, 7653711 columns and 35608192 nonzeros (Min)
Model fingerprint: 0x61d75ed3
Model has 7645330 linear objective coefficients
Variable types: 0 continuous, 7653711 integer (7645330 binary)
Coefficient statistics:
  Matrix range     [1e-02, 1e+02]
  Objective range  [1e+00, 3e+02]
  Bounds range     [1e+00, 1e+00]
  RHS range        [1e+00, 1e+09]

Presolve removed 52 rows and 20749 columns (presolve time = 5s)...
Presolve removed 137 rows and 20834 columns (presolve time = 10s)...
Presolve removed 137 rows and 25190 columns (presolve time = 15s)...
Presolve removed 137 rows and 25190 columns (presolve time = 20s)...
Presolve removed 137 rows and 25190 columns (presolve time = 25s)...
Presolve removed 137 rows and 25190 columns (presolve time = 30s)...
Presolve removed 137 rows and 25190 columns (presolve time = 35s)...
Presolve removed 137 rows and 25190 columns
Presolve time: 35.49s
Presolved: 9239 rows, 7628521 columns, 29190794 nonzeros
Variable types: 0 continuous, 7628521 integer (7620278 binary)
Deterministic concurrent LP optimizer: primal simplex, dual simplex, and barrier
Showing barrier log only...

Root barrier log...

Ordering time: 0.55s

Barrier statistics:
 AA' NZ     : 8.220e+06
 Factor NZ  : 4.087e+07 (roughly 3.4 GB of memory)
 Factor Ops : 2.440e+11 (roughly 1 second per iteration)
 Threads    : 26

                  Objective                Residual
Iter       Primal          Dual         Primal    Dual     Compl     Time
   0   1.85519240e+13 -8.86854395e+09  2.40e+10 0.00e+00  1.52e+06    78s
   1   8.72968888e+12 -7.60198195e+09  1.18e+10 9.48e+01  7.60e+05    80s
   2   1.79316591e+12 -2.97690857e+09  2.58e+09 4.87e-11  1.71e+05    82s

Barrier performed 2 iterations in 82.32 seconds (169.50 work units)
Barrier solve interrupted - model solved by another algorithm

Concurrent spin time: 2.73s (can be avoided by choosing Method=3)

Solved with dual simplex

Root simplex log...

Iteration    Objective       Primal Inf.    Dual Inf.      Time
   11944    1.1336454e+04   0.000000e+00   0.000000e+00     82s

Root relaxation: objective 1.133645e+04, 11944 iterations, 17.12 seconds (19.06 work units)

    Nodes    |    Current Node    |     Objective Bounds      |     Work
 Expl Unexpl |  Obj  Depth IntInf | Incumbent    BestBd   Gap | It/Node Time

     0     0 11336.4544    0   20          - 11336.4544      -     -   84s
H    0     0                    11338.040000 11336.4544  0.01%     -  100s
H    0     0                    11337.040000 11336.4544  0.01%     -  104s
     0     0 11336.4602    0   18 11337.0400 11336.4602  0.01%     -  121s
     0     0 11336.4602    0    8 11337.0400 11336.4602  0.01%     -  126s
     0     0 11336.4776    0   11 11337.0400 11336.4776  0.00%     -  126s
     0     0 11336.5534    0   10 11337.0400 11336.5534  0.00%     -  126s
     0     0 11336.5589    0   17 11337.0400 11336.5589  0.00%     -  126s
     0     0 11336.5642    0   20 11337.0400 11336.5642  0.00%     -  126s
     0     0 11336.5728    0   22 11337.0400 11336.5728  0.00%     -  126s
     0     0 11336.5764    0   23 11337.0400 11336.5764  0.00%     -  126s
     0     0     cutoff    0      11337.0400 11337.0400  0.00%     -  126s

Cutting planes:
  Gomory: 1
  Cover: 1
  MIR: 3
  StrongCG: 2

Explored 1 nodes (12352 simplex iterations) in 126.55 seconds (194.73 work units)
Thread count was 28 (of 28 available processors)

Solution count 3: 11337 11337 11338 

Optimal solution found (tolerance 1.00e-09)
Best objective 1.133703999976e+04, best bound 1.133703999976e+04, gap 0.0000%
Set parameter Seed to value 0
Gurobi Optimizer version 13.0.1 build v13.0.1rc0 (linux64 - "CachyOS")

CPU model: Intel(R) Core(TM) i7-14700KF, instruction set [SSE2|AVX|AVX2]
Thread count: 28 physical cores, 28 logical processors, using up to 28 threads

Non-default parameters:
TimeLimit  200
IntFeasTol  1e-09
MIPGap  1e-09

Academic license 2669763 - for non-commercial use only - registered to bg___@id.uff.br
Optimize a model with 9377 rows, 7653711 columns and 43253522 nonzeros (Min)
Model fingerprint: 0xfe0fff4c
Model has 6327720 linear objective coefficients
Variable types: 0 continuous, 7653711 integer (7645330 binary)
Coefficient statistics:
  Matrix range     [1e-02, 3e+02]
  Objective range  [1e-02, 1e+02]
  Bounds range     [1e+00, 1e+00]
  RHS range        [1e+00, 1e+09]

Loaded MIP start from previous solve with objective 299.634

Presolve removed 52 rows and 20749 columns (presolve time = 5s)...
Presolve removed 2752 rows and 2455032 columns (presolve time = 10s)...
Presolve removed 2752 rows and 2455103 columns (presolve time = 15s)...
Presolve removed 2752 rows and 2455507 columns (presolve time = 20s)...
Presolve removed 2752 rows and 2455507 columns (presolve time = 25s)...
Presolve removed 2752 rows and 2455507 columns (presolve time = 36s)...
Presolve removed 2752 rows and 2455507 columns (presolve time = 41s)...
Presolve removed 2752 rows and 2455507 columns
Presolve time: 41.36s
Presolved: 6625 rows, 5198204 columns, 25064651 nonzeros
Variable types: 0 continuous, 5198204 integer (5192576 binary)
Deterministic concurrent LP optimizer: primal simplex, dual simplex, and barrier
Showing barrier log only...

Root barrier log...

Ordering time: 0.32s

Barrier statistics:
 AA' NZ     : 5.477e+06
 Factor NZ  : 1.977e+07 (roughly 2.2 GB of memory)
 Factor Ops : 8.124e+10 (less than 1 second per iteration)
 Threads    : 26

                  Objective                Residual
Iter       Primal          Dual         Primal    Dual     Compl     Time
   0   6.22438750e+10 -1.17395949e+08  4.20e+10 4.44e-16  1.72e+04    53s
   1   3.91391495e+10 -9.05381299e+07  2.64e+10 1.20e+00  1.08e+04    55s
   2   2.31149065e+10 -8.06703514e+07  1.56e+10 1.48e+00  6.40e+03    56s
   3   4.85772829e+09 -2.36166184e+07  3.28e+09 1.30e-12  1.38e+03    57s
   4   1.45647835e+09 -1.20648628e+07  9.88e+08 8.21e-13  4.17e+02    59s

Barrier performed 4 iterations in 58.83 seconds (153.61 work units)
Barrier solve interrupted - model solved by another algorithm

Concurrent spin time: 3.71s (can be avoided by choosing Method=3)

Solved with primal simplex

Root simplex log...

Iteration    Objective       Primal Inf.    Dual Inf.      Time
   19500    2.9962154e+02   0.000000e+00   0.000000e+00     59s

Root relaxation: objective 2.996215e+02, 19500 iterations, 15.36 seconds (17.81 work units)

    Nodes    |    Current Node    |     Objective Bounds      |     Work
 Expl Unexpl |  Obj  Depth IntInf | Incumbent    BestBd   Gap | It/Node Time

     0     0  299.62154    0   19  299.63426  299.62154  0.00%     -   60s
     0     0  299.62247    0   24  299.63426  299.62247  0.00%     -   77s
     0     0     cutoff    0       299.63426  299.63426  0.00%     -   81s

Explored 1 nodes (19945 simplex iterations) in 81.52 seconds (172.18 work units)
Thread count was 28 (of 28 available processors)

Solution count 2: 299.634 299.634 

Optimal solution found (tolerance 1.00e-09)
Best objective 2.996342611285e+02, best bound 2.996342611285e+02, gap 0.0000%
pareto-map: box [11332.0400,11341.0400] (f2, f2<=299.8)  → new point f1=11337.0400 f2=299.634
Set parameter OutputFlag to value 1
Set parameter TimeLimit to value 200
Gurobi Optimizer version 13.0.1 build v13.0.1rc0 (linux64 - "CachyOS")

CPU model: Intel(R) Core(TM) i7-14700KF, instruction set [SSE2|AVX|AVX2]
Thread count: 28 physical cores, 28 logical processors, using up to 28 threads

Non-default parameters:
TimeLimit  200
IntFeasTol  1e-09
MIPGap  1e-09

Academic license 2669763 - for non-commercial use only - registered to bg___@id.uff.br
Optimize a model with 9376 rows, 7653711 columns and 36925802 nonzeros (Min)
Model fingerprint: 0x5c35e75a
Model has 6327720 linear objective coefficients
Variable types: 0 continuous, 7653711 integer (7645330 binary)
Coefficient statistics:
  Matrix range     [1e-02, 3e+02]
  Objective range  [1e-02, 1e+02]
  Bounds range     [1e+00, 1e+00]
  RHS range        [1e+00, 1e+09]

Presolve removed 52 rows and 20758 columns (presolve time = 5s)...
Presolve removed 137 rows and 20843 columns (presolve time = 10s)...
Presolve removed 137 rows and 29747 columns (presolve time = 15s)...
Presolve removed 137 rows and 29835 columns (presolve time = 20s)...
Presolve removed 137 rows and 29835 columns (presolve time = 25s)...
Presolve removed 137 rows and 29835 columns (presolve time = 30s)...
Presolve removed 137 rows and 29835 columns (presolve time = 35s)...
Presolve removed 137 rows and 29835 columns
Presolve time: 39.93s
Presolved: 9239 rows, 7623876 columns, 30455992 nonzeros
Variable types: 0 continuous, 7623876 integer (7615633 binary)
Found heuristic solution: objective 361.9629500
Deterministic concurrent LP optimizer: primal simplex, dual simplex, and barrier
Showing barrier log only...

Root barrier log...

Ordering time: 0.56s

Barrier statistics:
 AA' NZ     : 8.221e+06
 Factor NZ  : 4.087e+07 (roughly 3.4 GB of memory)
 Factor Ops : 2.440e+11 (roughly 1 second per iteration)
 Threads    : 26

                  Objective                Residual
Iter       Primal          Dual         Primal    Dual     Compl     Time
   0   9.97948305e+10 -4.82898952e+08  6.96e+10 0.00e+00  2.99e+04    73s
   1   5.37877327e+10 -3.59561168e+08  3.75e+10 1.81e+00  1.62e+04    75s
   2   3.68921957e+10 -3.05506890e+08  2.57e+10 8.72e-01  1.13e+04    78s
   3   5.27704686e+09 -1.10921600e+08  3.70e+09 1.19e-01  1.66e+03    82s

Barrier performed 3 iterations in 81.75 seconds (176.30 work units)
Barrier solve interrupted - model solved by another algorithm

Concurrent spin time: 1.44s (can be avoided by choosing Method=3)

Solved with primal simplex

Root simplex log...

Iteration    Objective       Primal Inf.    Dual Inf.      Time
   52112    1.2488978e+02   0.000000e+00   0.000000e+00     82s

Root relaxation: objective 1.248898e+02, 52112 iterations, 20.44 seconds (23.75 work units)

    Nodes    |    Current Node    |     Objective Bounds      |     Work
 Expl Unexpl |  Obj  Depth IntInf | Incumbent    BestBd   Gap | It/Node Time

     0     0  124.88978    0   10  361.96295  124.88978  65.5%     -   84s
H    0     0                     125.0818917  124.88978  0.15%     -   87s
H    0     0                     125.0283917  124.88978  0.11%     -   90s
H    0     0                     124.9392250  124.88978  0.04%     -   90s
H    0     0                     124.9355695  124.88978  0.04%     -   90s
H    0     0                     124.9205028  124.88978  0.02%     -   91s
H    0     0                     124.8916695  124.88978  0.00%     -   92s
     0     0  124.88978    0  106  124.89167  124.88978  0.00%     -  109s
     0     0  124.88978    0    9  124.89167  124.88978  0.00%     -  114s

Cutting planes:
  GUB cover: 1
  RLT: 1

Explored 1 nodes (65103 simplex iterations) in 115.29 seconds (202.06 work units)
Thread count was 28 (of 28 available processors)

Solution count 8: 124.892 124.892 124.921 ... 361.963

Optimal solution found (tolerance 1.00e-09)
Best objective 1.248916694550e+02, best bound 1.248916694550e+02, gap 0.0000%
Set parameter Seed to value 0
Gurobi Optimizer version 13.0.1 build v13.0.1rc0 (linux64 - "CachyOS")

CPU model: Intel(R) Core(TM) i7-14700KF, instruction set [SSE2|AVX|AVX2]
Thread count: 28 physical cores, 28 logical processors, using up to 28 threads

Non-default parameters:
TimeLimit  200
IntFeasTol  1e-09
MIPGap  1e-09

Academic license 2669763 - for non-commercial use only - registered to bg___@id.uff.br
Optimize a model with 9377 rows, 7653711 columns and 43253522 nonzeros (Min)
Model fingerprint: 0xb6225f60
Model has 7645330 linear objective coefficients
Variable types: 0 continuous, 7653711 integer (7645330 binary)
Coefficient statistics:
  Matrix range     [1e-02, 3e+02]
  Objective range  [1e+00, 3e+02]
  Bounds range     [1e+00, 1e+00]
  RHS range        [1e+00, 1e+09]

Loaded MIP start from previous solve with objective 13215

Presolve removed 52 rows and 20749 columns (presolve time = 5s)...
Presolve removed 137 rows and 20834 columns (presolve time = 10s)...
Presolve removed 137 rows and 21602 columns (presolve time = 15s)...
Presolve removed 137 rows and 21602 columns (presolve time = 20s)...
Presolve removed 137 rows and 21602 columns (presolve time = 26s)...
Presolve removed 137 rows and 21602 columns (presolve time = 30s)...
Presolve removed 137 rows and 21602 columns (presolve time = 35s)...
Presolve removed 137 rows and 21602 columns (presolve time = 40s)...
Presolve removed 137 rows and 21602 columns (presolve time = 50s)...
Presolve removed 137 rows and 21602 columns (presolve time = 51s)...
Presolve removed 137 rows and 21602 columns
Presolve time: 52.28s
Presolved: 9240 rows, 7632109 columns, 36797292 nonzeros
Variable types: 0 continuous, 7632109 integer (7623866 binary)
Deterministic concurrent LP optimizer: primal simplex, dual simplex, and barrier
Showing barrier log only...

Root barrier log...

Ordering time: 0.57s

Barrier statistics:
 AA' NZ     : 8.229e+06
 Factor NZ  : 4.088e+07 (roughly 3.4 GB of memory)
 Factor Ops : 2.441e+11 (roughly 1 second per iteration)
 Threads    : 26

                  Objective                Residual
Iter       Primal          Dual         Primal    Dual     Compl     Time
   0   1.26921964e+12 -1.64797971e+09  6.78e+10 0.00e+00  1.26e+05    71s
   1   6.20298145e+11 -1.06315365e+09  3.31e+10 3.83e+00  6.18e+04    73s

Barrier performed 1 iterations in 72.53 seconds (433.02 work units)
Barrier solve interrupted - model solved by another algorithm

Concurrent spin time: 0.95s (can be avoided by choosing Method=3)

Solved with dual simplex

Root simplex log...

Iteration    Objective       Primal Inf.    Dual Inf.      Time
   13146    1.3215009e+04   0.000000e+00   0.000000e+00     74s

Root relaxation: objective 1.321501e+04, 13146 iterations, 18.91 seconds (28.66 work units)

    Nodes    |    Current Node    |     Objective Bounds      |     Work
 Expl Unexpl |  Obj  Depth IntInf | Incumbent    BestBd   Gap | It/Node Time

     0     0 13215.0089    0   10 13215.0400 13215.0089  0.00%     -   76s
     0     0 13215.0321    0   61 13215.0400 13215.0321  0.00%     -   95s
     0     0     cutoff    0      13215.0400 13215.0400  0.00%     -  101s

Explored 1 nodes (17503 simplex iterations) in 101.72 seconds (456.93 work units)
Thread count was 28 (of 28 available processors)

Solution count 2: 13215 13215 

Optimal solution found (tolerance 1.00e-09)
Best objective 1.321503999976e+04, best bound 1.321503999976e+04, gap 0.0000%
pareto-map: box [13199.0400,13231.0400] (f1, f1<=13215)  → new point f1=13215.0400 f2=124.892
pareto-map: 90 points, 198 total solves, 5 unresolved, 84 box(es) still open
pareto-map: WARNING — search budget exhausted (198 solves, 3631.8s, 5 box(es) dropped as inconclusive); returning a PARTIAL map (90 points found, 84 gap(s) still open and unexplored). Every returned point is individually exact, but the map is incomplete.

map_pareto_frontier session DONE in 3632.4s -> 90 points (check the log above for 'gap(s) still open' to see if this is complete)
  f1=11151.0400 f2=361.963
  f1=11154.0400 f2=360.291
  f1=11156.0400 f2=359.211
  f1=11160.0400 f2=357.09
  f1=11164.0400 f2=355.011
  f1=11168.0400 f2=352.96
  f1=11179.0400 f2=348.397
  f1=11184.0400 f2=346.336
  f1=11189.0400 f2=344.319
  f1=11192.0400 f2=343.1
  f1=11195.0400 f2=341.945
  f1=11201.0400 f2=339.713
  f1=11207.0400 f2=337.539
  f1=11213.0400 f2=335.493
  f1=11217.0400 f2=334.071
  f1=11220.0400 f2=333.077
  f1=11226.0400 f2=331.002
  f1=11233.0400 f2=328.836
  f1=11238.0400 f2=327.135
  f1=11242.0400 f2=325.872
  f1=11246.0400 f2=324.617
  f1=11253.0400 f2=322.584
  f1=11257.0400 f2=321.351
  f1=11260.0400 f2=320.296
  f1=11267.0400 f2=318.292
  f1=11271.0400 f2=317.079
  f1=11275.0400 f2=315.92
  f1=11283.0400 f2=313.681
  f1=11291.0400 f2=311.48
  f1=11298.0400 f2=309.628
  f1=11303.0400 f2=308.321
  f1=11307.0400 f2=307.27
  f1=11315.0400 f2=305.203
  f1=11320.0400 f2=303.921
  f1=11324.0400 f2=302.906
  f1=11332.0400 f2=300.891
  f1=11337.0400 f2=299.634
  f1=11341.0400 f2=298.647
  f1=11349.0400 f2=296.668
  f1=11354.0400 f2=295.485
  f1=11359.0400 f2=294.321
  f1=11367.0400 f2=292.47
  f1=11843.0400 f2=223.426
  f1=12853.0400 f2=148.508
  f1=12884.0400 f2=146.456
  f1=12916.0400 f2=144.344
  f1=12947.0400 f2=142.303
  f1=12979.0400 f2=140.207
  f1=13010.0400 f2=138.177
  f1=13042.0400 f2=136.084
  f1=13074.0400 f2=133.999
  f1=13105.0400 f2=131.982
  f1=13136.0400 f2=129.976
  f1=13152.0400 f2=128.95
  f1=13168.0400 f2=127.91
  f1=13199.0400 f2=125.918
  f1=13215.0400 f2=124.892
  f1=13231.0400 f2=123.876
  f1=13262.0400 f2=121.891
  f1=13278.0400 f2=120.879
  f1=13294.0400 f2=119.849
  f1=13310.0400 f2=118.842
  f1=13326.0400 f2=117.841
  f1=13342.0400 f2=116.81
  f1=13358.0400 f2=115.813
  f1=13389.0400 f2=113.868
  f1=13405.0400 f2=112.855
  f1=13421.0400 f2=111.869
  f1=13452.0400 f2=109.935
  f1=13468.0400 f2=108.93
  f1=13484.0400 f2=107.951
  f1=13515.0400 f2=106.031
  f1=13531.0400 f2=105.038
  f1=13547.0400 f2=104.06
  f1=13563.0400 f2=103.069
  f1=13579.0400 f2=102.08
  f1=13595.0400 f2=101.108
  f1=13611.0400 f2=100.127
  f1=13642.0400 f2=98.2317
  f1=13658.0400 f2=97.2649
  f1=13674.0400 f2=96.2876
  f1=13705.0400 f2=94.4032
  f1=13721.0400 f2=93.4429
  f1=13737.0400 f2=92.4855
  f1=13800.0400 f2=88.6983
  f1=13816.0400 f2=87.7407
  f1=13832.0400 f2=86.8023
  f1=13848.0400 f2=85.8673
  f1=13864.0400 f2=84.9355
  f1=16577.0400 f2=0
