Set parameter WLSAccessID
Set parameter WLSSecret
Set parameter LicenseID to value 2669763
Academic license 2669763 - for non-commercial use only - registered to bg___@id.uff.br
jobs=964 types=29  time_budget=3600.0s  per_solve_time_limit=200.0s  n_seed_retries=3  checkpoint=pareto_runs/fedhpc_10min_map_checkpoint.json
pareto-map: resumed from checkpoint — 9 points, 5 box(es) open, 29 prior solves
Set parameter OutputFlag to value 1
Set parameter TimeLimit to value 200
Gurobi Optimizer version 13.0.1 build v13.0.1rc0 (linux64 - "CachyOS")

CPU model: Intel(R) Core(TM) i7-14700KF, instruction set [SSE2|AVX|AVX2]
Thread count: 28 physical cores, 28 logical processors, using up to 28 threads

Non-default parameters:
TimeLimit  200
IntFeasTol  1e-09
MIPGap  1e-09

Academic license 2669763 - for non-commercial use only - registered to bg___@id.uff.br
Optimize a model with 9376 rows, 7653711 columns and 36925802 nonzeros (Min)
Model fingerprint: 0x47da7ee6
Model has 6327720 linear objective coefficients
Variable types: 0 continuous, 7653711 integer (7645330 binary)
Coefficient statistics:
  Matrix range     [1e-02, 3e+02]
  Objective range  [1e-02, 1e+02]
  Bounds range     [1e+00, 1e+00]
  RHS range        [1e+00, 1e+09]

Presolve removed 52 rows and 20758 columns (presolve time = 5s)...
Presolve removed 137 rows and 20843 columns (presolve time = 10s)...
Presolve removed 137 rows and 29835 columns (presolve time = 15s)...
Presolve removed 137 rows and 29835 columns (presolve time = 20s)...
Presolve removed 137 rows and 29835 columns (presolve time = 25s)...
Presolve removed 137 rows and 29835 columns (presolve time = 30s)...
Presolve removed 137 rows and 29835 columns
Presolve time: 34.40s
Presolved: 9239 rows, 7623876 columns, 30455992 nonzeros
Variable types: 0 continuous, 7623876 integer (7615633 binary)
Found heuristic solution: objective 361.9629500
Deterministic concurrent LP optimizer: primal simplex, dual simplex, and barrier
Showing barrier log only...

Root barrier log...

Ordering time: 0.59s

Barrier statistics:
 AA' NZ     : 8.221e+06
 Factor NZ  : 4.087e+07 (roughly 3.4 GB of memory)
 Factor Ops : 2.440e+11 (less than 1 second per iteration)
 Threads    : 26

                  Objective                Residual
Iter       Primal          Dual         Primal    Dual     Compl     Time
   0   9.97948308e+10 -4.82898952e+08  6.96e+10 0.00e+00  2.99e+04    63s
   1   5.37878354e+10 -3.59561374e+08  3.75e+10 1.81e+00  1.62e+04    65s
   2   3.68922819e+10 -3.05507474e+08  2.57e+10 8.72e-01  1.13e+04    68s
   3   5.27709728e+09 -1.10921322e+08  3.70e+09 1.19e-01  1.66e+03    71s
   4   2.21313098e+09 -5.90226541e+07  1.55e+09 4.18e-02  7.05e+02    74s

Barrier performed 4 iterations in 74.18 seconds (178.14 work units)
Barrier solve interrupted - model solved by another algorithm

Concurrent spin time: 0.72s

Solved with primal simplex

Root simplex log...

Iteration    Objective       Primal Inf.    Dual Inf.      Time
   44652    1.3197799e+02   0.000000e+00   0.000000e+00     74s

Root relaxation: objective 1.319780e+02, 44652 iterations, 22.08 seconds (23.45 work units)

    Nodes    |    Current Node    |     Objective Bounds      |     Work
 Expl Unexpl |  Obj  Depth IntInf | Incumbent    BestBd   Gap | It/Node Time

     0     0  131.97799    0   11  361.96295  131.97799  63.5%     -   76s
H    0     0                     132.0428361  131.97799  0.05%     -   78s
H    0     0                     131.9822028  131.97799  0.00%     -   81s
     0     0  131.97799    0  101  131.98220  131.97799  0.00%     -   96s
     0     0  131.97799    0    6  131.98220  131.97799  0.00%     -  101s

Cutting planes:
  Cover: 1
  RLT: 1

Explored 1 nodes (48907 simplex iterations) in 101.57 seconds (200.34 work units)
Thread count was 28 (of 28 available processors)

Solution count 4: 131.982 131.982 132.043 361.963 

Optimal solution found (tolerance 1.00e-09)
Best objective 1.319822027782e+02, best bound 1.319822027782e+02, gap 0.0000%
Set parameter Seed to value 0
Gurobi Optimizer version 13.0.1 build v13.0.1rc0 (linux64 - "CachyOS")

CPU model: Intel(R) Core(TM) i7-14700KF, instruction set [SSE2|AVX|AVX2]
Thread count: 28 physical cores, 28 logical processors, using up to 28 threads

Non-default parameters:
TimeLimit  200
IntFeasTol  1e-09
MIPGap  1e-09

Academic license 2669763 - for non-commercial use only - registered to bg___@id.uff.br
Optimize a model with 9377 rows, 7653711 columns and 43253522 nonzeros (Min)
Model fingerprint: 0xade47d77
Model has 7645330 linear objective coefficients
Variable types: 0 continuous, 7653711 integer (7645330 binary)
Coefficient statistics:
  Matrix range     [1e-02, 3e+02]
  Objective range  [1e+00, 3e+02]
  Bounds range     [1e+00, 1e+00]
  RHS range        [1e+00, 1e+09]

Loaded MIP start from previous solve with objective 13105

Presolve removed 52 rows and 20749 columns (presolve time = 6s)...
Presolve removed 137 rows and 20834 columns (presolve time = 10s)...
Presolve removed 137 rows and 21602 columns (presolve time = 15s)...
Presolve removed 137 rows and 21602 columns (presolve time = 20s)...
Presolve removed 137 rows and 21602 columns (presolve time = 25s)...
Presolve removed 137 rows and 21602 columns (presolve time = 30s)...
Presolve removed 137 rows and 21602 columns (presolve time = 35s)...
Presolve removed 137 rows and 21602 columns (presolve time = 40s)...
Presolve removed 137 rows and 21602 columns
Presolve time: 41.80s
Presolved: 9240 rows, 7632109 columns, 36797292 nonzeros
Variable types: 0 continuous, 7632109 integer (7623866 binary)
Deterministic concurrent LP optimizer: primal simplex, dual simplex, and barrier
Showing barrier log only...

Root barrier log...

Ordering time: 0.48s

Barrier statistics:
 AA' NZ     : 8.229e+06
 Factor NZ  : 4.088e+07 (roughly 3.4 GB of memory)
 Factor Ops : 2.441e+11 (less than 1 second per iteration)
 Threads    : 26

                  Objective                Residual
Iter       Primal          Dual         Primal    Dual     Compl     Time
   0   1.26921940e+12 -1.64798059e+09  6.78e+10 0.00e+00  1.26e+05    58s
   1   6.20305658e+11 -1.06315784e+09  3.31e+10 3.83e+00  6.18e+04    59s

Barrier performed 1 iterations in 59.47 seconds (356.60 work units)
Barrier solve interrupted - model solved by another algorithm

Concurrent spin time: 1.80s (can be avoided by choosing Method=3)

Solved with dual simplex

Root simplex log...

Iteration    Objective       Primal Inf.    Dual Inf.      Time
   10660    1.3104973e+04   0.000000e+00   0.000000e+00     60s

Root relaxation: objective 1.310497e+04, 10660 iterations, 16.45 seconds (28.37 work units)

    Nodes    |    Current Node    |     Objective Bounds      |     Work
 Expl Unexpl |  Obj  Depth IntInf | Incumbent    BestBd   Gap | It/Node Time

     0     0 13104.9735    0   11 13105.0400 13104.9735  0.00%     -   63s
     0     0 13104.9860    0  151 13105.0400 13104.9860  0.00%     -   78s
     0     0 13104.9860    0    5 13105.0400 13104.9860  0.00%     -   83s
     0     0 13104.9860    0   15 13105.0400 13104.9860  0.00%     -   83s
     0     0 13104.9860    0   25 13105.0400 13104.9860  0.00%     -   83s
     0     0 13104.9860    0   25 13105.0400 13104.9860  0.00%     -   83s
     0     0 13104.9860    0   15 13105.0400 13104.9860  0.00%     -   83s
     0     0 13104.9898    0   17 13105.0400 13104.9898  0.00%     -   83s
     0     0 13104.9904    0   19 13105.0400 13104.9904  0.00%     -   83s
     0     0 13104.9904    0   21 13105.0400 13104.9904  0.00%     -   83s
     0     0 13104.9912    0   33 13105.0400 13104.9912  0.00%     -   83s
     0     0 13104.9912    0   37 13105.0400 13104.9912  0.00%     -   83s
     0     0 13104.9912    0   35 13105.0400 13104.9912  0.00%     -   83s
     0     0 13104.9936    0   30 13105.0400 13104.9936  0.00%     -   83s
     0     0 13104.9936    0   30 13105.0400 13104.9936  0.00%     -   83s
     0     0 13104.9936    0   12 13105.0400 13104.9936  0.00%     -   83s
     0     2 13104.9952    0   11 13105.0400 13104.9952  0.00%     -   83s

Cutting planes:
  Cover: 13
  MIR: 3
  StrongCG: 1
  Inf proof: 2
  RLT: 1

Explored 124 nodes (25032 simplex iterations) in 84.27 seconds (380.85 work units)
Thread count was 28 (of 28 available processors)

Solution count 1: 13105 

Optimal solution found (tolerance 1.00e-09)
Best objective 1.310503999976e+04, best bound 1.310503999976e+04, gap 0.0000%
pareto-map: box [12853.0400,13358.0400] (f1, f1<=13105)  → new point f1=13105.0400 f2=131.982
Set parameter OutputFlag to value 1
Set parameter TimeLimit to value 200
Gurobi Optimizer version 13.0.1 build v13.0.1rc0 (linux64 - "CachyOS")

CPU model: Intel(R) Core(TM) i7-14700KF, instruction set [SSE2|AVX|AVX2]
Thread count: 28 physical cores, 28 logical processors, using up to 28 threads

Non-default parameters:
TimeLimit  200
IntFeasTol  1e-09
MIPGap  1e-09

Academic license 2669763 - for non-commercial use only - registered to bg___@id.uff.br
Optimize a model with 9376 rows, 7653711 columns and 35608192 nonzeros (Min)
Model fingerprint: 0xfac3761b
Model has 7645330 linear objective coefficients
Variable types: 0 continuous, 7653711 integer (7645330 binary)
Coefficient statistics:
  Matrix range     [1e-02, 1e+02]
  Objective range  [1e+00, 3e+02]
  Bounds range     [1e+00, 1e+00]
  RHS range        [1e+00, 1e+09]

Presolve removed 52 rows and 20749 columns (presolve time = 5s)...
Presolve removed 137 rows and 20834 columns (presolve time = 10s)...
Presolve removed 137 rows and 25190 columns (presolve time = 15s)...
Presolve removed 137 rows and 25190 columns (presolve time = 20s)...
Presolve removed 137 rows and 25190 columns (presolve time = 25s)...
Presolve removed 137 rows and 25190 columns (presolve time = 30s)...
Presolve removed 137 rows and 25190 columns
Presolve time: 33.87s
Presolved: 9239 rows, 7628521 columns, 29190794 nonzeros
Variable types: 0 continuous, 7628521 integer (7620278 binary)
Deterministic concurrent LP optimizer: primal simplex, dual simplex, and barrier
Showing barrier log only...

Root barrier log...

Ordering time: 0.52s

Barrier statistics:
 AA' NZ     : 8.220e+06
 Factor NZ  : 4.087e+07 (roughly 3.4 GB of memory)
 Factor Ops : 2.440e+11 (less than 1 second per iteration)
 Threads    : 26

                  Objective                Residual
Iter       Primal          Dual         Primal    Dual     Compl     Time
   0   1.85519229e+13 -8.86854395e+09  2.40e+10 0.00e+00  1.52e+06    73s
   1   8.72932898e+12 -7.60199015e+09  1.18e+10 9.48e+01  7.60e+05    75s
   2   1.79313484e+12 -2.97667629e+09  2.58e+09 4.68e-11  1.71e+05    78s

Barrier performed 2 iterations in 78.24 seconds (169.56 work units)
Barrier solve interrupted - model solved by another algorithm

Concurrent spin time: 3.97s (can be avoided by choosing Method=3)

Solved with dual simplex

Root simplex log...

Iteration    Objective       Primal Inf.    Dual Inf.      Time
   14024    1.1188388e+04   0.000000e+00   0.000000e+00     78s

Root relaxation: objective 1.118839e+04, 14024 iterations, 17.34 seconds (20.21 work units)

    Nodes    |    Current Node    |     Objective Bounds      |     Work
 Expl Unexpl |  Obj  Depth IntInf | Incumbent    BestBd   Gap | It/Node Time

     0     0 11188.3875    0   21          - 11188.3875      -     -   80s
H    0     0                    11190.040000 11188.3875  0.01%     -   94s
H    0     0                    11189.040000 11188.3875  0.01%     -   97s
     0     0 11188.4118    0   25 11189.0400 11188.4118  0.01%     -  110s
     0     0 11188.4118    0    4 11189.0400 11188.4118  0.01%     -  115s
     0     0 11188.5345    0    8 11189.0400 11188.5345  0.00%     -  115s
     0     0 11188.7709    0    3 11189.0400 11188.7709  0.00%     -  115s

Cutting planes:
  MIR: 2

Explored 1 nodes (14306 simplex iterations) in 115.48 seconds (198.30 work units)
Thread count was 28 (of 28 available processors)

Solution count 4: 11189 11189 11190 11190 

Optimal solution found (tolerance 1.00e-09)
Best objective 1.118903999976e+04, best bound 1.118903999976e+04, gap 0.0000%
Set parameter Seed to value 0
Gurobi Optimizer version 13.0.1 build v13.0.1rc0 (linux64 - "CachyOS")

CPU model: Intel(R) Core(TM) i7-14700KF, instruction set [SSE2|AVX|AVX2]
Thread count: 28 physical cores, 28 logical processors, using up to 28 threads

Non-default parameters:
TimeLimit  200
IntFeasTol  1e-09
MIPGap  1e-09

Academic license 2669763 - for non-commercial use only - registered to bg___@id.uff.br
Optimize a model with 9377 rows, 7653711 columns and 43253522 nonzeros (Min)
Model fingerprint: 0xbb72b708
Model has 6327720 linear objective coefficients
Variable types: 0 continuous, 7653711 integer (7645330 binary)
Coefficient statistics:
  Matrix range     [1e-02, 3e+02]
  Objective range  [1e-02, 1e+02]
  Bounds range     [1e+00, 1e+00]
  RHS range        [1e+00, 1e+09]

Loaded MIP start from previous solve with objective 344.319

Presolve removed 52 rows and 20749 columns (presolve time = 5s)...
Presolve removed 7044 rows and 6585712 columns
Presolve time: 9.19s
Presolved: 2333 rows, 1067999 columns, 5136608 nonzeros
Variable types: 0 continuous, 1067999 integer (1066663 binary)
Performing another presolve...
Presolve removed 0 rows and 533 columns (presolve time = 5s)...
Presolve removed 0 rows and 533 columns
Presolve time: 8.85s
Deterministic concurrent LP optimizer: primal simplex, dual simplex, and barrier
Showing barrier log only...

Root barrier log...

Ordering time: 0.04s

Barrier statistics:
 AA' NZ     : 1.156e+06
 Factor NZ  : 2.406e+06 (roughly 450 MB of memory)
 Factor Ops : 3.305e+09 (less than 1 second per iteration)
 Threads    : 26

                  Objective                Residual
Iter       Primal          Dual         Primal    Dual     Compl     Time
   0   3.18689249e+08 -7.73073161e+06  9.70e+07 0.00e+00  3.14e+02    21s
   1   1.59337294e+08 -4.78324505e+06  4.85e+07 2.33e+00  1.57e+02    21s
   2   1.03008640e+08 -3.04979679e+06  3.18e+07 1.39e+00  9.90e+01    21s
   3   1.33145711e+07 -7.29367351e+05  4.39e+06 1.21e-01  1.37e+01    22s
   4   5.39552110e+06 -6.66946054e+05  1.76e+06 8.96e-02  5.72e+00    22s
   5   3.38748748e+06 -5.37744412e+05  1.12e+06 7.78e-02  3.70e+00    22s
   6   2.15162781e+06 -4.97280279e+05  7.20e+05 7.37e-02  2.44e+00    22s
   7   1.03960503e+06 -3.22926326e+05  3.57e+05 5.22e-02  1.26e+00    22s
   8   2.64137874e+05 -2.13195050e+05  9.44e+04 3.55e-02  3.96e-01    23s

Barrier performed 8 iterations in 22.59 seconds (63.70 work units)
Barrier solve interrupted - model solved by another algorithm

Concurrent spin time: 1.21s (can be avoided by choosing Method=3)

Solved with dual simplex

Root simplex log...

Iteration    Objective       Primal Inf.    Dual Inf.      Time
   21224    3.4428629e+02   0.000000e+00   0.000000e+00     23s

Root relaxation: objective 3.442863e+02, 21224 iterations, 3.55 seconds (3.97 work units)
Total elapsed time = 22.63s (DegenMoves)

    Nodes    |    Current Node    |     Objective Bounds      |     Work
 Expl Unexpl |  Obj  Depth IntInf | Incumbent    BestBd   Gap | It/Node Time

     0     0  344.28629    0   23  344.31865  344.28629  0.01%     -   22s
     0     0  344.29021    0   29  344.31865  344.29021  0.01%     -   24s

Explored 1 nodes (21353 simplex iterations) in 25.62 seconds (66.63 work units)
Thread count was 28 (of 28 available processors)

Solution count 1: 344.319 

Optimal solution found (tolerance 1.00e-09)
Best objective 3.443186499865e+02, best bound 3.443186499865e+02, gap 0.0000%
pareto-map: box [11151.0400,11238.0400] (f2, f2<=344.5)  → new point f1=11189.0400 f2=344.319
Set parameter OutputFlag to value 1
Set parameter TimeLimit to value 200
Gurobi Optimizer version 13.0.1 build v13.0.1rc0 (linux64 - "CachyOS")

CPU model: Intel(R) Core(TM) i7-14700KF, instruction set [SSE2|AVX|AVX2]
Thread count: 28 physical cores, 28 logical processors, using up to 28 threads

Non-default parameters:
TimeLimit  200
IntFeasTol  1e-09
MIPGap  1e-09

Academic license 2669763 - for non-commercial use only - registered to bg___@id.uff.br
Optimize a model with 9376 rows, 7653711 columns and 36925802 nonzeros (Min)
Model fingerprint: 0x78beb895
Model has 6327720 linear objective coefficients
Variable types: 0 continuous, 7653711 integer (7645330 binary)
Coefficient statistics:
  Matrix range     [1e-02, 3e+02]
  Objective range  [1e-02, 1e+02]
  Bounds range     [1e+00, 1e+00]
  RHS range        [1e+00, 1e+09]

Presolve removed 52 rows and 20758 columns (presolve time = 5s)...
Presolve removed 137 rows and 20929 columns (presolve time = 10s)...
Presolve removed 137 rows and 29835 columns (presolve time = 15s)...
Presolve removed 137 rows and 29835 columns (presolve time = 20s)...
Presolve removed 137 rows and 29835 columns (presolve time = 25s)...
Presolve removed 137 rows and 29835 columns (presolve time = 30s)...
Presolve removed 137 rows and 29835 columns
Presolve time: 32.49s
Presolved: 9239 rows, 7623876 columns, 30455992 nonzeros
Variable types: 0 continuous, 7623876 integer (7615633 binary)
Found heuristic solution: objective 361.9629500
Deterministic concurrent LP optimizer: primal simplex, dual simplex, and barrier
Showing barrier log only...

Root barrier log...

Ordering time: 0.53s

Barrier statistics:
 AA' NZ     : 8.221e+06
 Factor NZ  : 4.087e+07 (roughly 3.4 GB of memory)
 Factor Ops : 2.440e+11 (less than 1 second per iteration)
 Threads    : 26

                  Objective                Residual
Iter       Primal          Dual         Primal    Dual     Compl     Time
   0   9.97948297e+10 -4.82898952e+08  6.96e+10 0.00e+00  2.99e+04    60s
   1   5.37862328e+10 -3.59553051e+08  3.75e+10 1.81e+00  1.62e+04    62s
   2   3.68925396e+10 -3.05496633e+08  2.57e+10 8.73e-01  1.13e+04    65s
   3   5.27670536e+09 -1.10916599e+08  3.70e+09 1.19e-01  1.66e+03    69s
   4   2.21281446e+09 -5.90245432e+07  1.55e+09 4.19e-02  7.05e+02    71s

Barrier performed 4 iterations in 70.79 seconds (178.28 work units)
Barrier solve interrupted - model solved by another algorithm

Concurrent spin time: 2.34s (can be avoided by choosing Method=3)

Solved with primal simplex

Root simplex log...

Iteration    Objective       Primal Inf.    Dual Inf.      Time
   56587    1.0793960e+02   0.000000e+00   0.000000e+00     71s

Root relaxation: objective 1.079396e+02, 56587 iterations, 21.20 seconds (24.69 work units)

    Nodes    |    Current Node    |     Objective Bounds      |     Work
 Expl Unexpl |  Obj  Depth IntInf | Incumbent    BestBd   Gap | It/Node Time

     0     0  107.93960    0   10  361.96295  107.93960  70.2%     -   73s
H    0     0                     108.1871861  107.93960  0.23%     -   75s
H    0     0                     108.0249028  107.93960  0.08%     -   77s
H    0     0                     108.0100417  107.93960  0.07%     -   79s
H    0     0                     108.0085556  107.93960  0.06%     -   79s
H    0     0                     107.9856695  107.93960  0.04%     -   79s
H    0     0                     107.9511917  107.93960  0.01%     -   80s
     0     0  107.93960    0  204  107.95119  107.93960  0.01%     -   95s
     0     0  107.93960    0    8  107.95119  107.93960  0.01%     -  100s
     0     0  107.94874    0   32  107.95119  107.94874  0.00%     -  100s
     0     0  107.94911    0    8  107.95119  107.94911  0.00%     -  100s
     0     0  107.94922    0   31  107.95119  107.94922  0.00%     -  100s
     0     0  107.94922    0    2  107.95119  107.94922  0.00%     -  100s

Cutting planes:
  Gomory: 1

Explored 1 nodes (66604 simplex iterations) in 101.15 seconds (209.76 work units)
Thread count was 28 (of 28 available processors)

Solution count 9: 107.951 107.951 107.951 ... 361.963

Optimal solution found (tolerance 1.00e-09)
Best objective 1.079511916695e+02, best bound 1.079511916695e+02, gap 0.0000%
Set parameter Seed to value 0
Gurobi Optimizer version 13.0.1 build v13.0.1rc0 (linux64 - "CachyOS")

CPU model: Intel(R) Core(TM) i7-14700KF, instruction set [SSE2|AVX|AVX2]
Thread count: 28 physical cores, 28 logical processors, using up to 28 threads

Non-default parameters:
TimeLimit  200
IntFeasTol  1e-09
MIPGap  1e-09

Academic license 2669763 - for non-commercial use only - registered to bg___@id.uff.br
Optimize a model with 9377 rows, 7653711 columns and 43253522 nonzeros (Min)
Model fingerprint: 0x3c3e33bb
Model has 7645330 linear objective coefficients
Variable types: 0 continuous, 7653711 integer (7645330 binary)
Coefficient statistics:
  Matrix range     [1e-02, 3e+02]
  Objective range  [1e+00, 3e+02]
  Bounds range     [1e+00, 1e+00]
  RHS range        [1e+00, 1e+09]

Loaded MIP start from previous solve with objective 13484

Presolve removed 52 rows and 21598 columns (presolve time = 5s)...
Presolve removed 137 rows and 21683 columns (presolve time = 10s)...
Presolve removed 137 rows and 22451 columns (presolve time = 15s)...
Presolve removed 137 rows and 22451 columns (presolve time = 20s)...
Presolve removed 137 rows and 22451 columns (presolve time = 25s)...
Presolve removed 137 rows and 22451 columns (presolve time = 30s)...
Presolve removed 137 rows and 22451 columns (presolve time = 41s)...
Presolve removed 137 rows and 22451 columns (presolve time = 48s)...
Presolve removed 137 rows and 22451 columns (presolve time = 50s)...
Presolve removed 137 rows and 22451 columns
Presolve time: 50.04s
Presolved: 9240 rows, 7631260 columns, 36793051 nonzeros
Variable types: 0 continuous, 7631260 integer (7623017 binary)
Deterministic concurrent LP optimizer: primal simplex, dual simplex, and barrier
Showing barrier log only...

Root barrier log...

Ordering time: 0.48s

Barrier statistics:
 AA' NZ     : 8.227e+06
 Factor NZ  : 4.088e+07 (roughly 3.4 GB of memory)
 Factor Ops : 2.441e+11 (less than 1 second per iteration)
 Threads    : 26

                  Objective                Residual
Iter       Primal          Dual         Primal    Dual     Compl     Time
   0   1.26912486e+12 -1.64789984e+09  6.77e+10 0.00e+00  1.26e+05    66s
   1   6.24028762e+11 -1.06330304e+09  3.33e+10 3.83e+00  6.22e+04    68s

Barrier performed 1 iterations in 67.76 seconds (808.55 work units)
Barrier solve interrupted - model solved by another algorithm

Concurrent spin time: 1.95s (can be avoided by choosing Method=3)

Solved with dual simplex

Root simplex log...

Iteration    Objective       Primal Inf.    Dual Inf.      Time
   12843    1.3483851e+04   0.000000e+00   0.000000e+00     69s

Root relaxation: objective 1.348385e+04, 12843 iterations, 16.36 seconds (28.39 work units)

    Nodes    |    Current Node    |     Objective Bounds      |     Work
 Expl Unexpl |  Obj  Depth IntInf | Incumbent    BestBd   Gap | It/Node Time

     0     0 13483.8511    0   10 13484.0400 13483.8511  0.00%     -   70s
     0     0 13483.8687    0  125 13484.0400 13483.8687  0.00%     -   89s
     0     0 13483.8687    0    6 13484.0400 13483.8687  0.00%     -   94s
     0     0 13483.8687    0   27 13484.0400 13483.8687  0.00%     -   94s
     0     0 13483.8733    0   22 13484.0400 13483.8733  0.00%     -   94s
     0     0 13483.8733    0   30 13484.0400 13483.8733  0.00%     -   94s
     0     0 13483.8733    0   28 13484.0400 13483.8733  0.00%     -   94s
     0     0 13483.8745    0   32 13484.0400 13483.8745  0.00%     -   94s
     0     0 13483.8752    0   36 13484.0400 13483.8752  0.00%     -   94s
     0     0 13483.8753    0   38 13484.0400 13483.8753  0.00%     -   94s
     0     0 13483.8754    0   36 13484.0400 13483.8754  0.00%     -   94s
     0     0 13483.8765    0   31 13484.0400 13483.8765  0.00%     -   94s
     0     0 13483.8767    0   31 13484.0400 13483.8767  0.00%     -   94s
     0     0 13483.8767    0   24 13484.0400 13483.8767  0.00%     -   94s
     0     2 13483.8767    0   24 13484.0400 13483.8767  0.00%     -   94s

Cutting planes:
  Cover: 3
  MIR: 6
  StrongCG: 1

Explored 19 nodes (21152 simplex iterations) in 94.56 seconds (834.64 work units)
Thread count was 28 (of 28 available processors)

Solution count 2: 13484 13484 

Optimal solution found (tolerance 1.00e-09)
Best objective 1.348403999976e+04, best bound 1.348403999976e+04, gap 0.0000%
pareto-map: box [13358.0400,13611.0400] (f1, f1<=13484)  → new point f1=13484.0400 f2=107.951
Set parameter OutputFlag to value 1
Set parameter TimeLimit to value 200
Gurobi Optimizer version 13.0.1 build v13.0.1rc0 (linux64 - "CachyOS")

CPU model: Intel(R) Core(TM) i7-14700KF, instruction set [SSE2|AVX|AVX2]
Thread count: 28 physical cores, 28 logical processors, using up to 28 threads

Non-default parameters:
TimeLimit  200
IntFeasTol  1e-09
MIPGap  1e-09

Academic license 2669763 - for non-commercial use only - registered to bg___@id.uff.br
Optimize a model with 9376 rows, 7653711 columns and 35608192 nonzeros (Min)
Model fingerprint: 0x519641e3
Model has 7645330 linear objective coefficients
Variable types: 0 continuous, 7653711 integer (7645330 binary)
Coefficient statistics:
  Matrix range     [1e-02, 1e+02]
  Objective range  [1e+00, 3e+02]
  Bounds range     [1e+00, 1e+00]
  RHS range        [1e+00, 1e+09]

Presolve removed 52 rows and 20749 columns (presolve time = 5s)...
Presolve removed 137 rows and 20834 columns (presolve time = 10s)...
Presolve removed 137 rows and 25190 columns (presolve time = 15s)...
Presolve removed 137 rows and 25190 columns (presolve time = 20s)...
Presolve removed 137 rows and 25190 columns (presolve time = 25s)...
Presolve removed 137 rows and 25190 columns (presolve time = 30s)...
Presolve removed 137 rows and 25190 columns
Presolve time: 30.94s
Presolved: 9239 rows, 7628521 columns, 29190794 nonzeros
Variable types: 0 continuous, 7628521 integer (7620278 binary)
Deterministic concurrent LP optimizer: primal simplex, dual simplex, and barrier
Showing barrier log only...

Root barrier log...

Ordering time: 0.47s

Barrier statistics:
 AA' NZ     : 8.220e+06
 Factor NZ  : 4.087e+07 (roughly 3.4 GB of memory)
 Factor Ops : 2.440e+11 (less than 1 second per iteration)
 Threads    : 26

                  Objective                Residual
Iter       Primal          Dual         Primal    Dual     Compl     Time
   0   1.85519237e+13 -8.86854395e+09  2.40e+10 0.00e+00  1.52e+06    66s
   1   8.73010228e+12 -7.60208416e+09  1.18e+10 9.48e+01  7.60e+05    68s
   2   1.79324738e+12 -2.97715898e+09  2.58e+09 1.23e-10  1.71e+05    70s

Barrier performed 2 iterations in 70.11 seconds (169.62 work units)
Barrier solve interrupted - model solved by another algorithm

Concurrent spin time: 2.87s (can be avoided by choosing Method=3)

Solved with dual simplex

Root simplex log...

Iteration    Objective       Primal Inf.    Dual Inf.      Time
   12935    1.1297380e+04   0.000000e+00   0.000000e+00     70s

Root relaxation: objective 1.129738e+04, 12935 iterations, 14.91 seconds (19.05 work units)

    Nodes    |    Current Node    |     Objective Bounds      |     Work
 Expl Unexpl |  Obj  Depth IntInf | Incumbent    BestBd   Gap | It/Node Time

     0     0 11297.3804    0   21          - 11297.3804      -     -   72s
H    0     0                    11845.040000 11297.3804  4.62%     -   90s
H    0     0                    11314.040000 11297.3804  0.15%     -   92s
H    0     0                    11298.040000 11297.3804  0.01%     -   93s
     0     0 11297.3953    0   10 11298.0400 11297.3953  0.01%     -  108s
     0     0 11297.3953    0    5 11298.0400 11297.3953  0.01%     -  112s
     0     0 11297.4373    0    9 11298.0400 11297.4373  0.01%     -  112s
     0     0 11297.4390    0   10 11298.0400 11297.4390  0.01%     -  112s
     0     0     cutoff    0      11298.0400 11298.0400  0.00%     -  112s

Cutting planes:
  MIR: 2
  GUB cover: 1
  RLT: 1

Explored 1 nodes (13323 simplex iterations) in 112.41 seconds (202.00 work units)
Thread count was 28 (of 28 available processors)

Solution count 4: 11298 11298 11314 11845 

Optimal solution found (tolerance 1.00e-09)
Best objective 1.129803999976e+04, best bound 1.129803999976e+04, gap 0.0000%
Set parameter Seed to value 0
Gurobi Optimizer version 13.0.1 build v13.0.1rc0 (linux64 - "CachyOS")

CPU model: Intel(R) Core(TM) i7-14700KF, instruction set [SSE2|AVX|AVX2]
Thread count: 28 physical cores, 28 logical processors, using up to 28 threads

Non-default parameters:
TimeLimit  200
IntFeasTol  1e-09
MIPGap  1e-09

Academic license 2669763 - for non-commercial use only - registered to bg___@id.uff.br
Optimize a model with 9377 rows, 7653711 columns and 43253522 nonzeros (Min)
Model fingerprint: 0x3a495185
Model has 6327720 linear objective coefficients
Variable types: 0 continuous, 7653711 integer (7645330 binary)
Coefficient statistics:
  Matrix range     [1e-02, 3e+02]
  Objective range  [1e-02, 1e+02]
  Bounds range     [1e+00, 1e+00]
  RHS range        [1e+00, 1e+09]

Loaded MIP start from previous solve with objective 309.628

Presolve removed 52 rows and 20749 columns (presolve time = 5s)...
Presolve removed 3883 rows and 3543522 columns (presolve time = 10s)...
Presolve removed 3883 rows and 3543997 columns (presolve time = 15s)...
Presolve removed 3884 rows and 3543998 columns (presolve time = 20s)...
Presolve removed 3884 rows and 3543998 columns (presolve time = 35s)...
Presolve removed 3884 rows and 3543998 columns (presolve time = 36s)...
Presolve removed 3884 rows and 3543998 columns
Presolve time: 37.16s
Presolved: 5493 rows, 4109713 columns, 19812973 nonzeros
Variable types: 0 continuous, 4109713 integer (4105217 binary)
Deterministic concurrent LP optimizer: primal simplex, dual simplex, and barrier
Showing barrier log only...

Root barrier log...

Ordering time: 0.23s

Barrier statistics:
 AA' NZ     : 4.337e+06
 Factor NZ  : 1.356e+07 (roughly 1.8 GB of memory)
 Factor Ops : 4.601e+10 (less than 1 second per iteration)
 Threads    : 26

                  Objective                Residual
Iter       Primal          Dual         Primal    Dual     Compl     Time
   0   3.94153869e+10 -7.89069041e+07  2.32e+10 4.44e-16  1.30e+04    45s
   1   2.50605540e+10 -6.68183877e+07  1.47e+10 1.84e+00  8.31e+03    46s
   2   1.88020886e+10 -5.70163421e+07  1.11e+10 1.48e+00  6.20e+03    47s
   3   7.48478334e+09 -2.47111926e+07  4.42e+09 4.94e-12  2.61e+03    48s

Barrier performed 3 iterations in 47.55 seconds (147.25 work units)
Barrier solve interrupted - model solved by another algorithm

Concurrent spin time: 1.70s (can be avoided by choosing Method=3)

Solved with primal simplex

Root simplex log...

Iteration    Objective       Primal Inf.    Dual Inf.      Time
   10636    3.0962833e+02   0.000000e+00   0.000000e+00     48s

Root relaxation: objective 3.096283e+02, 10636 iterations, 9.00 seconds (12.33 work units)

    Nodes    |    Current Node    |     Objective Bounds      |     Work
 Expl Unexpl |  Obj  Depth IntInf | Incumbent    BestBd   Gap | It/Node Time

     0     0 infeasible    0       309.62836  309.62836  0.00%     -   48s

Explored 1 nodes (10636 simplex iterations) in 48.46 seconds (147.78 work units)
Thread count was 28 (of 28 available processors)

Solution count 1: 309.628 

Optimal solution found (tolerance 1.00e-09)
Best objective 3.096283583382e+02, best bound 3.096283583382e+02, gap 0.0000%
pareto-map: box [11238.0400,11367.0400] (f2, f2<=309.8)  → new point f1=11298.0400 f2=309.628
Set parameter OutputFlag to value 1
Set parameter TimeLimit to value 200
Gurobi Optimizer version 13.0.1 build v13.0.1rc0 (linux64 - "CachyOS")

CPU model: Intel(R) Core(TM) i7-14700KF, instruction set [SSE2|AVX|AVX2]
Thread count: 28 physical cores, 28 logical processors, using up to 28 threads

Non-default parameters:
TimeLimit  200
IntFeasTol  1e-09
MIPGap  1e-09

Academic license 2669763 - for non-commercial use only - registered to bg___@id.uff.br
Optimize a model with 9376 rows, 7653711 columns and 36925802 nonzeros (Min)
Model fingerprint: 0xfcf6070e
Model has 6327720 linear objective coefficients
Variable types: 0 continuous, 7653711 integer (7645330 binary)
Coefficient statistics:
  Matrix range     [1e-02, 3e+02]
  Objective range  [1e-02, 1e+02]
  Bounds range     [1e+00, 1e+00]
  RHS range        [1e+00, 1e+09]

Presolve removed 52 rows and 20758 columns (presolve time = 5s)...
Presolve removed 137 rows and 20929 columns (presolve time = 10s)...
Presolve removed 137 rows and 29835 columns (presolve time = 15s)...
Presolve removed 137 rows and 29835 columns (presolve time = 20s)...
Presolve removed 137 rows and 29835 columns (presolve time = 25s)...
Presolve removed 137 rows and 29835 columns (presolve time = 30s)...
Presolve removed 137 rows and 29835 columns
Presolve time: 32.65s
Presolved: 9239 rows, 7623876 columns, 30455992 nonzeros
Variable types: 0 continuous, 7623876 integer (7615633 binary)
Found heuristic solution: objective 361.9629500
Deterministic concurrent LP optimizer: primal simplex, dual simplex, and barrier
Showing barrier log only...

Root barrier log...

Ordering time: 0.52s

Barrier statistics:
 AA' NZ     : 8.221e+06
 Factor NZ  : 4.087e+07 (roughly 3.4 GB of memory)
 Factor Ops : 2.440e+11 (less than 1 second per iteration)
 Threads    : 26

                  Objective                Residual
Iter       Primal          Dual         Primal    Dual     Compl     Time
   0   9.97948291e+10 -4.82898952e+08  6.96e+10 0.00e+00  2.99e+04    60s
   1   5.37833689e+10 -3.59536000e+08  3.75e+10 1.81e+00  1.62e+04    62s
   2   3.68935327e+10 -3.05475375e+08  2.57e+10 8.73e-01  1.13e+04    65s
   3   5.27900911e+09 -1.10923408e+08  3.70e+09 1.20e-01  1.66e+03    69s

Barrier performed 3 iterations in 68.56 seconds (176.39 work units)
Barrier solve interrupted - model solved by another algorithm

Concurrent spin time: 1.07s

Solved with primal simplex

Root simplex log...

Iteration    Objective       Primal Inf.    Dual Inf.      Time
   52237    9.2466880e+01   0.000000e+00   0.000000e+00     69s

Root relaxation: objective 9.246688e+01, 52237 iterations, 19.00 seconds (23.82 work units)

    Nodes    |    Current Node    |     Objective Bounds      |     Work
 Expl Unexpl |  Obj  Depth IntInf | Incumbent    BestBd   Gap | It/Node Time

     0     0   92.46688    0   10  361.96295   92.46688  74.5%     -   70s
H    0     0                      92.7681889   92.46688  0.32%     -   73s
H    0     0                      92.6757528   92.46688  0.23%     -   75s
H    0     0                      92.6412750   92.46688  0.19%     -   76s
H    0     0                      92.5904500   92.46688  0.13%     -   77s
H    0     0                      92.5351667   92.46688  0.07%     -   77s
H    0     0                      92.5072278   92.46688  0.04%     -   84s
H    0     0                      92.4908806   92.46688  0.03%     -   85s
H    0     0                      92.4879084   92.46688  0.02%     -   85s
H    0     0                      92.4870167   92.46688  0.02%     -   86s
     0     0   92.46688    0   17   92.48702   92.46688  0.02%     -   97s
     0     0   92.46688    0    8   92.48702   92.46688  0.02%     -  101s
     0     0   92.47840    0    2   92.48702   92.47840  0.01%     -  101s
     0     0   92.48078    0   11   92.48702   92.48078  0.01%     -  102s
     0     0   92.48078    0   22   92.48702   92.48078  0.01%     -  102s
     0     0   92.48078    0    9   92.48702   92.48078  0.01%     -  102s
     0     0   92.48182    0    4   92.48702   92.48182  0.01%     -  102s
H    0     0                      92.4855306   92.48211  0.00%     -  102s
     0     0   92.48481    0   32   92.48553   92.48481  0.00%     -  102s
     0     0   92.48481    0   31   92.48553   92.48481  0.00%     -  102s
     0     0     cutoff    0        92.48553   92.48553  0.00%     -  102s

Cutting planes:
  Gomory: 2
  Cover: 5
  MIR: 3
  Zero half: 9

Explored 1 nodes (61269 simplex iterations) in 102.79 seconds (212.39 work units)
Thread count was 28 (of 28 available processors)

Solution count 10: 92.4855 92.487 92.487 ... 92.5905

Optimal solution found (tolerance 1.00e-09)
Best objective 9.248553057708e+01, best bound 9.248553057708e+01, gap 0.0000%
Set parameter Seed to value 0
Gurobi Optimizer version 13.0.1 build v13.0.1rc0 (linux64 - "CachyOS")

CPU model: Intel(R) Core(TM) i7-14700KF, instruction set [SSE2|AVX|AVX2]
Thread count: 28 physical cores, 28 logical processors, using up to 28 threads

Non-default parameters:
TimeLimit  200
IntFeasTol  1e-09
MIPGap  1e-09

Academic license 2669763 - for non-commercial use only - registered to bg___@id.uff.br
Optimize a model with 9377 rows, 7653711 columns and 43253522 nonzeros (Min)
Model fingerprint: 0xdf2d5e5b
Model has 7645330 linear objective coefficients
Variable types: 0 continuous, 7653711 integer (7645330 binary)
Coefficient statistics:
  Matrix range     [1e-02, 3e+02]
  Objective range  [1e+00, 3e+02]
  Bounds range     [1e+00, 1e+00]
  RHS range        [1e+00, 1e+09]

Loaded MIP start from previous solve with objective 13737

Presolve removed 52 rows and 28075 columns (presolve time = 6s)...
Presolve removed 137 rows and 28160 columns (presolve time = 10s)...
Presolve removed 137 rows and 28928 columns (presolve time = 16s)...
Presolve removed 137 rows and 28928 columns (presolve time = 21s)...
Presolve removed 137 rows and 28928 columns (presolve time = 25s)...
Presolve removed 137 rows and 28928 columns (presolve time = 30s)...
Presolve removed 137 rows and 28928 columns (presolve time = 43s)...
Presolve removed 137 rows and 28928 columns (presolve time = 48s)...
Presolve removed 137 rows and 28928 columns (presolve time = 60s)...
Presolve removed 137 rows and 28928 columns
Presolve time: 62.68s
Presolved: 9240 rows, 7624783 columns, 36760696 nonzeros
Variable types: 0 continuous, 7624783 integer (7616540 binary)
Deterministic concurrent LP optimizer: primal simplex, dual simplex, and barrier
Showing barrier log only...

Root barrier log...

Ordering time: 0.46s

Barrier statistics:
 AA' NZ     : 8.216e+06
 Factor NZ  : 4.088e+07 (roughly 3.4 GB of memory)
 Factor Ops : 2.441e+11 (less than 1 second per iteration)
 Threads    : 26

                  Objective                Residual
Iter       Primal          Dual         Primal    Dual     Compl     Time
   0   1.26815302e+12 -1.64725080e+09  6.77e+10 0.00e+00  1.26e+05    79s
   1   6.48180029e+11 -1.06398997e+09  3.46e+10 3.82e+00  6.46e+04    80s

Barrier performed 1 iterations in 80.24 seconds (1402.33 work units)
Barrier solve interrupted - model solved by another algorithm

Concurrent spin time: 2.06s (can be avoided by choosing Method=3)

Solved with dual simplex

Root simplex log...

Iteration    Objective       Primal Inf.    Dual Inf.      Time
   11857    1.3736729e+04   0.000000e+00   0.000000e+00     81s

Root relaxation: objective 1.373673e+04, 11857 iterations, 16.20 seconds (28.55 work units)

    Nodes    |    Current Node    |     Objective Bounds      |     Work
 Expl Unexpl |  Obj  Depth IntInf | Incumbent    BestBd   Gap | It/Node Time

     0     0 13736.7288    0   10 13737.0400 13736.7288  0.00%     -   83s
     0     0 13736.7492    0  197 13737.0400 13736.7492  0.00%     -  100s
     0     0 13736.7492    0    4 13737.0400 13736.7492  0.00%     -  105s
     0     0 13736.7495    0   21 13737.0400 13736.7495  0.00%     -  106s
     0     0 13736.7495    0   21 13737.0400 13736.7495  0.00%     -  106s
     0     0 13736.7516    0   28 13737.0400 13736.7516  0.00%     -  106s
     0     0 13736.7542    0   37 13737.0400 13736.7542  0.00%     -  106s
     0     0 13736.7542    0   37 13737.0400 13736.7542  0.00%     -  106s
     0     0 13736.7542    0   47 13737.0400 13736.7542  0.00%     -  106s
     0     0 13736.7542    0   47 13737.0400 13736.7542  0.00%     -  106s
     0     0 13736.7542    0   19 13737.0400 13736.7542  0.00%     -  106s
     0     2 13736.7542    0   18 13737.0400 13736.7542  0.00%     -  106s

Cutting planes:
  Cover: 22
  MIR: 3
  StrongCG: 1
  Inf proof: 3
  RLT: 2

Explored 1407 nodes (36026 simplex iterations) in 106.99 seconds (1428.88 work units)
Thread count was 28 (of 28 available processors)

Solution count 2: 13737 13737 

Optimal solution found (tolerance 1.00e-09)
Best objective 1.373703999976e+04, best bound 1.373703999976e+04, gap 0.0000%
pareto-map: box [13611.0400,13864.0400] (f1, f1<=13737)  → new point f1=13737.0400 f2=92.4855
Set parameter OutputFlag to value 1
Set parameter TimeLimit to value 200
Gurobi Optimizer version 13.0.1 build v13.0.1rc0 (linux64 - "CachyOS")

CPU model: Intel(R) Core(TM) i7-14700KF, instruction set [SSE2|AVX|AVX2]
Thread count: 28 physical cores, 28 logical processors, using up to 28 threads

Non-default parameters:
TimeLimit  200
IntFeasTol  1e-09
MIPGap  1e-09

Academic license 2669763 - for non-commercial use only - registered to bg___@id.uff.br
Optimize a model with 9376 rows, 7653711 columns and 35608192 nonzeros (Min)
Model fingerprint: 0x12bd5556
Model has 7645330 linear objective coefficients
Variable types: 0 continuous, 7653711 integer (7645330 binary)
Coefficient statistics:
  Matrix range     [1e-02, 1e+02]
  Objective range  [1e+00, 3e+02]
  Bounds range     [1e+00, 1e+00]
  RHS range        [1e+00, 1e+09]

Presolve removed 137 rows and 20834 columns (presolve time = 6s)...
Presolve removed 137 rows and 20834 columns (presolve time = 10s)...
Presolve removed 137 rows and 25190 columns (presolve time = 15s)...
Presolve removed 137 rows and 25190 columns (presolve time = 20s)...
Presolve removed 137 rows and 25190 columns (presolve time = 25s)...
Presolve removed 137 rows and 25190 columns
Presolve time: 29.49s
Presolved: 9239 rows, 7628521 columns, 29190794 nonzeros
Variable types: 0 continuous, 7628521 integer (7620278 binary)
Deterministic concurrent LP optimizer: primal simplex, dual simplex, and barrier
Showing barrier log only...

Root barrier log...

Ordering time: 0.50s

Barrier statistics:
 AA' NZ     : 8.220e+06
 Factor NZ  : 4.087e+07 (roughly 3.4 GB of memory)
 Factor Ops : 2.440e+11 (less than 1 second per iteration)
 Threads    : 26

                  Objective                Residual
Iter       Primal          Dual         Primal    Dual     Compl     Time
   0   1.85519226e+13 -8.86854395e+09  2.40e+10 0.00e+00  1.52e+06    65s
   1   8.72903852e+12 -7.60173587e+09  1.18e+10 9.48e+01  7.60e+05    67s
   2   1.79300666e+12 -2.97656484e+09  2.58e+09 6.49e-11  1.71e+05    69s

Barrier performed 2 iterations in 69.02 seconds (169.68 work units)
Barrier solve interrupted - model solved by another algorithm

Concurrent spin time: 2.99s (can be avoided by choosing Method=3)

Solved with dual simplex

Root simplex log...

Iteration    Objective       Primal Inf.    Dual Inf.      Time
   12057    1.1167685e+04   0.000000e+00   0.000000e+00     69s

Root relaxation: objective 1.116768e+04, 12057 iterations, 15.46 seconds (20.15 work units)

    Nodes    |    Current Node    |     Objective Bounds      |     Work
 Expl Unexpl |  Obj  Depth IntInf | Incumbent    BestBd   Gap | It/Node Time

     0     0 11167.6849    0   12          - 11167.6849      -     -   70s
H    0     0                    11170.040000 11167.6849  0.02%     -   84s
H    0     0                    11168.040000 11167.6849  0.00%     -   86s
     0     0 11167.6851    0    8 11168.0400 11167.6851  0.00%     -  101s
     0     0 11167.6851    0    5 11168.0400 11167.6851  0.00%     -  105s
     0     0 11167.6851    0    3 11168.0400 11167.6851  0.00%     -  105s
     0     0 11167.6880    0    3 11168.0400 11167.6880  0.00%     -  105s
     0     0     cutoff    0      11168.0400 11168.0400  0.00%     -  105s

Cutting planes:
  Gomory: 1
  MIR: 1
  StrongCG: 1
  RLT: 1

Explored 1 nodes (12109 simplex iterations) in 105.76 seconds (199.28 work units)
Thread count was 28 (of 28 available processors)

Solution count 3: 11168 11168 11170 

Optimal solution found (tolerance 1.00e-09)
Best objective 1.116803999976e+04, best bound 1.116803999976e+04, gap 0.0000%
Set parameter Seed to value 0
Gurobi Optimizer version 13.0.1 build v13.0.1rc0 (linux64 - "CachyOS")

CPU model: Intel(R) Core(TM) i7-14700KF, instruction set [SSE2|AVX|AVX2]
Thread count: 28 physical cores, 28 logical processors, using up to 28 threads

Non-default parameters:
TimeLimit  200
IntFeasTol  1e-09
MIPGap  1e-09

Academic license 2669763 - for non-commercial use only - registered to bg___@id.uff.br
Optimize a model with 9377 rows, 7653711 columns and 43253522 nonzeros (Min)
Model fingerprint: 0x700b4116
Model has 6327720 linear objective coefficients
Variable types: 0 continuous, 7653711 integer (7645330 binary)
Coefficient statistics:
  Matrix range     [1e-02, 3e+02]
  Objective range  [1e-02, 1e+02]
  Bounds range     [1e+00, 1e+00]
  RHS range        [1e+00, 1e+09]

Loaded MIP start from previous solve with objective 352.96

Presolve removed 52 rows and 20749 columns (presolve time = 5s)...
Presolve removed 7653 rows and 7171822 columns
Presolve time: 9.36s
Presolved: 1724 rows, 481889 columns, 2308790 nonzeros
Variable types: 0 continuous, 481889 integer (481162 binary)
Performing another presolve...
Presolve removed 24 rows and 4012 columns (presolve time = 5s)...
Presolve removed 24 rows and 4012 columns
Presolve time: 5.64s
Deterministic concurrent LP optimizer: primal simplex, dual simplex, and barrier
Showing barrier log only...

Root barrier log...

Ordering time: 0.02s

Barrier statistics:
 AA' NZ     : 5.473e+05
 Factor NZ  : 1.127e+06 (roughly 200 MB of memory)
 Factor Ops : 9.584e+08 (less than 1 second per iteration)
 Threads    : 26

                  Objective                Residual
Iter       Primal          Dual         Primal    Dual     Compl     Time
   0   7.83894517e+07 -1.76661108e+06  1.22e+07 0.00e+00  1.64e+02    16s
   1   2.08815591e+07 -3.97819114e+05  3.26e+06 3.84e-01  4.42e+01    16s
   2   1.74964345e+06 -3.25963204e+05  2.80e+05 7.48e-01  4.07e+00    17s
   3   8.33630762e+05 -1.66920734e+05  1.38e+05 4.46e-01  2.04e+00    17s
   4   2.07838955e+05 -4.43653571e+04  3.59e+04 7.98e-02  5.44e-01    17s
   5   5.13527508e+04 -2.69098855e+04  8.90e+03 4.60e-02  1.52e-01    17s
   6   1.03341997e+04 -1.27358387e+04  1.56e+03 1.94e-02  3.62e-02    17s
   7   9.91942727e+03 -6.31882109e+03  1.49e+03 2.02e-03  2.86e-02    17s

Barrier performed 7 iterations in 16.95 seconds (58.40 work units)
Barrier solve interrupted - model solved by another algorithm

Concurrent spin time: 0.29s (can be avoided by choosing Method=3)

Solved with primal simplex

Root simplex log...

Iteration    Objective       Primal Inf.    Dual Inf.      Time
   21976    3.5295975e+02   0.000000e+00   0.000000e+00     17s

Root relaxation: objective 3.529597e+02, 21976 iterations, 1.32 seconds (1.70 work units)
Total elapsed time = 16.98s (DegenMoves)

    Nodes    |    Current Node    |     Objective Bounds      |     Work
 Expl Unexpl |  Obj  Depth IntInf | Incumbent    BestBd   Gap | It/Node Time

     0     0 infeasible    0       352.95979  352.95979  0.00%     -   17s

Explored 1 nodes (22153 simplex iterations) in 17.57 seconds (58.59 work units)
Thread count was 28 (of 28 available processors)

Solution count 1: 352.96 

Optimal solution found (tolerance 1.00e-09)
Best objective 3.529597916653e+02, best bound 3.529597916653e+02, gap 0.0000%
pareto-map: box [11151.0400,11189.0400] (f2, f2<=353.1)  → new point f1=11168.0400 f2=352.96
Set parameter OutputFlag to value 1
Set parameter TimeLimit to value 200
Gurobi Optimizer version 13.0.1 build v13.0.1rc0 (linux64 - "CachyOS")

CPU model: Intel(R) Core(TM) i7-14700KF, instruction set [SSE2|AVX|AVX2]
Thread count: 28 physical cores, 28 logical processors, using up to 28 threads

Non-default parameters:
TimeLimit  200
IntFeasTol  1e-09
MIPGap  1e-09

Academic license 2669763 - for non-commercial use only - registered to bg___@id.uff.br
Optimize a model with 9376 rows, 7653711 columns and 36925802 nonzeros (Min)
Model fingerprint: 0x92fe0d81
Model has 6327720 linear objective coefficients
Variable types: 0 continuous, 7653711 integer (7645330 binary)
Coefficient statistics:
  Matrix range     [1e-02, 3e+02]
  Objective range  [1e-02, 1e+02]
  Bounds range     [1e+00, 1e+00]
  RHS range        [1e+00, 1e+09]

Presolve removed 52 rows and 20758 columns (presolve time = 5s)...
Presolve removed 137 rows and 20843 columns (presolve time = 10s)...
Presolve removed 137 rows and 29835 columns (presolve time = 15s)...
Presolve removed 137 rows and 29835 columns (presolve time = 20s)...
Presolve removed 137 rows and 29835 columns (presolve time = 25s)...
Presolve removed 137 rows and 29835 columns (presolve time = 30s)...
Presolve removed 137 rows and 29835 columns
Presolve time: 32.09s
Presolved: 9239 rows, 7623876 columns, 30455992 nonzeros
Variable types: 0 continuous, 7623876 integer (7615633 binary)
Found heuristic solution: objective 361.9629500
Deterministic concurrent LP optimizer: primal simplex, dual simplex, and barrier
Showing barrier log only...

Root barrier log...

Ordering time: 0.52s

Barrier statistics:
 AA' NZ     : 8.221e+06
 Factor NZ  : 4.087e+07 (roughly 3.4 GB of memory)
 Factor Ops : 2.440e+11 (less than 1 second per iteration)
 Threads    : 26

                  Objective                Residual
Iter       Primal          Dual         Primal    Dual     Compl     Time
   0   9.97948304e+10 -4.82898952e+08  6.96e+10 0.00e+00  2.99e+04    60s
   1   5.37872162e+10 -3.59558130e+08  3.75e+10 1.81e+00  1.62e+04    61s
   2   3.68923677e+10 -3.05503075e+08  2.57e+10 8.72e-01  1.13e+04    64s
   3   5.27689248e+09 -1.10919626e+08  3.70e+09 1.19e-01  1.66e+03    67s
   4   2.21298411e+09 -5.90236797e+07  1.55e+09 4.19e-02  7.05e+02    69s

Barrier performed 4 iterations in 69.98 seconds (178.60 work units)
Barrier solve interrupted - model solved by another algorithm

Concurrent spin time: 0.06s

Solved with primal simplex

Root simplex log...

Iteration    Objective       Primal Inf.    Dual Inf.      Time
   52699    1.2386582e+02   0.000000e+00   0.000000e+00     70s

Root relaxation: objective 1.238658e+02, 52699 iterations, 20.98 seconds (25.08 work units)

    Nodes    |    Current Node    |     Objective Bounds      |     Work
 Expl Unexpl |  Obj  Depth IntInf | Incumbent    BestBd   Gap | It/Node Time

     0     0  123.86582    0   16  361.96295  123.86582  65.8%     -   71s
H    0     0                     124.3774750  123.86582  0.41%     -   78s
H    0     0                     124.2639361  123.86582  0.32%     -   79s
H    0     0                     123.9791972  123.86582  0.09%     -   80s
H    0     0                     123.9577972  123.86582  0.07%     -   81s
H    0     0                     123.9042972  123.86582  0.03%     -   83s
H    0     0                     123.8965695  123.86582  0.02%     -   83s
H    0     0                     123.8953806  123.86582  0.02%     -   84s
H    0     0                     123.8944889  123.86582  0.02%     -   90s
H    0     0                     123.8778445  123.86582  0.01%     -   91s
     0     0  123.86582    0  111  123.87784  123.86582  0.01%     -  101s
     0     0  123.86582    0    5  123.87784  123.86582  0.01%     -  106s
     0     0  123.87309    0   29  123.87784  123.87309  0.00%     -  106s
H    0     0                     123.8757639  123.87328  0.00%     -  106s
     0     0  123.87419    0   31  123.87576  123.87419  0.00%     -  106s
     0     0  123.87419    0   36  123.87576  123.87419  0.00%     -  106s
     0     0  123.87422    0   38  123.87576  123.87422  0.00%     -  106s
     0     0  123.87422    0   37  123.87576  123.87422  0.00%     -  106s
     0     0  123.87422    0   37  123.87576  123.87422  0.00%     -  106s
     0     0  123.87422    0   37  123.87576  123.87422  0.00%     -  106s
     0     0  123.87422    0   11  123.87576  123.87422  0.00%     -  106s
     0     0  123.87422    0   18  123.87576  123.87422  0.00%     -  106s
     0     0  123.87422    0   18  123.87576  123.87422  0.00%     -  106s
     0     0  123.87422    0   35  123.87576  123.87422  0.00%     -  106s
     0     0  123.87422    0   17  123.87576  123.87422  0.00%     -  106s
     0     0  123.87422    0   31  123.87576  123.87422  0.00%     -  106s
     0     0  123.87422    0   14  123.87576  123.87422  0.00%     -  106s
     0     0  123.87422    0   27  123.87576  123.87422  0.00%     -  106s
     0     0  123.87422    0   17  123.87576  123.87422  0.00%     -  106s
     0     0  123.87422    0   17  123.87576  123.87422  0.00%     -  106s
     0     0  123.87422    0   14  123.87576  123.87422  0.00%     -  106s
     0     2  123.87422    0   14  123.87576  123.87422  0.00%     -  106s

Cutting planes:
  Cover: 2
  MIR: 2
  StrongCG: 2
  Inf proof: 1

Explored 495 nodes (81585 simplex iterations) in 107.02 seconds (216.00 work units)
Thread count was 28 (of 28 available processors)

Solution count 10: 123.876 123.878 123.878 ... 124.264

Optimal solution found (tolerance 1.00e-09)
Best objective 1.238757639042e+02, best bound 1.238757639042e+02, gap 0.0000%
Set parameter Seed to value 0
Gurobi Optimizer version 13.0.1 build v13.0.1rc0 (linux64 - "CachyOS")

CPU model: Intel(R) Core(TM) i7-14700KF, instruction set [SSE2|AVX|AVX2]
Thread count: 28 physical cores, 28 logical processors, using up to 28 threads

Non-default parameters:
TimeLimit  200
IntFeasTol  1e-09
MIPGap  1e-09

Academic license 2669763 - for non-commercial use only - registered to bg___@id.uff.br
Optimize a model with 9377 rows, 7653711 columns and 43253522 nonzeros (Min)
Model fingerprint: 0xf9a51dd4
Model has 7645330 linear objective coefficients
Variable types: 0 continuous, 7653711 integer (7645330 binary)
Coefficient statistics:
  Matrix range     [1e-02, 3e+02]
  Objective range  [1e+00, 3e+02]
  Bounds range     [1e+00, 1e+00]
  RHS range        [1e+00, 1e+09]

Loaded MIP start from previous solve with objective 13231

Presolve removed 52 rows and 20749 columns (presolve time = 5s)...
Presolve removed 137 rows and 20834 columns (presolve time = 10s)...
Presolve removed 137 rows and 21602 columns (presolve time = 15s)...
Presolve removed 137 rows and 21602 columns (presolve time = 20s)...
Presolve removed 137 rows and 21602 columns (presolve time = 25s)...
Presolve removed 137 rows and 21602 columns (presolve time = 30s)...
Presolve removed 137 rows and 21602 columns (presolve time = 40s)...
Presolve removed 137 rows and 21602 columns (presolve time = 40s)...
Presolve removed 137 rows and 21602 columns
Presolve time: 41.61s
Presolved: 9240 rows, 7632109 columns, 36797292 nonzeros
Variable types: 0 continuous, 7632109 integer (7623866 binary)
Deterministic concurrent LP optimizer: primal simplex, dual simplex, and barrier
Showing barrier log only...

Root barrier log...

Ordering time: 0.46s

Barrier statistics:
 AA' NZ     : 8.229e+06
 Factor NZ  : 4.088e+07 (roughly 3.4 GB of memory)
 Factor Ops : 2.441e+11 (less than 1 second per iteration)
 Threads    : 26

                  Objective                Residual
Iter       Primal          Dual         Primal    Dual     Compl     Time
   0   1.26922018e+12 -1.64797970e+09  6.78e+10 0.00e+00  1.26e+05    58s
   1   6.20302624e+11 -1.06311590e+09  3.31e+10 3.83e+00  6.18e+04    59s

Barrier performed 1 iterations in 59.30 seconds (446.63 work units)
Barrier solve interrupted - model solved by another algorithm

Concurrent spin time: 2.24s (can be avoided by choosing Method=3)

Solved with dual simplex

Root simplex log...

Iteration    Objective       Primal Inf.    Dual Inf.      Time
   11899    1.3230883e+04   0.000000e+00   0.000000e+00     60s

Root relaxation: objective 1.323088e+04, 11899 iterations, 16.39 seconds (28.38 work units)

    Nodes    |    Current Node    |     Objective Bounds      |     Work
 Expl Unexpl |  Obj  Depth IntInf | Incumbent    BestBd   Gap | It/Node Time

     0     0 13230.8830    0   10 13231.0400 13230.8830  0.00%     -   62s
     0     0 13230.8994    0   50 13231.0400 13230.8994  0.00%     -   78s
     0     0 13230.8994    0    5 13231.0400 13230.8994  0.00%     -   82s
     0     0 13230.8994    0   15 13231.0400 13230.8994  0.00%     -   82s
     0     0 13230.8995    0   17 13231.0400 13230.8995  0.00%     -   82s
     0     0 13230.9009    0   21 13231.0400 13230.9009  0.00%     -   82s
     0     0 13230.9030    0   25 13231.0400 13230.9030  0.00%     -   82s
     0     0 13230.9038    0   30 13231.0400 13230.9038  0.00%     -   82s
     0     0 13230.9053    0   29 13231.0400 13230.9053  0.00%     -   82s
     0     0 13230.9056    0   32 13231.0400 13230.9056  0.00%     -   82s
     0     0 13230.9100    0   30 13231.0400 13230.9100  0.00%     -   82s
     0     0 13230.9102    0   32 13231.0400 13230.9102  0.00%     -   82s
     0     0 13230.9103    0   42 13231.0400 13230.9103  0.00%     -   82s
     0     0 13230.9103    0   42 13231.0400 13230.9103  0.00%     -   82s
     0     0 13230.9103    0   23 13231.0400 13230.9103  0.00%     -   82s
     0     2 13230.9103    0   23 13231.0400 13230.9103  0.00%     -   82s

Cutting planes:
  Cover: 19
  MIR: 5
  StrongCG: 3
  RLT: 1

Explored 703 nodes (32260 simplex iterations) in 83.32 seconds (470.32 work units)
Thread count was 28 (of 28 available processors)

Solution count 1: 13231 

Optimal solution found (tolerance 1.00e-09)
Best objective 1.323103999976e+04, best bound 1.323103999976e+04, gap 0.0000%
pareto-map: box [13105.0400,13358.0400] (f1, f1<=13231)  → new point f1=13231.0400 f2=123.876
Set parameter OutputFlag to value 1
Set parameter TimeLimit to value 200
Gurobi Optimizer version 13.0.1 build v13.0.1rc0 (linux64 - "CachyOS")

CPU model: Intel(R) Core(TM) i7-14700KF, instruction set [SSE2|AVX|AVX2]
Thread count: 28 physical cores, 28 logical processors, using up to 28 threads

Non-default parameters:
TimeLimit  200
IntFeasTol  1e-09
MIPGap  1e-09

Academic license 2669763 - for non-commercial use only - registered to bg___@id.uff.br
Optimize a model with 9376 rows, 7653711 columns and 35608192 nonzeros (Min)
Model fingerprint: 0x2f1e90cb
Model has 7645330 linear objective coefficients
Variable types: 0 continuous, 7653711 integer (7645330 binary)
Coefficient statistics:
  Matrix range     [1e-02, 1e+02]
  Objective range  [1e+00, 3e+02]
  Bounds range     [1e+00, 1e+00]
  RHS range        [1e+00, 1e+09]

Presolve removed 137 rows and 20834 columns (presolve time = 6s)...
Presolve removed 137 rows and 20834 columns (presolve time = 10s)...
Presolve removed 137 rows and 25190 columns (presolve time = 15s)...
Presolve removed 137 rows and 25190 columns (presolve time = 20s)...
Presolve removed 137 rows and 25190 columns (presolve time = 25s)...
Presolve removed 137 rows and 25190 columns
Presolve time: 29.68s
Presolved: 9239 rows, 7628521 columns, 29190794 nonzeros
Variable types: 0 continuous, 7628521 integer (7620278 binary)
Deterministic concurrent LP optimizer: primal simplex, dual simplex, and barrier
Showing barrier log only...

Root barrier log...

Ordering time: 0.46s

Barrier statistics:
 AA' NZ     : 8.220e+06
 Factor NZ  : 4.087e+07 (roughly 3.4 GB of memory)
 Factor Ops : 2.440e+11 (less than 1 second per iteration)
 Threads    : 26

                  Objective                Residual
Iter       Primal          Dual         Primal    Dual     Compl     Time
   0   1.85519235e+13 -8.86854395e+09  2.40e+10 0.00e+00  1.52e+06    65s
   1   8.72847873e+12 -7.60107083e+09  1.18e+10 9.48e+01  7.60e+05    66s
   2   1.79267456e+12 -2.97651763e+09  2.57e+09 1.93e-11  1.71e+05    69s

Barrier performed 2 iterations in 68.60 seconds (169.52 work units)
Barrier solve interrupted - model solved by another algorithm

Concurrent spin time: 3.30s (can be avoided by choosing Method=3)

Solved with dual simplex

Root simplex log...

Iteration    Objective       Primal Inf.    Dual Inf.      Time
   13596    1.1266453e+04   0.000000e+00   0.000000e+00     69s

Root relaxation: objective 1.126645e+04, 13596 iterations, 15.34 seconds (19.07 work units)

    Nodes    |    Current Node    |     Objective Bounds      |     Work
 Expl Unexpl |  Obj  Depth IntInf | Incumbent    BestBd   Gap | It/Node Time

     0     0 11266.4526    0   10          - 11266.4526      -     -   70s
H    0     0                    11268.040000 11266.4526  0.01%     -   83s
H    0     0                    11267.040000 11266.4526  0.01%     -   85s
     0     0 11266.4639    0   12 11267.0400 11266.4639  0.01%     -   99s
     0     0 11266.4639    0    5 11267.0400 11266.4639  0.01%     -  104s
     0     0 11266.4725    0    7 11267.0400 11266.4725  0.01%     -  104s
     0     0 11266.6040    0   18 11267.0400 11266.6040  0.00%     -  104s
     0     0 11266.8539    0   12 11267.0400 11266.8539  0.00%     -  104s
     0     0 11266.8539    0   15 11267.0400 11266.8539  0.00%     -  104s
     0     0 11266.8678    0   16 11267.0400 11266.8678  0.00%     -  104s

Cutting planes:
  Gomory: 1
  MIR: 2
  RLT: 1

Explored 1 nodes (14000 simplex iterations) in 104.41 seconds (195.16 work units)
Thread count was 28 (of 28 available processors)

Solution count 4: 11267 11267 11268 11268 

Optimal solution found (tolerance 1.00e-09)
Best objective 1.126703999976e+04, best bound 1.126703999976e+04, gap 0.0000%
Set parameter Seed to value 0
Gurobi Optimizer version 13.0.1 build v13.0.1rc0 (linux64 - "CachyOS")

CPU model: Intel(R) Core(TM) i7-14700KF, instruction set [SSE2|AVX|AVX2]
Thread count: 28 physical cores, 28 logical processors, using up to 28 threads

Non-default parameters:
TimeLimit  200
IntFeasTol  1e-09
MIPGap  1e-09

Academic license 2669763 - for non-commercial use only - registered to bg___@id.uff.br
Optimize a model with 9377 rows, 7653711 columns and 43253522 nonzeros (Min)
Model fingerprint: 0x697378f5
Model has 6327720 linear objective coefficients
Variable types: 0 continuous, 7653711 integer (7645330 binary)
Coefficient statistics:
  Matrix range     [1e-02, 3e+02]
  Objective range  [1e-02, 1e+02]
  Bounds range     [1e+00, 1e+00]
  RHS range        [1e+00, 1e+09]

Loaded MIP start from previous solve with objective 318.36

Presolve removed 52 rows and 20749 columns (presolve time = 5s)...
Presolve removed 4782 rows and 4408732 columns (presolve time = 10s)...
Presolve removed 4782 rows and 4409207 columns (presolve time = 15s)...
Presolve removed 4788 rows and 4409220 columns (presolve time = 20s)...
Presolve removed 4788 rows and 4409220 columns (presolve time = 26s)...
Presolve removed 4788 rows and 4409220 columns (presolve time = 30s)...
Presolve removed 4788 rows and 4409220 columns (presolve time = 39s)...
Presolve removed 4788 rows and 4409220 columns
Presolve time: 39.55s
Presolved: 4589 rows, 3244491 columns, 15638474 nonzeros
Variable types: 0 continuous, 3244491 integer (3240899 binary)
Deterministic concurrent LP optimizer: primal simplex, dual simplex, and barrier
Showing barrier log only...

Root barrier log...

Ordering time: 0.15s

Barrier statistics:
 AA' NZ     : 3.428e+06
 Factor NZ  : 9.492e+06 (roughly 1.4 GB of memory)
 Factor Ops : 2.694e+10 (less than 1 second per iteration)
 Threads    : 26

                  Objective                Residual
Iter       Primal          Dual         Primal    Dual     Compl     Time
   0   2.10864725e+10 -5.26984185e+07  1.08e+10 4.44e-16  8.35e+03    45s
   1   1.22329371e+10 -3.70691451e+07  6.29e+09 1.05e+00  4.85e+03    46s
   2   2.16612259e+09 -2.85019757e+07  1.11e+09 1.01e+00  8.92e+02    47s
   3   4.96376869e+08 -1.25833320e+07  2.56e+08 4.21e-01  2.07e+02    47s
   4   7.03304385e+07 -4.56561353e+06  3.67e+07 1.27e-01  3.00e+01    48s
   5   4.91943706e+07 -3.90030916e+06  2.58e+07 1.11e-01  2.12e+01    49s

Barrier performed 5 iterations in 48.87 seconds (137.53 work units)
Barrier solve interrupted - model solved by another algorithm

Concurrent spin time: 1.20s (can be avoided by choosing Method=3)

Solved with primal simplex

Root simplex log...

Iteration    Objective       Primal Inf.    Dual Inf.      Time
   29428    3.1821211e+02   0.000000e+00   0.000000e+00     49s

Root relaxation: objective 3.182121e+02, 29428 iterations, 8.17 seconds (11.34 work units)

    Nodes    |    Current Node    |     Objective Bounds      |     Work
 Expl Unexpl |  Obj  Depth IntInf | Incumbent    BestBd   Gap | It/Node Time

     0     0  318.21211    0   10  318.35986  318.21211  0.05%     -   49s
H    0     0                     318.3562889  318.21211  0.05%     -   51s
H    0     0                     318.3470750  318.21211  0.04%     -   51s
H    0     0                     318.3429139  318.21211  0.04%     -   51s
H    0     0                     318.2923861  318.21211  0.03%     -   51s
     0     0  318.21419    0   21  318.29239  318.21419  0.02%     -   56s
     0     0  318.21419    0    4  318.29239  318.21419  0.02%     -   58s
     0     0     cutoff    0       318.29239  318.29239  0.00%     -   58s

Cutting planes:
  Gomory: 1
  Cover: 2
  MIR: 5
  Mod-K: 1

Explored 1 nodes (29821 simplex iterations) in 59.12 seconds (147.57 work units)
Thread count was 28 (of 28 available processors)

Solution count 6: 318.292 318.292 318.343 ... 318.36

Optimal solution found (tolerance 1.00e-09)
Best objective 3.182923861008e+02, best bound 3.182923861008e+02, gap 0.0000%
pareto-map: box [11238.0400,11298.0400] (f2, f2<=318.4)  → new point f1=11267.0400 f2=318.292
Set parameter OutputFlag to value 1
Set parameter TimeLimit to value 200
Gurobi Optimizer version 13.0.1 build v13.0.1rc0 (linux64 - "CachyOS")

CPU model: Intel(R) Core(TM) i7-14700KF, instruction set [SSE2|AVX|AVX2]
Thread count: 28 physical cores, 28 logical processors, using up to 28 threads

Non-default parameters:
TimeLimit  200
IntFeasTol  1e-09
MIPGap  1e-09

Academic license 2669763 - for non-commercial use only - registered to bg___@id.uff.br
Optimize a model with 9376 rows, 7653711 columns and 36925802 nonzeros (Min)
Model fingerprint: 0x5dbd65ea
Model has 6327720 linear objective coefficients
Variable types: 0 continuous, 7653711 integer (7645330 binary)
Coefficient statistics:
  Matrix range     [1e-02, 3e+02]
  Objective range  [1e-02, 1e+02]
  Bounds range     [1e+00, 1e+00]
  RHS range        [1e+00, 1e+09]

Presolve removed 52 rows and 20758 columns (presolve time = 5s)...
Presolve removed 137 rows and 20929 columns (presolve time = 10s)...
Presolve removed 137 rows and 29835 columns (presolve time = 15s)...
Presolve removed 137 rows and 29835 columns (presolve time = 20s)...
Presolve removed 137 rows and 29835 columns (presolve time = 25s)...
Presolve removed 137 rows and 29835 columns (presolve time = 31s)...
Presolve removed 137 rows and 29835 columns
Presolve time: 31.37s
Presolved: 9239 rows, 7623876 columns, 30455992 nonzeros
Variable types: 0 continuous, 7623876 integer (7615633 binary)
Found heuristic solution: objective 361.9629500
Deterministic concurrent LP optimizer: primal simplex, dual simplex, and barrier
Showing barrier log only...

Root barrier log...

Ordering time: 0.50s

Barrier statistics:
 AA' NZ     : 8.221e+06
 Factor NZ  : 4.087e+07 (roughly 3.4 GB of memory)
 Factor Ops : 2.440e+11 (less than 1 second per iteration)
 Threads    : 26

                  Objective                Residual
Iter       Primal          Dual         Primal    Dual     Compl     Time
   0   9.97948311e+10 -4.82898952e+08  6.96e+10 0.00e+00  2.99e+04    59s
   1   5.37842033e+10 -3.59541710e+08  3.75e+10 1.81e+00  1.62e+04    60s
   2   3.68930854e+10 -3.05482392e+08  2.57e+10 8.73e-01  1.13e+04    63s
   3   5.27924635e+09 -1.10926884e+08  3.70e+09 1.19e-01  1.66e+03    66s
   4   2.21351822e+09 -5.90146259e+07  1.55e+09 4.20e-02  7.05e+02    69s

Barrier performed 4 iterations in 69.18 seconds (178.22 work units)
Barrier solve interrupted - model solved by another algorithm

Concurrent spin time: 0.45s

Solved with primal simplex

Root simplex log...

Iteration    Objective       Primal Inf.    Dual Inf.      Time
   49001    1.4019937e+02   0.000000e+00   0.000000e+00     69s

Root relaxation: objective 1.401994e+02, 49001 iterations, 20.83 seconds (23.64 work units)

    Nodes    |    Current Node    |     Objective Bounds      |     Work
 Expl Unexpl |  Obj  Depth IntInf | Incumbent    BestBd   Gap | It/Node Time

     0     0  140.19937    0   13  361.96295  140.19937  61.3%     -   71s
H    0     0                     140.6584167  140.19937  0.33%     -   77s
H    0     0                     140.5377444  140.19937  0.24%     -   78s
H    0     0                     140.3311750  140.19937  0.09%     -   79s
H    0     0                     140.3186917  140.19937  0.09%     -   81s
H    0     0                     140.2550861  140.19937  0.04%     -   81s
H    0     0                     140.2464667  140.19937  0.03%     -   85s
H    0     0                     140.2096111  140.19937  0.01%     -   85s
     0     0  140.19937    0   25  140.20961  140.19937  0.01%     -   99s
     0     0  140.19937    0    6  140.20961  140.19937  0.01%     -  104s
     0     0  140.20681    0   24  140.20961  140.20681  0.00%     -  104s
     0     0  140.20686    0   35  140.20961  140.20686  0.00%     -  104s
     0     0  140.20686    0   35  140.20961  140.20686  0.00%     -  104s
     0     0  140.20686    0   35  140.20961  140.20686  0.00%     -  104s
     0     0  140.20686    0   18  140.20961  140.20686  0.00%     -  104s
     0     0  140.20686    0   23  140.20961  140.20686  0.00%     -  104s
     0     0  140.20686    0   26  140.20961  140.20686  0.00%     -  104s
     0     0  140.20686    0   11  140.20961  140.20686  0.00%     -  104s
     0     0  140.20687    0   15  140.20961  140.20687  0.00%     -  104s
     0     0  140.20687    0   15  140.20961  140.20687  0.00%     -  104s
     0     0  140.20687    0   11  140.20961  140.20687  0.00%     -  105s
     0     0  140.20687    0   15  140.20961  140.20687  0.00%     -  105s
     0     0  140.20687    0   19  140.20961  140.20687  0.00%     -  105s
     0     0  140.20687    0   17  140.20961  140.20687  0.00%     -  105s
     0     0  140.20687    0   15  140.20961  140.20687  0.00%     -  105s
     0     0  140.20687    0   19  140.20961  140.20687  0.00%     -  105s
     0     0  140.20687    0    9  140.20961  140.20687  0.00%     -  105s
     0     0  140.20687    0   13  140.20961  140.20687  0.00%     -  105s
     0     0  140.20687    0   30  140.20961  140.20687  0.00%     -  105s
     0     0  140.20687    0   18  140.20961  140.20687  0.00%     -  105s
     0     0  140.20687    0    7  140.20961  140.20687  0.00%     -  105s
     0     0  140.20687    0   26  140.20961  140.20687  0.00%     -  105s
     0     0  140.20687    0    8  140.20961  140.20687  0.00%     -  105s
     0     0  140.20687    0    8  140.20961  140.20687  0.00%     -  105s
     0     2  140.20687    0    8  140.20961  140.20687  0.00%     -  105s
*   16    21               4     140.2072333  140.20723  0.00%  52.9  105s

Cutting planes:
  Gomory: 2
  StrongCG: 1

Explored 31 nodes (88300 simplex iterations) in 105.84 seconds (213.27 work units)
Thread count was 28 (of 28 available processors)

Solution count 10: 140.207 140.21 140.21 ... 361.963

Optimal solution found (tolerance 1.00e-09)
Best objective 1.402072333397e+02, best bound 1.402072333397e+02, gap 0.0000%
Set parameter Seed to value 0
Gurobi Optimizer version 13.0.1 build v13.0.1rc0 (linux64 - "CachyOS")

CPU model: Intel(R) Core(TM) i7-14700KF, instruction set [SSE2|AVX|AVX2]
Thread count: 28 physical cores, 28 logical processors, using up to 28 threads

Non-default parameters:
TimeLimit  200
IntFeasTol  1e-09
MIPGap  1e-09

Academic license 2669763 - for non-commercial use only - registered to bg___@id.uff.br
Optimize a model with 9377 rows, 7653711 columns and 43253522 nonzeros (Min)
Model fingerprint: 0x0643fcfa
Model has 7645330 linear objective coefficients
Variable types: 0 continuous, 7653711 integer (7645330 binary)
Coefficient statistics:
  Matrix range     [1e-02, 3e+02]
  Objective range  [1e+00, 3e+02]
  Bounds range     [1e+00, 1e+00]
  RHS range        [1e+00, 1e+09]

Loaded MIP start from previous solve with objective 12979

Presolve removed 52 rows and 20749 columns (presolve time = 5s)...
Presolve removed 137 rows and 20834 columns (presolve time = 10s)...
Presolve removed 137 rows and 21602 columns (presolve time = 15s)...
Presolve removed 137 rows and 21602 columns (presolve time = 20s)...
Presolve removed 137 rows and 21602 columns (presolve time = 25s)...
Presolve removed 137 rows and 21602 columns (presolve time = 30s)...
Presolve removed 137 rows and 21602 columns (presolve time = 36s)...
Presolve removed 137 rows and 21602 columns
Presolve time: 38.28s
Presolved: 9240 rows, 7632109 columns, 36797292 nonzeros
Variable types: 0 continuous, 7632109 integer (7623866 binary)
Deterministic concurrent LP optimizer: primal simplex, dual simplex, and barrier
Showing barrier log only...

Root barrier log...

Ordering time: 0.46s

Barrier statistics:
 AA' NZ     : 8.229e+06
 Factor NZ  : 4.088e+07 (roughly 3.4 GB of memory)
 Factor Ops : 2.441e+11 (less than 1 second per iteration)
 Threads    : 26

                  Objective                Residual
Iter       Primal          Dual         Primal    Dual     Compl     Time
   0   1.26921935e+12 -1.64798059e+09  6.78e+10 0.00e+00  1.26e+05    54s
   1   6.20312815e+11 -1.06315713e+09  3.31e+10 3.83e+00  6.18e+04    56s

Barrier performed 1 iterations in 56.16 seconds (290.17 work units)
Barrier solve interrupted - model solved by another algorithm

Concurrent spin time: 2.54s (can be avoided by choosing Method=3)

Solved with dual simplex

Root simplex log...

Iteration    Objective       Primal Inf.    Dual Inf.      Time
   10186    1.2978919e+04   0.000000e+00   0.000000e+00     57s

Root relaxation: objective 1.297892e+04, 10186 iterations, 16.61 seconds (28.36 work units)

    Nodes    |    Current Node    |     Objective Bounds      |     Work
 Expl Unexpl |  Obj  Depth IntInf | Incumbent    BestBd   Gap | It/Node Time

     0     0 12978.9186    0   13 12979.0400 12978.9186  0.00%     -   59s
     0     0 12978.9293    0  121 12979.0400 12978.9293  0.00%     -   76s
     0     0 12978.9293    0    4 12979.0400 12978.9293  0.00%     -   80s
     0     0 12978.9330    0   24 12979.0400 12978.9330  0.00%     -   81s
     0     0 12978.9333    0   26 12979.0400 12978.9333  0.00%     -   81s
     0     0 12978.9369    0   26 12979.0400 12978.9369  0.00%     -   81s
     0     0 12978.9375    0   25 12979.0400 12978.9375  0.00%     -   81s
     0     0 12978.9375    0   31 12979.0400 12978.9375  0.00%     -   81s
     0     0 12978.9382    0   29 12979.0400 12978.9382  0.00%     -   81s
     0     0 12978.9619    0   23 12979.0400 12978.9619  0.00%     -   81s
     0     0 12978.9644    0   27 12979.0400 12978.9644  0.00%     -   81s
     0     0 12978.9695    0   36 12979.0400 12978.9695  0.00%     -   81s
     0     0 12978.9703    0   41 12979.0400 12978.9703  0.00%     -   81s
     0     0 12978.9755    0   40 12979.0400 12978.9755  0.00%     -   81s
     0     0 12978.9755    0   40 12979.0400 12978.9755  0.00%     -   81s
     0     0 12978.9755    0   16 12979.0400 12978.9755  0.00%     -   81s
     0     2 12978.9770    0   16 12979.0400 12978.9770  0.00%     -   81s

Cutting planes:
  Cover: 4
  MIR: 2

Explored 52 nodes (21587 simplex iterations) in 81.61 seconds (316.20 work units)
Thread count was 28 (of 28 available processors)

Solution count 2: 12979 12979 

Optimal solution found (tolerance 1.00e-09)
Best objective 1.297903999976e+04, best bound 1.297903999976e+04, gap 0.0000%
pareto-map: box [12853.0400,13105.0400] (f1, f1<=12979)  → new point f1=12979.0400 f2=140.207
Set parameter OutputFlag to value 1
Set parameter TimeLimit to value 200
Gurobi Optimizer version 13.0.1 build v13.0.1rc0 (linux64 - "CachyOS")

CPU model: Intel(R) Core(TM) i7-14700KF, instruction set [SSE2|AVX|AVX2]
Thread count: 28 physical cores, 28 logical processors, using up to 28 threads

Non-default parameters:
TimeLimit  200
IntFeasTol  1e-09
MIPGap  1e-09

Academic license 2669763 - for non-commercial use only - registered to bg___@id.uff.br
Optimize a model with 9376 rows, 7653711 columns and 35608192 nonzeros (Min)
Model fingerprint: 0xb476d703
Model has 7645330 linear objective coefficients
Variable types: 0 continuous, 7653711 integer (7645330 binary)
Coefficient statistics:
  Matrix range     [1e-02, 1e+02]
  Objective range  [1e+00, 3e+02]
  Bounds range     [1e+00, 1e+00]
  RHS range        [1e+00, 1e+09]

Presolve removed 137 rows and 20834 columns (presolve time = 6s)...
Presolve removed 137 rows and 20834 columns (presolve time = 10s)...
Presolve removed 137 rows and 25190 columns (presolve time = 15s)...
Presolve removed 137 rows and 25190 columns (presolve time = 20s)...
Presolve removed 137 rows and 25190 columns (presolve time = 25s)...
Presolve removed 137 rows and 25190 columns
Presolve time: 29.99s
Presolved: 9239 rows, 7628521 columns, 29190794 nonzeros
Variable types: 0 continuous, 7628521 integer (7620278 binary)
Deterministic concurrent LP optimizer: primal simplex, dual simplex, and barrier
Showing barrier log only...

Root barrier log...

Ordering time: 0.45s

Barrier statistics:
 AA' NZ     : 8.220e+06
 Factor NZ  : 4.087e+07 (roughly 3.4 GB of memory)
 Factor Ops : 2.440e+11 (less than 1 second per iteration)
 Threads    : 26

                  Objective                Residual
Iter       Primal          Dual         Primal    Dual     Compl     Time
   0   1.85519231e+13 -8.86854395e+09  2.40e+10 0.00e+00  1.52e+06    64s
   1   8.72965554e+12 -7.60249600e+09  1.18e+10 9.48e+01  7.60e+05    66s
   2   1.79335254e+12 -2.97676446e+09  2.58e+09 5.96e-11  1.71e+05    69s
   3   6.43682432e+11 -1.20369360e+09  9.24e+08 3.72e-11  6.17e+04    71s

Barrier performed 3 iterations in 71.24 seconds (171.67 work units)
Barrier solve interrupted - model solved by another algorithm

Concurrent spin time: 3.74s (can be avoided by choosing Method=3)

Solved with dual simplex

Root simplex log...

Iteration    Objective       Primal Inf.    Dual Inf.      Time
   14188    1.1212184e+04   0.000000e+00   0.000000e+00     71s

Root relaxation: objective 1.121218e+04, 14188 iterations, 18.15 seconds (21.08 work units)

    Nodes    |    Current Node    |     Objective Bounds      |     Work
 Expl Unexpl |  Obj  Depth IntInf | Incumbent    BestBd   Gap | It/Node Time

     0     0 11212.1841    0   10          - 11212.1841      -     -   72s
H    0     0                    11214.040000 11212.1841  0.02%     -   85s
H    0     0                    11213.040000 11212.1841  0.01%     -   88s
     0     0 11212.1867    0   21 11213.0400 11212.1867  0.01%     -  104s
     0     0 11212.1867    0    7 11213.0400 11212.1867  0.01%     -  108s
     0     0 11212.1867    0    7 11213.0400 11212.1867  0.01%     -  108s
     0     0 11212.2979    0    9 11213.0400 11212.2979  0.01%     -  108s

Cutting planes:
  MIR: 1
  StrongCG: 1

Explored 1 nodes (14530 simplex iterations) in 109.07 seconds (201.14 work units)
Thread count was 28 (of 28 available processors)

Solution count 4: 11213 11213 11214 11214 

Optimal solution found (tolerance 1.00e-09)
Best objective 1.121303999976e+04, best bound 1.121303999976e+04, gap 0.0000%
Set parameter Seed to value 0
Gurobi Optimizer version 13.0.1 build v13.0.1rc0 (linux64 - "CachyOS")

CPU model: Intel(R) Core(TM) i7-14700KF, instruction set [SSE2|AVX|AVX2]
Thread count: 28 physical cores, 28 logical processors, using up to 28 threads

Non-default parameters:
TimeLimit  200
IntFeasTol  1e-09
MIPGap  1e-09

Academic license 2669763 - for non-commercial use only - registered to bg___@id.uff.br
Optimize a model with 9377 rows, 7653711 columns and 43253522 nonzeros (Min)
Model fingerprint: 0x33f60425
Model has 6327720 linear objective coefficients
Variable types: 0 continuous, 7653711 integer (7645330 binary)
Coefficient statistics:
  Matrix range     [1e-02, 3e+02]
  Objective range  [1e-02, 1e+02]
  Bounds range     [1e+00, 1e+00]
  RHS range        [1e+00, 1e+09]

Loaded MIP start from previous solve with objective 335.636

Presolve removed 52 rows and 20749 columns (presolve time = 5s)...
Presolve removed 6348 rows and 5915872 columns (presolve time = 10s)...
Presolve removed 6348 rows and 5916369 columns (presolve time = 15s)...
Presolve removed 6372 rows and 5919071 columns (presolve time = 20s)...
Presolve removed 6372 rows and 5919071 columns (presolve time = 26s)...
Presolve removed 6372 rows and 5919071 columns (presolve time = 30s)...
Presolve removed 6372 rows and 5919071 columns (presolve time = 35s)...
Presolve removed 6372 rows and 5919071 columns (presolve time = 40s)...
Presolve removed 6372 rows and 5919071 columns (presolve time = 47s)...
Presolve removed 6372 rows and 5919071 columns
Presolve time: 47.99s
Presolved: 3005 rows, 1734640 columns, 8353269 nonzeros
Variable types: 0 continuous, 1734640 integer (1732632 binary)
Deterministic concurrent LP optimizer: primal simplex, dual simplex, and barrier
Showing barrier log only...

Root barrier log...

Ordering time: 0.07s

Barrier statistics:
 AA' NZ     : 1.843e+06
 Factor NZ  : 4.120e+06 (roughly 700 MB of memory)
 Factor Ops : 7.618e+09 (less than 1 second per iteration)
 Threads    : 26

                  Objective                Residual
Iter       Primal          Dual         Primal    Dual     Compl     Time
   0   2.69666847e+09 -1.80379616e+07  1.01e+09 0.00e+00  1.76e+03    51s
   1   1.53025113e+09 -1.24184646e+07  5.75e+08 2.45e+00  1.01e+03    51s
   2   9.88954124e+08 -1.09624821e+07  3.74e+08 2.70e+00  6.49e+02    52s
   3   1.89677355e+08 -4.35259084e+06  7.29e+07 1.46e-01  1.27e+02    52s
   4   1.14085752e+08 -2.93699841e+06  4.43e+07 1.19e-01  7.65e+01    53s
   5   5.53242857e+07 -1.92008362e+06  2.17e+07 7.62e-02  3.76e+01    53s
   6   2.57885439e+07 -1.28157737e+06  1.03e+07 5.95e-02  1.79e+01    54s
   7   1.16109035e+07 -1.44896133e+06  4.57e+06 3.54e-02  8.20e+00    54s
   8   6.82637964e+06 -1.07542015e+06  2.69e+06 1.95e-02  4.92e+00    54s

Barrier performed 8 iterations in 54.18 seconds (131.18 work units)
Barrier solve interrupted - model solved by another algorithm

Concurrent spin time: 1.03s (can be avoided by choosing Method=3)

Solved with primal simplex

Root simplex log...

Iteration    Objective       Primal Inf.    Dual Inf.      Time
   32440    3.3542587e+02   0.000000e+00   0.000000e+00     54s

Root relaxation: objective 3.354259e+02, 32440 iterations, 5.43 seconds (6.58 work units)

    Nodes    |    Current Node    |     Objective Bounds      |     Work
 Expl Unexpl |  Obj  Depth IntInf | Incumbent    BestBd   Gap | It/Node Time

     0     0  335.42587    0   12  335.63649  335.42587  0.06%     -   54s
H    0     0                     335.6323305  335.42587  0.06%     -   55s
H    0     0                     335.6231167  335.42587  0.06%     -   55s
H    0     0                     335.6210361  335.42587  0.06%     -   55s
H    0     0                     335.4935278  335.42587  0.02%     -   55s
H    0     0                     335.4929333  335.42587  0.02%     -   56s
     0     0  335.43020    0   19  335.49293  335.43020  0.02%     -   58s
     0     0  335.43020    0    3  335.49293  335.43020  0.02%     -   60s
     0     0     cutoff    0       335.49293  335.49293  0.00%     -   60s

Cutting planes:
  Gomory: 3
  Cover: 3
  MIR: 1

Explored 1 nodes (32773 simplex iterations) in 60.53 seconds (136.45 work units)
Thread count was 28 (of 28 available processors)

Solution count 8: 335.493 335.493 335.494 ... 335.636

Optimal solution found (tolerance 1.00e-09)
Best objective 3.354929333266e+02, best bound 3.354929333266e+02, gap 0.0000%
pareto-map: box [11189.0400,11238.0400] (f2, f2<=335.7)  → new point f1=11213.0400 f2=335.493
Set parameter OutputFlag to value 1
Set parameter TimeLimit to value 200
Gurobi Optimizer version 13.0.1 build v13.0.1rc0 (linux64 - "CachyOS")

CPU model: Intel(R) Core(TM) i7-14700KF, instruction set [SSE2|AVX|AVX2]
Thread count: 28 physical cores, 28 logical processors, using up to 28 threads

Non-default parameters:
TimeLimit  200
IntFeasTol  1e-09
MIPGap  1e-09

Academic license 2669763 - for non-commercial use only - registered to bg___@id.uff.br
Optimize a model with 9376 rows, 7653711 columns and 36925802 nonzeros (Min)
Model fingerprint: 0x39319b3e
Model has 6327720 linear objective coefficients
Variable types: 0 continuous, 7653711 integer (7645330 binary)
Coefficient statistics:
  Matrix range     [1e-02, 3e+02]
  Objective range  [1e-02, 1e+02]
  Bounds range     [1e+00, 1e+00]
  RHS range        [1e+00, 1e+09]

Presolve removed 52 rows and 20758 columns (presolve time = 5s)...
Presolve removed 137 rows and 20929 columns (presolve time = 10s)...
Presolve removed 137 rows and 29835 columns (presolve time = 15s)...
Presolve removed 137 rows and 29835 columns (presolve time = 20s)...
Presolve removed 137 rows and 29835 columns (presolve time = 25s)...
Presolve removed 137 rows and 29835 columns (presolve time = 30s)...
Presolve removed 137 rows and 29835 columns
Presolve time: 31.70s
Presolved: 9239 rows, 7623876 columns, 30455992 nonzeros
Variable types: 0 continuous, 7623876 integer (7615633 binary)
Found heuristic solution: objective 361.9629500
Deterministic concurrent LP optimizer: primal simplex, dual simplex, and barrier
Showing barrier log only...

Root barrier log...

Ordering time: 0.51s

Barrier statistics:
 AA' NZ     : 8.221e+06
 Factor NZ  : 4.087e+07 (roughly 3.4 GB of memory)
 Factor Ops : 2.440e+11 (less than 1 second per iteration)
 Threads    : 26

                  Objective                Residual
Iter       Primal          Dual         Primal    Dual     Compl     Time
   0   9.97948296e+10 -4.82898952e+08  6.96e+10 0.00e+00  2.99e+04    60s
   1   5.37861286e+10 -3.59552337e+08  3.75e+10 1.81e+00  1.62e+04    61s
   2   3.68926175e+10 -3.05495827e+08  2.57e+10 8.73e-01  1.13e+04    65s
   3   5.27665564e+09 -1.10916142e+08  3.70e+09 1.19e-01  1.66e+03    68s
   4   2.21277896e+09 -5.90246922e+07  1.55e+09 4.19e-02  7.05e+02    70s
   5   5.91683494e+08 -4.63070781e+07  4.17e+08 2.42e-02  1.92e+02    72s

Barrier performed 5 iterations in 71.94 seconds (179.70 work units)
Barrier solve interrupted - model solved by another algorithm

Concurrent spin time: 4.87s (can be avoided by choosing Method=3)

Solved with primal simplex

Root simplex log...

Iteration    Objective       Primal Inf.    Dual Inf.      Time
   65655    1.0404334e+02   0.000000e+00   0.000000e+00     72s

Root relaxation: objective 1.040433e+02, 65655 iterations, 23.37 seconds (26.18 work units)

    Nodes    |    Current Node    |     Objective Bounds      |     Work
 Expl Unexpl |  Obj  Depth IntInf | Incumbent    BestBd   Gap | It/Node Time

     0     0  104.04334    0   10  361.96295  104.04334  71.3%     -   73s
H    0     0                     104.4748806  104.04334  0.41%     -   80s
H    0     0                     104.3045722  104.04334  0.25%     -   81s
H    0     0                     104.3004083  104.04334  0.25%     -   81s
H    0     0                     104.2460667  104.04334  0.19%     -   82s
H    0     0                     104.0670917  104.04334  0.02%     -   83s
H    0     0                     104.0602556  104.04334  0.02%     -   84s
     0     0  104.04334    0  150  104.06026  104.04334  0.02%     -  102s
     0     0  104.04334    0    4  104.06026  104.04334  0.02%     -  106s
     0     0     cutoff    0       104.06026  104.06026  0.00%     -  106s

Cutting planes:
  Gomory: 4
  Cover: 4
  MIR: 5
  StrongCG: 3
  GUB cover: 1
  Mod-K: 1

Explored 1 nodes (70251 simplex iterations) in 107.35 seconds (214.40 work units)
Thread count was 28 (of 28 available processors)

Solution count 8: 104.06 104.06 104.067 ... 361.963

Optimal solution found (tolerance 1.00e-09)
Best objective 1.040602555729e+02, best bound 1.040602555729e+02, gap 0.0000%
Set parameter Seed to value 0
Gurobi Optimizer version 13.0.1 build v13.0.1rc0 (linux64 - "CachyOS")

CPU model: Intel(R) Core(TM) i7-14700KF, instruction set [SSE2|AVX|AVX2]
Thread count: 28 physical cores, 28 logical processors, using up to 28 threads

Non-default parameters:
TimeLimit  200
IntFeasTol  1e-09
MIPGap  1e-09

Academic license 2669763 - for non-commercial use only - registered to bg___@id.uff.br
Optimize a model with 9377 rows, 7653711 columns and 43253522 nonzeros (Min)
Model fingerprint: 0x87e2e2c4
Model has 7645330 linear objective coefficients
Variable types: 0 continuous, 7653711 integer (7645330 binary)
Coefficient statistics:
  Matrix range     [1e-02, 3e+02]
  Objective range  [1e+00, 3e+02]
  Bounds range     [1e+00, 1e+00]
  RHS range        [1e+00, 1e+09]

Loaded MIP start from previous solve with objective 13547

Presolve removed 52 rows and 23527 columns (presolve time = 5s)...
Presolve removed 137 rows and 23612 columns (presolve time = 10s)...
Presolve removed 137 rows and 24380 columns (presolve time = 15s)...
Presolve removed 137 rows and 24380 columns (presolve time = 20s)...
Presolve removed 137 rows and 24380 columns (presolve time = 26s)...
Presolve removed 137 rows and 24380 columns (presolve time = 30s)...
Presolve removed 137 rows and 24380 columns (presolve time = 40s)...
Presolve removed 137 rows and 24380 columns (presolve time = 48s)...
Presolve removed 137 rows and 24380 columns
Presolve time: 49.60s
Presolved: 9240 rows, 7629331 columns, 36783415 nonzeros
Variable types: 0 continuous, 7629331 integer (7621088 binary)
Deterministic concurrent LP optimizer: primal simplex, dual simplex, and barrier
Showing barrier log only...

Root barrier log...

Ordering time: 0.50s

Barrier statistics:
 AA' NZ     : 8.224e+06
 Factor NZ  : 4.088e+07 (roughly 3.4 GB of memory)
 Factor Ops : 2.441e+11 (less than 1 second per iteration)
 Threads    : 26

                  Objective                Residual
Iter       Primal          Dual         Primal    Dual     Compl     Time
   0   1.26835786e+12 -1.64770959e+09  6.77e+10 0.00e+00  1.26e+05    65s
   1   6.32646002e+11 -1.06329605e+09  3.38e+10 3.83e+00  6.30e+04    67s
   2   1.38286327e+11 -3.12824958e+08  7.38e+09 1.83e-12  1.39e+04    70s

Barrier performed 2 iterations in 69.83 seconds (858.07 work units)
Barrier solve interrupted - model solved by another algorithm

Concurrent spin time: 3.58s (can be avoided by choosing Method=3)

Solved with dual simplex

Root simplex log...

Iteration    Objective       Primal Inf.    Dual Inf.      Time
   11932    1.3546764e+04   0.000000e+00   0.000000e+00     71s

Root relaxation: objective 1.354676e+04, 11932 iterations, 18.95 seconds (29.53 work units)

    Nodes    |    Current Node    |     Objective Bounds      |     Work
 Expl Unexpl |  Obj  Depth IntInf | Incumbent    BestBd   Gap | It/Node Time

     0     0 13546.7640    0   12 13547.0400 13546.7640  0.00%     -   72s
     0     0 13546.7830    0   16 13547.0400 13546.7830  0.00%     -   90s
     0     0 13546.7830    0    7 13547.0400 13546.7830  0.00%     -   95s
     0     0 13546.7858    0   23 13547.0400 13546.7858  0.00%     -   95s
     0     0 13546.7873    0   38 13547.0400 13546.7873  0.00%     -   95s
     0     0 13546.7890    0   50 13547.0400 13546.7890  0.00%     -   95s
     0     0 13546.7894    0   50 13547.0400 13546.7894  0.00%     -   95s
     0     0 13546.7920    0   57 13547.0400 13546.7920  0.00%     -   95s
     0     0 13546.7928    0   57 13547.0400 13546.7928  0.00%     -   95s
     0     0 13546.7940    0   54 13547.0400 13546.7940  0.00%     -   95s
     0     0 13546.7940    0   54 13547.0400 13546.7940  0.00%     -   95s
     0     0 13546.7946    0   58 13547.0400 13546.7946  0.00%     -   95s
     0     0 13546.7946    0   58 13547.0400 13546.7946  0.00%     -   95s
     0     0 13546.7946    0   25 13547.0400 13546.7946  0.00%     -   95s
     0     2 13546.7973    0   25 13547.0400 13546.7973  0.00%     -   95s

Cutting planes:
  Cover: 19
  MIR: 9
  StrongCG: 7

Explored 166 nodes (25771 simplex iterations) in 95.64 seconds (881.03 work units)
Thread count was 28 (of 28 available processors)

Solution count 2: 13547 13547 

Optimal solution found (tolerance 1.00e-09)
Best objective 1.354703999976e+04, best bound 1.354703999976e+04, gap 0.0000%
pareto-map: box [13484.0400,13611.0400] (f1, f1<=13547)  → new point f1=13547.0400 f2=104.06
Set parameter OutputFlag to value 1
Set parameter TimeLimit to value 200
Gurobi Optimizer version 13.0.1 build v13.0.1rc0 (linux64 - "CachyOS")

CPU model: Intel(R) Core(TM) i7-14700KF, instruction set [SSE2|AVX|AVX2]
Thread count: 28 physical cores, 28 logical processors, using up to 28 threads

Non-default parameters:
TimeLimit  200
IntFeasTol  1e-09
MIPGap  1e-09

Academic license 2669763 - for non-commercial use only - registered to bg___@id.uff.br
Optimize a model with 9376 rows, 7653711 columns and 35608192 nonzeros (Min)
Model fingerprint: 0xa5dc8172
Model has 7645330 linear objective coefficients
Variable types: 0 continuous, 7653711 integer (7645330 binary)
Coefficient statistics:
  Matrix range     [1e-02, 1e+02]
  Objective range  [1e+00, 3e+02]
  Bounds range     [1e+00, 1e+00]
  RHS range        [1e+00, 1e+09]

Presolve removed 52 rows and 20749 columns (presolve time = 5s)...
Presolve removed 137 rows and 20834 columns (presolve time = 10s)...
Presolve removed 137 rows and 25190 columns (presolve time = 15s)...
Presolve removed 137 rows and 25190 columns (presolve time = 20s)...
Presolve removed 137 rows and 25190 columns (presolve time = 25s)...
Presolve removed 137 rows and 25190 columns (presolve time = 31s)...
Presolve removed 137 rows and 25190 columns
Presolve time: 31.26s
Presolved: 9239 rows, 7628521 columns, 29190794 nonzeros
Variable types: 0 continuous, 7628521 integer (7620278 binary)
Deterministic concurrent LP optimizer: primal simplex, dual simplex, and barrier
Showing barrier log only...

Root barrier log...

Ordering time: 0.49s

Barrier statistics:
 AA' NZ     : 8.220e+06
 Factor NZ  : 4.087e+07 (roughly 3.4 GB of memory)
 Factor Ops : 2.440e+11 (less than 1 second per iteration)
 Threads    : 26

                  Objective                Residual
Iter       Primal          Dual         Primal    Dual     Compl     Time
   0   1.85519239e+13 -8.86854395e+09  2.40e+10 0.00e+00  1.52e+06    66s
   1   8.73035724e+12 -7.60191046e+09  1.18e+10 9.48e+01  7.60e+05    68s
   2   1.79321604e+12 -2.97731992e+09  2.58e+09 5.64e-11  1.71e+05    70s

Barrier performed 2 iterations in 69.94 seconds (169.39 work units)
Barrier solve interrupted - model solved by another algorithm

Concurrent spin time: 2.98s (can be avoided by choosing Method=3)

Solved with dual simplex

Root simplex log...

Iteration    Objective       Primal Inf.    Dual Inf.      Time
   13840    1.1331377e+04   0.000000e+00   0.000000e+00     70s

Root relaxation: objective 1.133138e+04, 13840 iterations, 15.25 seconds (19.15 work units)
Total elapsed time = 70.19s (DegenMoves)

    Nodes    |    Current Node    |     Objective Bounds      |     Work
 Expl Unexpl |  Obj  Depth IntInf | Incumbent    BestBd   Gap | It/Node Time

     0     0 11331.3772    0   20          - 11331.3772      -     -   71s
H    0     0                    11609.040000 11331.3772  2.39%     -   88s
H    0     0                    11342.040000 11331.3772  0.09%     -   90s
H    0     0                    11338.040000 11331.3772  0.06%     -   92s
H    0     0                    11332.040000 11331.3772  0.01%     -   93s
     0     0 11331.3921    0   18 11332.0400 11331.3921  0.01%     -  104s
     0     0 11331.3921    0    8 11332.0400 11331.3921  0.01%     -  108s
     0     0 11331.3921    0    5 11332.0400 11331.3921  0.01%     -  108s
     0     0 11331.3983    0   13 11332.0400 11331.3983  0.01%     -  108s
     0     0 11331.4034    0   16 11332.0400 11331.4034  0.01%     -  108s
     0     0 11331.4044    0   18 11332.0400 11331.4044  0.01%     -  108s
     0     0 11331.4062    0   17 11332.0400 11331.4062  0.01%     -  108s
     0     0 11331.4066    0   16 11332.0400 11331.4066  0.01%     -  108s
     0     0 11331.4294    0   20 11332.0400 11331.4294  0.01%     -  108s
     0     0 11331.4442    0   22 11332.0400 11331.4442  0.01%     -  108s
     0     0 11331.4442    0   22 11332.0400 11331.4442  0.01%     -  108s
     0     0 11331.4442    0   22 11332.0400 11331.4442  0.01%     -  108s
     0     0 11331.4442    0   20 11332.0400 11331.4442  0.01%     -  108s
     0     2 11331.4442    0   19 11332.0400 11331.4442  0.01%     -  108s

Cutting planes:
  Lift-and-project: 1
  Cover: 38
  MIR: 5
  StrongCG: 4
  Inf proof: 1

Explored 5735 nodes (31868 simplex iterations) in 108.69 seconds (199.54 work units)
Thread count was 28 (of 28 available processors)

Solution count 6: 11332 11332 11338 ... 11609

Optimal solution found (tolerance 1.00e-09)
Best objective 1.133203999976e+04, best bound 1.133203999976e+04, gap 0.0000%
Set parameter Seed to value 0
Gurobi Optimizer version 13.0.1 build v13.0.1rc0 (linux64 - "CachyOS")

CPU model: Intel(R) Core(TM) i7-14700KF, instruction set [SSE2|AVX|AVX2]
Thread count: 28 physical cores, 28 logical processors, using up to 28 threads

Non-default parameters:
TimeLimit  200
IntFeasTol  1e-09
MIPGap  1e-09

Academic license 2669763 - for non-commercial use only - registered to bg___@id.uff.br
Optimize a model with 9377 rows, 7653711 columns and 43253522 nonzeros (Min)
Model fingerprint: 0x6266d532
Model has 6327720 linear objective coefficients
Variable types: 0 continuous, 7653711 integer (7645330 binary)
Coefficient statistics:
  Matrix range     [1e-02, 3e+02]
  Objective range  [1e-02, 1e+02]
  Bounds range     [1e+00, 1e+00]
  RHS range        [1e+00, 1e+09]

Loaded MIP start from previous solve with objective 300.993

Presolve removed 52 rows and 20749 columns (presolve time = 5s)...
Presolve removed 2897 rows and 2594582 columns (presolve time = 10s)...
Presolve removed 2897 rows and 2595057 columns (presolve time = 15s)...
Presolve removed 2897 rows and 2595057 columns (presolve time = 20s)...
Presolve removed 2897 rows and 2595057 columns (presolve time = 25s)...
Presolve removed 2897 rows and 2595057 columns
Presolve time: 25.96s
Presolved: 6480 rows, 5058654 columns, 24391361 nonzeros
Variable types: 0 continuous, 5058654 integer (5053171 binary)
Deterministic concurrent LP optimizer: primal simplex, dual simplex, and barrier
Showing barrier log only...

Root barrier log...

Ordering time: 0.26s

Barrier statistics:
 AA' NZ     : 5.331e+06
 Factor NZ  : 1.894e+07 (roughly 2.0 GB of memory)
 Factor Ops : 7.619e+10 (less than 1 second per iteration)
 Threads    : 26

                  Objective                Residual
Iter       Primal          Dual         Primal    Dual     Compl     Time
   0   5.79003955e+10 -1.12076559e+08  3.83e+10 4.44e-16  1.63e+04    35s
   1   3.62404059e+10 -8.68933442e+07  2.40e+10 1.24e+00  1.02e+04    36s
   2   2.33084221e+10 -7.92883046e+07  1.54e+10 1.00e+00  6.59e+03    38s
   3   3.80590791e+09 -2.63530626e+07  2.53e+09 2.20e-13  1.10e+03    39s
   4   1.31499760e+09 -1.48496136e+07  8.77e+08 2.20e-13  3.82e+02    40s

Barrier performed 4 iterations in 39.82 seconds (151.40 work units)
Barrier solve interrupted - model solved by another algorithm

Concurrent spin time: 1.75s (can be avoided by choosing Method=3)

Solved with primal simplex

Root simplex log...

Iteration    Objective       Primal Inf.    Dual Inf.      Time
   21873    3.0088219e+02   0.000000e+00   0.000000e+00     40s

Root relaxation: objective 3.008822e+02, 21873 iterations, 12.21 seconds (17.46 work units)
Total elapsed time = 40.07s (DegenMoves)

    Nodes    |    Current Node    |     Objective Bounds      |     Work
 Expl Unexpl |  Obj  Depth IntInf | Incumbent    BestBd   Gap | It/Node Time

     0     0  300.88219    0   20  300.99316  300.88219  0.04%     -   41s
H    0     0                     300.9702750  300.88219  0.03%     -   43s
H    0     0                     300.9102361  300.88219  0.01%     -   43s
     0     0  300.88536    0   23  300.91024  300.88536  0.01%     -   54s
     0     0  300.88536    0    4  300.91024  300.88536  0.01%     -   57s
     0     0  300.89062    0   11  300.91024  300.89062  0.01%     -   57s
H    0     0                     300.8941861  300.89092  0.00%     -   57s
H    0     0                     300.8909167  300.89092  0.00%     -   57s

Cutting planes:
  Gomory: 2
  Zero half: 1

Explored 1 nodes (22513 simplex iterations) in 57.52 seconds (170.18 work units)
Thread count was 28 (of 28 available processors)

Solution count 6: 300.891 300.894 300.91 ... 300.993

Optimal solution found (tolerance 1.00e-09)
Best objective 3.008909166769e+02, best bound 3.008909166769e+02, gap 0.0000%
pareto-map: box [11298.0400,11367.0400] (f2, f2<=301)  → new point f1=11332.0400 f2=300.891
Set parameter OutputFlag to value 1
Set parameter TimeLimit to value 200
Gurobi Optimizer version 13.0.1 build v13.0.1rc0 (linux64 - "CachyOS")

CPU model: Intel(R) Core(TM) i7-14700KF, instruction set [SSE2|AVX|AVX2]
Thread count: 28 physical cores, 28 logical processors, using up to 28 threads

Non-default parameters:
TimeLimit  200
IntFeasTol  1e-09
MIPGap  1e-09

Academic license 2669763 - for non-commercial use only - registered to bg___@id.uff.br
Optimize a model with 9376 rows, 7653711 columns and 36925802 nonzeros (Min)
Model fingerprint: 0xe1ff58cd
Model has 6327720 linear objective coefficients
Variable types: 0 continuous, 7653711 integer (7645330 binary)
Coefficient statistics:
  Matrix range     [1e-02, 3e+02]
  Objective range  [1e-02, 1e+02]
  Bounds range     [1e+00, 1e+00]
  RHS range        [1e+00, 1e+09]

Presolve removed 52 rows and 20758 columns (presolve time = 5s)...
Presolve removed 137 rows and 20929 columns (presolve time = 10s)...
Presolve removed 137 rows and 29835 columns (presolve time = 15s)...
Presolve removed 137 rows and 29835 columns (presolve time = 20s)...
Presolve removed 137 rows and 29835 columns (presolve time = 25s)...
Presolve removed 137 rows and 29835 columns (presolve time = 30s)...
Presolve removed 137 rows and 29835 columns
Presolve time: 30.97s
Presolved: 9239 rows, 7623876 columns, 30455992 nonzeros
Variable types: 0 continuous, 7623876 integer (7615633 binary)
Found heuristic solution: objective 361.9629500
Deterministic concurrent LP optimizer: primal simplex, dual simplex, and barrier
Showing barrier log only...

Root barrier log...

Ordering time: 0.52s

Barrier statistics:
 AA' NZ     : 8.221e+06
 Factor NZ  : 4.087e+07 (roughly 3.4 GB of memory)
 Factor Ops : 2.440e+11 (less than 1 second per iteration)
 Threads    : 26

                  Objective                Residual
Iter       Primal          Dual         Primal    Dual     Compl     Time
   0   9.97948289e+10 -4.82898952e+08  6.96e+10 0.00e+00  2.99e+04    58s
   1   5.37847563e+10 -3.59545299e+08  3.75e+10 1.81e+00  1.62e+04    60s
   2   3.68927743e+10 -3.05487032e+08  2.57e+10 8.73e-01  1.13e+04    63s
   3   5.27933002e+09 -1.10929832e+08  3.70e+09 1.19e-01  1.66e+03    66s
   4   2.21362893e+09 -5.90155043e+07  1.55e+09 4.20e-02  7.05e+02    68s

Barrier performed 4 iterations in 68.08 seconds (178.27 work units)
Barrier solve interrupted - model solved by another algorithm

Concurrent spin time: 2.37s (can be avoided by choosing Method=3)

Solved with primal simplex

Root simplex log...

Iteration    Objective       Primal Inf.    Dual Inf.      Time
   59896    8.8691836e+01   0.000000e+00   0.000000e+00     68s

Root relaxation: objective 8.869184e+01, 59896 iterations, 20.30 seconds (24.37 work units)

    Nodes    |    Current Node    |     Objective Bounds      |     Work
 Expl Unexpl |  Obj  Depth IntInf | Incumbent    BestBd   Gap | It/Node Time

     0     0   88.69184    0   10  361.96295   88.69184  75.5%     -   71s
H    0     0                      88.9893056   88.69184  0.33%     -   74s
H    0     0                      88.8204834   88.69184  0.14%     -   76s
H    0     0                      88.8082972   88.69184  0.13%     -   77s
H    0     0                      88.7491500   88.69184  0.06%     -   78s
H    0     0                      88.7167528   88.69184  0.03%     -   79s
H    0     0                      88.7140778   88.69184  0.03%     -   79s
H    0     0                      88.7111056   88.69184  0.02%     -   80s
H    0     0                      88.6995139   88.69184  0.01%     -   80s
     0     0   88.69184    0  200   88.69951   88.69184  0.01%     -   95s
     0     0   88.69184    0    8   88.69951   88.69184  0.01%     -  100s
*    0     0               0      88.6983250   88.69833  0.00%     -  100s

Cutting planes:
  Gomory: 1
  GUB cover: 1
  Zero half: 1
  RLT: 1

Explored 1 nodes (62950 simplex iterations) in 100.65 seconds (212.27 work units)
Thread count was 28 (of 28 available processors)

Solution count 10: 88.6983 88.6995 88.6995 ... 88.9893

Optimal solution found (tolerance 1.00e-09)
Best objective 8.869832502212e+01, best bound 8.869832502212e+01, gap 0.0000%
Set parameter Seed to value 0
Gurobi Optimizer version 13.0.1 build v13.0.1rc0 (linux64 - "CachyOS")

CPU model: Intel(R) Core(TM) i7-14700KF, instruction set [SSE2|AVX|AVX2]
Thread count: 28 physical cores, 28 logical processors, using up to 28 threads

Non-default parameters:
TimeLimit  200
IntFeasTol  1e-09
MIPGap  1e-09

Academic license 2669763 - for non-commercial use only - registered to bg___@id.uff.br
Optimize a model with 9377 rows, 7653711 columns and 43253522 nonzeros (Min)
Model fingerprint: 0xd08773f0
Model has 7645330 linear objective coefficients
Variable types: 0 continuous, 7653711 integer (7645330 binary)
Coefficient statistics:
  Matrix range     [1e-02, 3e+02]
  Objective range  [1e+00, 3e+02]
  Bounds range     [1e+00, 1e+00]
  RHS range        [1e+00, 1e+09]

Loaded MIP start from previous solve with objective 13800

Presolve removed 52 rows and 33307 columns (presolve time = 5s)...
Presolve removed 137 rows and 33392 columns (presolve time = 10s)...
Presolve removed 137 rows and 34160 columns (presolve time = 15s)...
Presolve removed 137 rows and 34160 columns (presolve time = 20s)...
Presolve removed 137 rows and 34160 columns (presolve time = 26s)...
Presolve removed 137 rows and 34160 columns (presolve time = 30s)...
Presolve removed 137 rows and 34160 columns (presolve time = 41s)...
Presolve removed 137 rows and 34160 columns (presolve time = 46s)...
Presolve removed 137 rows and 34160 columns (presolve time = 52s)...
Presolve removed 137 rows and 34160 columns (presolve time = 61s)...
Presolve removed 137 rows and 34160 columns
Presolve time: 62.69s
Presolved: 9240 rows, 7619551 columns, 36734560 nonzeros
Variable types: 0 continuous, 7619551 integer (7611308 binary)
Deterministic concurrent LP optimizer: primal simplex, dual simplex, and barrier
Showing barrier log only...

Root barrier log...

Ordering time: 0.45s

Barrier statistics:
 AA' NZ     : 8.208e+06
 Factor NZ  : 4.088e+07 (roughly 3.4 GB of memory)
 Factor Ops : 2.441e+11 (less than 1 second per iteration)
 Threads    : 26

                  Objective                Residual
Iter       Primal          Dual         Primal    Dual     Compl     Time
   0   1.26847872e+12 -1.64671242e+09  6.78e+10 0.00e+00  1.27e+05    79s
   1   6.53211210e+11 -1.06421298e+09  3.49e+10 3.82e+00  6.52e+04    81s

Barrier performed 1 iterations in 80.74 seconds (1460.60 work units)
Barrier solve interrupted - model solved by another algorithm

Concurrent spin time: 2.32s (can be avoided by choosing Method=3)

Solved with dual simplex

Root simplex log...

Iteration    Objective       Primal Inf.    Dual Inf.      Time
   13672    1.3799929e+04   0.000000e+00   0.000000e+00     82s

Root relaxation: objective 1.379993e+04, 13672 iterations, 16.78 seconds (28.88 work units)

    Nodes    |    Current Node    |     Objective Bounds      |     Work
 Expl Unexpl |  Obj  Depth IntInf | Incumbent    BestBd   Gap | It/Node Time

     0     0 13799.9292    0   10 13800.0400 13799.9292  0.00%     -   83s
     0     0 13799.9408    0   14 13800.0400 13799.9408  0.00%     -  101s
     0     0 13799.9408    0    2 13800.0400 13799.9408  0.00%     -  106s
     0     0 13799.9408    0   22 13800.0400 13799.9408  0.00%     -  106s
     0     0 13799.9408    0   16 13800.0400 13799.9408  0.00%     -  106s
     0     0 13799.9437    0   34 13800.0400 13799.9437  0.00%     -  106s
     0     0 13799.9442    0   38 13800.0400 13799.9442  0.00%     -  106s
     0     0 13799.9511    0   34 13800.0400 13799.9511  0.00%     -  106s
     0     0 13799.9521    0   34 13800.0400 13799.9521  0.00%     -  106s
     0     0 13799.9521    0   35 13800.0400 13799.9521  0.00%     -  106s
     0     0 13799.9521    0   35 13800.0400 13799.9521  0.00%     -  106s
     0     0 13799.9567    0   41 13800.0400 13799.9567  0.00%     -  106s
     0     0 13799.9567    0   41 13800.0400 13799.9567  0.00%     -  106s
     0     0 13799.9567    0   23 13800.0400 13799.9567  0.00%     -  106s
     0     2 13799.9567    0   22 13800.0400 13799.9567  0.00%     -  106s

Cutting planes:
  Cover: 3
  MIR: 2
  StrongCG: 2

Explored 31 nodes (25910 simplex iterations) in 106.83 seconds (1487.11 work units)
Thread count was 28 (of 28 available processors)

Solution count 2: 13800 13800 

Optimal solution found (tolerance 1.00e-09)
Best objective 1.380003999976e+04, best bound 1.380003999976e+04, gap 0.0000%
pareto-map: box [13737.0400,13864.0400] (f1, f1<=13800)  → new point f1=13800.0400 f2=88.6983
Set parameter OutputFlag to value 1
Set parameter TimeLimit to value 200
Gurobi Optimizer version 13.0.1 build v13.0.1rc0 (linux64 - "CachyOS")

CPU model: Intel(R) Core(TM) i7-14700KF, instruction set [SSE2|AVX|AVX2]
Thread count: 28 physical cores, 28 logical processors, using up to 28 threads

Non-default parameters:
TimeLimit  200
IntFeasTol  1e-09
MIPGap  1e-09

Academic license 2669763 - for non-commercial use only - registered to bg___@id.uff.br
Optimize a model with 9376 rows, 7653711 columns and 35608192 nonzeros (Min)
Model fingerprint: 0x80444037
Model has 7645330 linear objective coefficients
Variable types: 0 continuous, 7653711 integer (7645330 binary)
Coefficient statistics:
  Matrix range     [1e-02, 1e+02]
  Objective range  [1e+00, 3e+02]
  Bounds range     [1e+00, 1e+00]
  RHS range        [1e+00, 1e+09]

Presolve removed 137 rows and 20834 columns (presolve time = 5s)...
Presolve removed 137 rows and 20834 columns (presolve time = 10s)...
Presolve removed 137 rows and 25190 columns (presolve time = 15s)...
Presolve removed 137 rows and 25190 columns (presolve time = 20s)...
Presolve removed 137 rows and 25190 columns (presolve time = 25s)...
Presolve removed 137 rows and 25190 columns
Presolve time: 29.54s
Presolved: 9239 rows, 7628521 columns, 29190794 nonzeros
Variable types: 0 continuous, 7628521 integer (7620278 binary)
Deterministic concurrent LP optimizer: primal simplex, dual simplex, and barrier
Showing barrier log only...

Root barrier log...

Ordering time: 0.48s

Barrier statistics:
 AA' NZ     : 8.220e+06
 Factor NZ  : 4.087e+07 (roughly 3.4 GB of memory)
 Factor Ops : 2.440e+11 (less than 1 second per iteration)
 Threads    : 26

                  Objective                Residual
Iter       Primal          Dual         Primal    Dual     Compl     Time
   0   1.85519225e+13 -8.86854395e+09  2.40e+10 0.00e+00  1.52e+06    64s
   1   8.73003429e+12 -7.60237606e+09  1.18e+10 9.48e+01  7.60e+05    66s
   2   1.79336251e+12 -2.97697399e+09  2.58e+09 1.36e-10  1.71e+05    69s

Barrier performed 2 iterations in 68.65 seconds (169.54 work units)
Barrier solve interrupted - model solved by another algorithm

Concurrent spin time: 1.57s (can be avoided by choosing Method=3)

Solved with dual simplex

Root simplex log...

Iteration    Objective       Primal Inf.    Dual Inf.      Time
   13309    1.1159333e+04   0.000000e+00   0.000000e+00     69s

Root relaxation: objective 1.115933e+04, 13309 iterations, 15.68 seconds (20.03 work units)

    Nodes    |    Current Node    |     Objective Bounds      |     Work
 Expl Unexpl |  Obj  Depth IntInf | Incumbent    BestBd   Gap | It/Node Time

     0     0 11159.3327    0   10          - 11159.3327      -     -   70s
H    0     0                    11163.040000 11159.3327  0.03%     -   84s
H    0     0                    11160.040000 11159.3327  0.01%     -   88s
     0     0 11159.3339    0    8 11160.0400 11159.3339  0.01%     -  102s
     0     0 11159.3339    0    4 11160.0400 11159.3339  0.01%     -  106s
     0     0     cutoff    0      11160.0400 11160.0400  0.00%     -  106s

Cutting planes:
  Gomory: 2
  Cover: 1
  MIR: 1

Explored 1 nodes (13580 simplex iterations) in 106.85 seconds (198.72 work units)
Thread count was 28 (of 28 available processors)

Solution count 4: 11160 11160 11163 11163 

Optimal solution found (tolerance 1.00e-09)
Best objective 1.116003999976e+04, best bound 1.116003999976e+04, gap 0.0000%
Set parameter Seed to value 0
Gurobi Optimizer version 13.0.1 build v13.0.1rc0 (linux64 - "CachyOS")

CPU model: Intel(R) Core(TM) i7-14700KF, instruction set [SSE2|AVX|AVX2]
Thread count: 28 physical cores, 28 logical processors, using up to 28 threads

Non-default parameters:
TimeLimit  200
IntFeasTol  1e-09
MIPGap  1e-09

Academic license 2669763 - for non-commercial use only - registered to bg___@id.uff.br
Optimize a model with 9377 rows, 7653711 columns and 43253522 nonzeros (Min)
Model fingerprint: 0xcb47145b
Model has 6327720 linear objective coefficients
Variable types: 0 continuous, 7653711 integer (7645330 binary)
Coefficient statistics:
  Matrix range     [1e-02, 3e+02]
  Objective range  [1e-02, 1e+02]
  Bounds range     [1e+00, 1e+00]
  RHS range        [1e+00, 1e+09]

Loaded MIP start from previous solve with objective 357.09

Presolve removed 52 rows and 20749 columns (presolve time = 5s)...
Presolve removed 7885 rows and 7394405 columns
Presolve time: 9.23s
Presolved: 1492 rows, 259306 columns, 1234314 nonzeros
Variable types: 0 continuous, 259306 integer (258811 binary)
Performing another presolve...
Presolve removed 24 rows and 8899 columns
Presolve time: 3.45s
Deterministic concurrent LP optimizer: primal simplex, dual simplex, and barrier
Showing barrier log only...

Root barrier log...

Ordering time: 0.02s

Barrier statistics:
 AA' NZ     : 3.161e+05
 Factor NZ  : 5.938e+05 (roughly 100 MB of memory)
 Factor Ops : 2.804e+08 (less than 1 second per iteration)
 Threads    : 26

                  Objective                Residual
Iter       Primal          Dual         Primal    Dual     Compl     Time
   0   2.14347123e+07 -6.79713009e+05  1.75e+06 0.00e+00  8.44e+01    14s
   1   5.39810501e+06 -1.61985509e+05  4.41e+05 6.59e-01  2.16e+01    14s
   2   9.24866525e+05 -1.40367824e+05  7.60e+04 8.76e-01  3.95e+00    14s
   3   3.79179315e+05 -6.51308782e+04  3.15e+04 4.63e-01  1.69e+00    14s
   4   1.11232694e+05 -1.37713917e+04  9.48e+03 6.88e-02  5.04e-01    14s
   5   3.20159730e+04 -7.94581177e+03  2.61e+03 2.81e-02  1.48e-01    14s
   6   1.55171253e+04 -5.83677835e+03  1.28e+03 1.42e-02  7.49e-02    14s

Barrier performed 6 iterations in 13.78 seconds (49.16 work units)
Barrier solve interrupted - model solved by another algorithm

Concurrent spin time: 0.19s (can be avoided by choosing Method=3)

Solved with primal simplex

Root simplex log...

Iteration    Objective       Primal Inf.    Dual Inf.      Time
   10822    3.5708964e+02   0.000000e+00   0.000000e+00     14s

Root relaxation: objective 3.570896e+02, 10822 iterations, 0.53 seconds (0.77 work units)

    Nodes    |    Current Node    |     Objective Bounds      |     Work
 Expl Unexpl |  Obj  Depth IntInf | Incumbent    BestBd   Gap | It/Node Time

     0     0 infeasible    0       357.08969  357.08969  0.00%     -   13s

Explored 1 nodes (10822 simplex iterations) in 14.23 seconds (49.21 work units)
Thread count was 28 (of 28 available processors)

Solution count 1: 357.09 

Optimal solution found (tolerance 1.00e-09)
Best objective 3.570896944573e+02, best bound 3.570896944573e+02, gap 0.0000%
pareto-map: box [11151.0400,11168.0400] (f2, f2<=357.5)  → new point f1=11160.0400 f2=357.09
Set parameter OutputFlag to value 1
Set parameter TimeLimit to value 200
Gurobi Optimizer version 13.0.1 build v13.0.1rc0 (linux64 - "CachyOS")

CPU model: Intel(R) Core(TM) i7-14700KF, instruction set [SSE2|AVX|AVX2]
Thread count: 28 physical cores, 28 logical processors, using up to 28 threads

Non-default parameters:
TimeLimit  200
IntFeasTol  1e-09
MIPGap  1e-09

Academic license 2669763 - for non-commercial use only - registered to bg___@id.uff.br
Optimize a model with 9376 rows, 7653711 columns and 36925802 nonzeros (Min)
Model fingerprint: 0x5b9039e9
Model has 6327720 linear objective coefficients
Variable types: 0 continuous, 7653711 integer (7645330 binary)
Coefficient statistics:
  Matrix range     [1e-02, 3e+02]
  Objective range  [1e-02, 1e+02]
  Bounds range     [1e+00, 1e+00]
  RHS range        [1e+00, 1e+09]

Presolve removed 52 rows and 20758 columns (presolve time = 5s)...
Presolve removed 137 rows and 20929 columns (presolve time = 10s)...
Presolve removed 137 rows and 29835 columns (presolve time = 15s)...
Presolve removed 137 rows and 29835 columns (presolve time = 20s)...
Presolve removed 137 rows and 29835 columns (presolve time = 25s)...
Presolve removed 137 rows and 29835 columns (presolve time = 30s)...
Presolve removed 137 rows and 29835 columns
Presolve time: 32.34s
Presolved: 9239 rows, 7623876 columns, 30455992 nonzeros
Variable types: 0 continuous, 7623876 integer (7615633 binary)
Found heuristic solution: objective 361.9629500
Deterministic concurrent LP optimizer: primal simplex, dual simplex, and barrier
Showing barrier log only...

Root barrier log...

Ordering time: 0.45s

Barrier statistics:
 AA' NZ     : 8.221e+06
 Factor NZ  : 4.087e+07 (roughly 3.4 GB of memory)
 Factor Ops : 2.440e+11 (less than 1 second per iteration)
 Threads    : 26

                  Objective                Residual
Iter       Primal          Dual         Primal    Dual     Compl     Time
   0   9.97948303e+10 -4.82898952e+08  6.96e+10 0.00e+00  2.99e+04    60s
   1   5.37877346e+10 -3.59560766e+08  3.75e+10 1.81e+00  1.62e+04    61s
   2   3.68922690e+10 -3.05506733e+08  2.57e+10 8.72e-01  1.13e+04    64s
   3   5.27701954e+09 -1.10921338e+08  3.70e+09 1.19e-01  1.66e+03    67s
   4   2.21308692e+09 -5.90232699e+07  1.55e+09 4.18e-02  7.05e+02    70s
   5   5.91704016e+08 -4.63040700e+07  4.17e+08 2.41e-02  1.92e+02    72s

Barrier performed 5 iterations in 72.13 seconds (179.71 work units)
Barrier solve interrupted - model solved by another algorithm

Concurrent spin time: 0.45s

Solved with primal simplex

Root simplex log...

Iteration    Objective       Primal Inf.    Dual Inf.      Time
   45758    1.1984870e+02   0.000000e+00   0.000000e+00     72s

Root relaxation: objective 1.198487e+02, 45758 iterations, 22.94 seconds (25.18 work units)

    Nodes    |    Current Node    |     Objective Bounds      |     Work
 Expl Unexpl |  Obj  Depth IntInf | Incumbent    BestBd   Gap | It/Node Time

*    0     0               0     119.8487000  119.84870  0.00%     -   72s

Explored 1 nodes (45758 simplex iterations) in 72.75 seconds (180.24 work units)
Thread count was 28 (of 28 available processors)

Solution count 2: 119.849 361.963 

Optimal solution found (tolerance 1.00e-09)
Best objective 1.198487000073e+02, best bound 1.198487000073e+02, gap 0.0000%
Set parameter Seed to value 0
Gurobi Optimizer version 13.0.1 build v13.0.1rc0 (linux64 - "CachyOS")

CPU model: Intel(R) Core(TM) i7-14700KF, instruction set [SSE2|AVX|AVX2]
Thread count: 28 physical cores, 28 logical processors, using up to 28 threads

Non-default parameters:
TimeLimit  200
IntFeasTol  1e-09
MIPGap  1e-09

Academic license 2669763 - for non-commercial use only - registered to bg___@id.uff.br
Optimize a model with 9377 rows, 7653711 columns and 43253522 nonzeros (Min)
Model fingerprint: 0xa222a6b5
Model has 7645330 linear objective coefficients
Variable types: 0 continuous, 7653711 integer (7645330 binary)
Coefficient statistics:
  Matrix range     [1e-02, 3e+02]
  Objective range  [1e+00, 3e+02]
  Bounds range     [1e+00, 1e+00]
  RHS range        [1e+00, 1e+09]

Loaded MIP start from previous solve with objective 13294

Presolve removed 52 rows and 20749 columns (presolve time = 5s)...
Presolve removed 137 rows and 20834 columns (presolve time = 10s)...
Presolve removed 137 rows and 21602 columns (presolve time = 15s)...
Presolve removed 137 rows and 21602 columns (presolve time = 20s)...
Presolve removed 137 rows and 21602 columns (presolve time = 25s)...
Presolve removed 137 rows and 21602 columns (presolve time = 30s)...
Presolve removed 137 rows and 21602 columns (presolve time = 41s)...
Presolve removed 137 rows and 21602 columns
Presolve time: 42.44s
Presolved: 9240 rows, 7632109 columns, 36797292 nonzeros
Variable types: 0 continuous, 7632109 integer (7623866 binary)
Deterministic concurrent LP optimizer: primal simplex, dual simplex, and barrier
Showing barrier log only...

Root barrier log...

Ordering time: 0.47s

Barrier statistics:
 AA' NZ     : 8.229e+06
 Factor NZ  : 4.088e+07 (roughly 3.4 GB of memory)
 Factor Ops : 2.441e+11 (less than 1 second per iteration)
 Threads    : 26

                  Objective                Residual
Iter       Primal          Dual         Primal    Dual     Compl     Time
   0   1.26922033e+12 -1.64797917e+09  6.78e+10 0.00e+00  1.26e+05    58s
   1   6.20290195e+11 -1.06310139e+09  3.31e+10 3.83e+00  6.18e+04    60s

Barrier performed 1 iterations in 59.94 seconds (511.85 work units)
Barrier solve interrupted - model solved by another algorithm

Concurrent spin time: 2.01s (can be avoided by choosing Method=3)

Solved with dual simplex

Root simplex log...

Iteration    Objective       Primal Inf.    Dual Inf.      Time
   13481    1.3294038e+04   0.000000e+00   0.000000e+00     61s

Root relaxation: objective 1.329404e+04, 13481 iterations, 16.45 seconds (28.57 work units)

    Nodes    |    Current Node    |     Objective Bounds      |     Work
 Expl Unexpl |  Obj  Depth IntInf | Incumbent    BestBd   Gap | It/Node Time

     0     0 13294.0384    0   12 13294.0400 13294.0384  0.00%     -   63s
     0     0     cutoff    0      13294.0400 13294.0400  0.00%     -   63s

Explored 1 nodes (15451 simplex iterations) in 63.81 seconds (517.48 work units)
Thread count was 28 (of 28 available processors)

Solution count 1: 13294 

Optimal solution found (tolerance 1.00e-09)
Best objective 1.329403999976e+04, best bound 1.329403999976e+04, gap 0.0000%
pareto-map: box [13231.0400,13358.0400] (f1, f1<=13294)  → new point f1=13294.0400 f2=119.849
Set parameter OutputFlag to value 1
Set parameter TimeLimit to value 200
Gurobi Optimizer version 13.0.1 build v13.0.1rc0 (linux64 - "CachyOS")

CPU model: Intel(R) Core(TM) i7-14700KF, instruction set [SSE2|AVX|AVX2]
Thread count: 28 physical cores, 28 logical processors, using up to 28 threads

Non-default parameters:
TimeLimit  200
IntFeasTol  1e-09
MIPGap  1e-09

Academic license 2669763 - for non-commercial use only - registered to bg___@id.uff.br
Optimize a model with 9376 rows, 7653711 columns and 35608192 nonzeros (Min)
Model fingerprint: 0x08054de2
Model has 7645330 linear objective coefficients
Variable types: 0 continuous, 7653711 integer (7645330 binary)
Coefficient statistics:
  Matrix range     [1e-02, 1e+02]
  Objective range  [1e+00, 3e+02]
  Bounds range     [1e+00, 1e+00]
  RHS range        [1e+00, 1e+09]

Presolve removed 52 rows and 20749 columns (presolve time = 5s)...
Presolve removed 137 rows and 20834 columns (presolve time = 10s)...
Presolve removed 137 rows and 25190 columns (presolve time = 15s)...
Presolve removed 137 rows and 25190 columns (presolve time = 20s)...
Presolve removed 137 rows and 25190 columns (presolve time = 25s)...
Presolve removed 137 rows and 25190 columns (presolve time = 31s)...
Presolve removed 137 rows and 25190 columns
Presolve time: 31.63s
Presolved: 9239 rows, 7628521 columns, 29190794 nonzeros
Variable types: 0 continuous, 7628521 integer (7620278 binary)
Deterministic concurrent LP optimizer: primal simplex, dual simplex, and barrier
Showing barrier log only...

Root barrier log...

Ordering time: 0.46s

Barrier statistics:
 AA' NZ     : 8.220e+06
 Factor NZ  : 4.087e+07 (roughly 3.4 GB of memory)
 Factor Ops : 2.440e+11 (less than 1 second per iteration)
 Threads    : 26

                  Objective                Residual
Iter       Primal          Dual         Primal    Dual     Compl     Time
   0   1.85519234e+13 -8.86854395e+09  2.40e+10 0.00e+00  1.52e+06    66s
   1   8.72847224e+12 -7.60124761e+09  1.18e+10 9.48e+01  7.60e+05    68s
   2   1.79273995e+12 -2.97645387e+09  2.57e+09 2.64e-11  1.71e+05    70s

Barrier performed 2 iterations in 70.25 seconds (169.22 work units)
Barrier solve interrupted - model solved by another algorithm

Concurrent spin time: 3.43s (can be avoided by choosing Method=3)

Solved with dual simplex

Root simplex log...

Iteration    Objective       Primal Inf.    Dual Inf.      Time
   11505    1.1252139e+04   0.000000e+00   0.000000e+00     70s

Root relaxation: objective 1.125214e+04, 11505 iterations, 15.07 seconds (18.99 work units)

    Nodes    |    Current Node    |     Objective Bounds      |     Work
 Expl Unexpl |  Obj  Depth IntInf | Incumbent    BestBd   Gap | It/Node Time

     0     0 11252.1393    0   16          - 11252.1393      -     -   71s
H    0     0                    11256.040000 11252.1393  0.03%     -   84s
H    0     0                    11254.040000 11252.1393  0.02%     -   87s
H    0     0                    11253.040000 11252.1393  0.01%     -   88s
     0     0 11252.1553    0   20 11253.0400 11252.1553  0.01%     -  103s
     0     0 11252.1553    0    5 11253.0400 11252.1553  0.01%     -  107s
     0     0 11252.1785    0    6 11253.0400 11252.1785  0.01%     -  107s
     0     0 11252.2482    0    4 11253.0400 11252.2482  0.01%     -  107s
     0     0     cutoff    0      11253.0400 11253.0400  0.00%     -  107s

Cutting planes:
  Gomory: 1
  Cover: 1
  StrongCG: 1

Explored 1 nodes (11902 simplex iterations) in 107.96 seconds (199.09 work units)
Thread count was 28 (of 28 available processors)

Solution count 6: 11253 11253 11254 ... 11256

Optimal solution found (tolerance 1.00e-09)
Best objective 1.125303999976e+04, best bound 1.125303999976e+04, gap 0.0000%
Set parameter Seed to value 0
Gurobi Optimizer version 13.0.1 build v13.0.1rc0 (linux64 - "CachyOS")

CPU model: Intel(R) Core(TM) i7-14700KF, instruction set [SSE2|AVX|AVX2]
Thread count: 28 physical cores, 28 logical processors, using up to 28 threads

Non-default parameters:
TimeLimit  200
IntFeasTol  1e-09
MIPGap  1e-09

Academic license 2669763 - for non-commercial use only - registered to bg___@id.uff.br
Optimize a model with 9377 rows, 7653711 columns and 43253522 nonzeros (Min)
Model fingerprint: 0x0ae3fb98
Model has 6327720 linear objective coefficients
Variable types: 0 continuous, 7653711 integer (7645330 binary)
Coefficient statistics:
  Matrix range     [1e-02, 3e+02]
  Objective range  [1e-02, 1e+02]
  Bounds range     [1e+00, 1e+00]
  RHS range        [1e+00, 1e+09]

Loaded MIP start from previous solve with objective 322.603

Presolve removed 52 rows and 20749 columns (presolve time = 5s)...
Presolve removed 5188 rows and 4799472 columns (presolve time = 10s)...
Presolve removed 5188 rows and 4799865 columns (presolve time = 15s)...
Presolve removed 5197 rows and 4799963 columns (presolve time = 20s)...
Presolve removed 5197 rows and 4799963 columns (presolve time = 26s)...
Presolve removed 5197 rows and 4799963 columns (presolve time = 32s)...
Presolve removed 5197 rows and 4799963 columns (presolve time = 36s)...
Presolve removed 5197 rows and 4799963 columns (presolve time = 43s)...
Presolve removed 5197 rows and 4799963 columns
Presolve time: 43.73s
Presolved: 4180 rows, 2853748 columns, 13753214 nonzeros
Variable types: 0 continuous, 2853748 integer (2850565 binary)
Deterministic concurrent LP optimizer: primal simplex, dual simplex, and barrier
Showing barrier log only...

Root barrier log...

Ordering time: 0.12s

Barrier statistics:
 AA' NZ     : 3.018e+06
 Factor NZ  : 7.902e+06 (roughly 1.2 GB of memory)
 Factor Ops : 2.044e+10 (less than 1 second per iteration)
 Threads    : 26

                  Objective                Residual
Iter       Primal          Dual         Primal    Dual     Compl     Time
   0   1.33842368e+10 -4.21288291e+07  6.31e+09 4.44e-16  5.89e+03    49s
   1   8.68712460e+09 -3.20100151e+07  4.10e+09 1.71e+00  3.83e+03    50s
   2   3.78569433e+09 -2.26828918e+07  1.79e+09 9.70e-01  1.72e+03    50s
   3   1.09205516e+09 -5.85424273e+06  5.18e+08 1.13e-13  5.05e+02    51s

Barrier performed 3 iterations in 50.62 seconds (133.11 work units)
Barrier solve interrupted - model solved by another algorithm

Concurrent spin time: 0.77s (can be avoided by choosing Method=3)

Solved with primal simplex

Root simplex log...

Iteration    Objective       Primal Inf.    Dual Inf.      Time
   13731    3.2243623e+02   0.000000e+00   0.000000e+00     51s

Root relaxation: objective 3.224362e+02, 13731 iterations, 5.72 seconds (8.70 work units)

    Nodes    |    Current Node    |     Objective Bounds      |     Work
 Expl Unexpl |  Obj  Depth IntInf | Incumbent    BestBd   Gap | It/Node Time

     0     0  322.43623    0   16  322.60330  322.43623  0.05%     -   51s
H    0     0                     322.5955694  322.43623  0.05%     -   52s
H    0     0                     322.5863556  322.43623  0.05%     -   52s
     0     0  322.44004    0   27  322.58636  322.44004  0.05%     -   57s
     0     0  322.44004    0    5  322.58636  322.44004  0.05%     -   58s
*    0     0               0     322.5842750  322.58427  0.00%     -   59s

Cutting planes:
  Gomory: 1
  Cover: 3
  MIR: 3
  StrongCG: 2
  Zero half: 3

Explored 1 nodes (14080 simplex iterations) in 59.25 seconds (142.19 work units)
Thread count was 28 (of 28 available processors)

Solution count 5: 322.584 322.586 322.586 ... 322.603

Optimal solution found (tolerance 1.00e-09)
Best objective 3.225842749933e+02, best bound 3.225842749933e+02, gap 0.0000%
pareto-map: box [11238.0400,11267.0400] (f2, f2<=322.7)  → new point f1=11253.0400 f2=322.584
Set parameter OutputFlag to value 1
Set parameter TimeLimit to value 200
Gurobi Optimizer version 13.0.1 build v13.0.1rc0 (linux64 - "CachyOS")

CPU model: Intel(R) Core(TM) i7-14700KF, instruction set [SSE2|AVX|AVX2]
Thread count: 28 physical cores, 28 logical processors, using up to 28 threads

Non-default parameters:
TimeLimit  200
IntFeasTol  1e-09
MIPGap  1e-09

Academic license 2669763 - for non-commercial use only - registered to bg___@id.uff.br
Optimize a model with 9376 rows, 7653711 columns and 36925802 nonzeros (Min)
Model fingerprint: 0x7d301f26
Model has 6327720 linear objective coefficients
Variable types: 0 continuous, 7653711 integer (7645330 binary)
Coefficient statistics:
  Matrix range     [1e-02, 3e+02]
  Objective range  [1e-02, 1e+02]
  Bounds range     [1e+00, 1e+00]
  RHS range        [1e+00, 1e+09]

Presolve removed 52 rows and 20758 columns (presolve time = 5s)...
Presolve removed 137 rows and 20929 columns (presolve time = 10s)...
Presolve removed 137 rows and 29835 columns (presolve time = 15s)...
Presolve removed 137 rows and 29835 columns (presolve time = 20s)...
Presolve removed 137 rows and 29835 columns (presolve time = 25s)...
Presolve removed 137 rows and 29835 columns (presolve time = 30s)...
Presolve removed 137 rows and 29835 columns
Presolve time: 31.64s
Presolved: 9239 rows, 7623876 columns, 30455992 nonzeros
Variable types: 0 continuous, 7623876 integer (7615633 binary)
Found heuristic solution: objective 361.9629500
Deterministic concurrent LP optimizer: primal simplex, dual simplex, and barrier
Showing barrier log only...

Root barrier log...

Ordering time: 0.51s

Barrier statistics:
 AA' NZ     : 8.221e+06
 Factor NZ  : 4.087e+07 (roughly 3.4 GB of memory)
 Factor Ops : 2.440e+11 (less than 1 second per iteration)
 Threads    : 26

                  Objective                Residual
Iter       Primal          Dual         Primal    Dual     Compl     Time
   0   9.97948299e+10 -4.82898952e+08  6.96e+10 0.00e+00  2.99e+04    60s
   1   5.37871103e+10 -3.59557963e+08  3.75e+10 1.81e+00  1.62e+04    62s
   2   3.68922677e+10 -3.05503254e+08  2.57e+10 8.72e-01  1.13e+04    64s
   3   5.27696214e+09 -1.10919838e+08  3.70e+09 1.19e-01  1.66e+03    67s
   4   2.21301442e+09 -5.90237488e+07  1.55e+09 4.19e-02  7.05e+02    69s
   5   5.91698995e+08 -4.63050328e+07  4.17e+08 2.41e-02  1.92e+02    71s

Barrier performed 5 iterations in 71.15 seconds (179.75 work units)
Barrier solve interrupted - model solved by another algorithm

Concurrent spin time: 2.52s (can be avoided by choosing Method=3)

Solved with primal simplex

Root simplex log...

Iteration    Objective       Primal Inf.    Dual Inf.      Time
   55785    1.1185491e+02   0.000000e+00   0.000000e+00     71s

Root relaxation: objective 1.118549e+02, 55785 iterations, 22.49 seconds (25.86 work units)

    Nodes    |    Current Node    |     Objective Bounds      |     Work
 Expl Unexpl |  Obj  Depth IntInf | Incumbent    BestBd   Gap | It/Node Time

     0     0  111.85491    0   10  361.96295  111.85491  69.1%     -   73s
H    0     0                     112.1045750  111.85491  0.22%     -   75s
H    0     0                     111.8757139  111.85491  0.02%     -   77s
H    0     0                     111.8718500  111.85491  0.02%     -   77s
H    0     0                     111.8709583  111.85491  0.01%     -   79s
H    0     0                     111.8697695  111.85491  0.01%     -   83s
H    0     0                     111.8685806  111.85491  0.01%     -   84s
     0     0  111.85491    0   70  111.86858  111.85491  0.01%     -   95s
     0     0  111.85491    0    2  111.86858  111.85491  0.01%     -  100s
     0     0  111.86626    0   32  111.86858  111.86626  0.00%     -  100s
     0     0  111.86663    0   31  111.86858  111.86663  0.00%     -  100s
     0     0  111.86663    0    4  111.86858  111.86663  0.00%     -  101s

Cutting planes:
  Gomory: 1
  MIR: 2
  Flow cover: 1
  GUB cover: 2
  RLT: 1

Explored 1 nodes (69881 simplex iterations) in 101.32 seconds (209.94 work units)
Thread count was 28 (of 28 available processors)

Solution count 10: 111.869 111.869 111.869 ... 111.876

Optimal solution found (tolerance 1.00e-09)
Best objective 1.118685805646e+02, best bound 1.118685805646e+02, gap 0.0000%
Set parameter Seed to value 0
Gurobi Optimizer version 13.0.1 build v13.0.1rc0 (linux64 - "CachyOS")

CPU model: Intel(R) Core(TM) i7-14700KF, instruction set [SSE2|AVX|AVX2]
Thread count: 28 physical cores, 28 logical processors, using up to 28 threads

Non-default parameters:
TimeLimit  200
IntFeasTol  1e-09
MIPGap  1e-09

Academic license 2669763 - for non-commercial use only - registered to bg___@id.uff.br
Optimize a model with 9377 rows, 7653711 columns and 43253522 nonzeros (Min)
Model fingerprint: 0x3fe52bc8
Model has 7645330 linear objective coefficients
Variable types: 0 continuous, 7653711 integer (7645330 binary)
Coefficient statistics:
  Matrix range     [1e-02, 3e+02]
  Objective range  [1e+00, 3e+02]
  Bounds range     [1e+00, 1e+00]
  RHS range        [1e+00, 1e+09]

Loaded MIP start from previous solve with objective 13421

Presolve removed 52 rows and 20960 columns (presolve time = 5s)...
Presolve removed 137 rows and 21045 columns (presolve time = 10s)...
Presolve removed 137 rows and 21813 columns (presolve time = 15s)...
Presolve removed 137 rows and 21813 columns (presolve time = 20s)...
Presolve removed 137 rows and 21813 columns (presolve time = 25s)...
Presolve removed 137 rows and 21813 columns (presolve time = 30s)...
Presolve removed 137 rows and 21813 columns (presolve time = 40s)...
Presolve removed 137 rows and 21813 columns (presolve time = 45s)...
Presolve removed 137 rows and 21813 columns
Presolve time: 46.77s
Presolved: 9240 rows, 7631898 columns, 36796238 nonzeros
Variable types: 0 continuous, 7631898 integer (7623655 binary)
Deterministic concurrent LP optimizer: primal simplex, dual simplex, and barrier
Showing barrier log only...

Root barrier log...

Ordering time: 0.50s

Barrier statistics:
 AA' NZ     : 8.228e+06
 Factor NZ  : 4.088e+07 (roughly 3.4 GB of memory)
 Factor Ops : 2.441e+11 (less than 1 second per iteration)
 Threads    : 26

                  Objective                Residual
Iter       Primal          Dual         Primal    Dual     Compl     Time
   0   1.26916187e+12 -1.64795976e+09  6.77e+10 0.00e+00  1.26e+05    63s
   1   6.21233816e+11 -1.06304435e+09  3.32e+10 3.83e+00  6.19e+04    65s
   2   1.34551322e+11 -3.11509149e+08  7.18e+09 2.76e-12  1.36e+04    68s

Barrier performed 2 iterations in 67.63 seconds (703.20 work units)
Barrier solve interrupted - model solved by another algorithm

Concurrent spin time: 4.10s (can be avoided by choosing Method=3)

Solved with dual simplex

Root simplex log...

Iteration    Objective       Primal Inf.    Dual Inf.      Time
   16002    1.3420819e+04   0.000000e+00   0.000000e+00     69s

Root relaxation: objective 1.342082e+04, 16002 iterations, 19.62 seconds (29.63 work units)

    Nodes    |    Current Node    |     Objective Bounds      |     Work
 Expl Unexpl |  Obj  Depth IntInf | Incumbent    BestBd   Gap | It/Node Time

     0     0 13420.8193    0   10 13421.0400 13420.8193  0.00%     -   70s
     0     0 13420.8316    0   59 13421.0400 13420.8316  0.00%     -   88s
     0     0 13420.8316    0    8 13421.0400 13420.8316  0.00%     -   93s
     0     0 13420.8316    0   22 13421.0400 13420.8316  0.00%     -   93s
     0     0 13420.8316    0   21 13421.0400 13420.8316  0.00%     -   93s
     0     0 13420.8316    0   27 13421.0400 13420.8316  0.00%     -   93s
     0     0 13420.8316    0   11 13421.0400 13420.8316  0.00%     -   93s
     0     0 13420.8316    0   19 13421.0400 13420.8316  0.00%     -   93s
     0     0 13420.8316    0   33 13421.0400 13420.8316  0.00%     -   93s
     0     0 13420.8316    0   33 13421.0400 13420.8316  0.00%     -   93s
     0     0 13420.8316    0   31 13421.0400 13420.8316  0.00%     -   93s
     0     0 13420.8316    0   36 13421.0400 13420.8316  0.00%     -   93s
     0     0 13420.8316    0   38 13421.0400 13420.8316  0.00%     -   93s
     0     0 13420.8316    0   38 13421.0400 13420.8316  0.00%     -   93s
     0     0 13420.8316    0   24 13421.0400 13420.8316  0.00%     -   93s
     0     2 13420.8316    0   24 13421.0400 13420.8316  0.00%     -   93s

Cutting planes:
  Cover: 16
  MIR: 3
  StrongCG: 2
  Inf proof: 2
  RLT: 1

Explored 411 nodes (30856 simplex iterations) in 94.07 seconds (728.95 work units)
Thread count was 28 (of 28 available processors)

Solution count 2: 13421 13421 

Optimal solution found (tolerance 1.00e-09)
Best objective 1.342103999976e+04, best bound 1.342103999976e+04, gap 0.0000%
pareto-map: box [13358.0400,13484.0400] (f1, f1<=13421)  → new point f1=13421.0400 f2=111.869
pareto-map: 26 points, 63 total solves, 3 unresolved, 22 box(es) still open
pareto-map: WARNING — search budget exhausted (63 solves, 3771.0s, 3 box(es) dropped as inconclusive); returning a PARTIAL map (26 points found, 22 gap(s) still open and unexplored). Every returned point is individually exact, but the map is incomplete.

map_pareto_frontier session DONE in 3771.0s -> 26 points (check the log above for 'gap(s) still open' to see if this is complete)
  f1=11151.0400 f2=361.963
  f1=11160.0400 f2=357.09
  f1=11168.0400 f2=352.96
  f1=11189.0400 f2=344.319
  f1=11213.0400 f2=335.493
  f1=11238.0400 f2=327.135
  f1=11253.0400 f2=322.584
  f1=11267.0400 f2=318.292
  f1=11298.0400 f2=309.628
  f1=11332.0400 f2=300.891
  f1=11367.0400 f2=292.47
  f1=11843.0400 f2=223.426
  f1=12853.0400 f2=148.508
  f1=12979.0400 f2=140.207
  f1=13105.0400 f2=131.982
  f1=13231.0400 f2=123.876
  f1=13294.0400 f2=119.849
  f1=13358.0400 f2=115.813
  f1=13421.0400 f2=111.869
  f1=13484.0400 f2=107.951
  f1=13547.0400 f2=104.06
  f1=13611.0400 f2=100.127
  f1=13737.0400 f2=92.4855
  f1=13800.0400 f2=88.6983
  f1=13864.0400 f2=84.9355
  f1=16577.0400 f2=0
